ISO-10303-21;
HEADER;
FILE_DESCRIPTION (( 'STEP AP203' ),
    '1' );
FILE_NAME ('dm-s2325-1ec_×ª×Ó.stp',
    '2025-12-10T02:53:11',
    ( '' ),
    ( '' ),
    'SwSTEP 2.0',
    'SolidWorks 2024',
    '' );
FILE_SCHEMA (( 'CONFIG_CONTROL_DESIGN' ));
ENDSEC;

DATA;
#1 = EDGE_LOOP ( 'NONE', ( #942, #7228 ) ) ;
#2 = CYLINDRICAL_SURFACE ( 'NONE', #5648, 1.000000000000000888 ) ;
#3 = CARTESIAN_POINT ( 'NONE',  ( -5.299667459592370733, 33.28616858117417365, 8.457496396200037125 ) ) ;
#4 = DIRECTION ( 'NONE',  ( 0.000000000000000000, 0.000000000000000000, 1.000000000000000000 ) ) ;
#5 = DIRECTION ( 'NONE',  ( 3.942553354492742249E-15, 0.000000000000000000, -1.000000000000000000 ) ) ;
#6 = PLANE ( 'NONE',  #7107 ) ;
#7 = DIRECTION ( 'NONE',  ( 0.000000000000000000, 1.000000000000000000, 0.000000000000000000 ) ) ;
#8 = AXIS2_PLACEMENT_3D ( 'NONE', #7021, #10252, #1415 ) ;
#9 = AXIS2_PLACEMENT_3D ( 'NONE', #2252, #5477, #8015 ) ;
#10 = EDGE_LOOP ( 'NONE', ( #7124, #7800, #9900, #7970 ) ) ;
#11 = PLANE ( 'NONE',  #7483 ) ;
#12 = EDGE_CURVE ( 'NONE', #4003, #3831, #6570, .T. ) ;
#13 = PLANE ( 'NONE',  #6482 ) ;
#14 = CARTESIAN_POINT ( 'NONE',  ( 0.9634279606257696305, 65.87336290869131972, 19.12563383308708964 ) ) ;
#15 = CARTESIAN_POINT ( 'NONE',  ( -6.499999897834149998, 41.23591604948001788, 9.730957050364331451 ) ) ;
#17 = DIRECTION ( 'NONE',  ( -0.000000000000000000, 1.000000000000000000, -0.000000000000000000 ) ) ;
#16 = VECTOR ( 'NONE', #3632, 1000.000000000000000 ) ;
#18 = DIRECTION ( 'NONE',  ( 0.000000000000000000, 1.000000000000000000, 0.000000000000000000 ) ) ;
#19 = ORIENTED_EDGE ( 'NONE', *, *, #4482, .T. ) ;
#20 = VECTOR ( 'NONE', #4056, 1000.000000000000000 ) ;
#21 = EDGE_CURVE ( 'NONE', #3985, #3739, #8930, .T. ) ;
#22 = CARTESIAN_POINT ( 'NONE',  ( 2.100000000000000089, 38.53591604948001503, 20.17070972699732678 ) ) ;
#23 = AXIS2_PLACEMENT_3D ( 'NONE', #4523, #3733, #2939 ) ;
#24 = CARTESIAN_POINT ( 'NONE',  ( 6.499999433794410031, 34.40748892473381915, 10.53381075208031703 ) ) ;
#25 = ORIENTED_EDGE ( 'NONE', *, *, #1121, .T. ) ;
#26 = AXIS2_PLACEMENT_3D ( 'NONE', #2657, #403, #6050 ) ;
#27 = ORIENTED_EDGE ( 'NONE', *, *, #7712, .T. ) ;
#28 = AXIS2_PLACEMENT_3D ( 'NONE', #1380, #7878, #3854 ) ;
#29 = EDGE_CURVE ( 'NONE', #7196, #1922, #9423, .T. ) ;
#30 = VERTEX_POINT ( 'NONE', #7817 ) ;
#31 = DIRECTION ( 'NONE',  ( 0.000000000000000000, 0.000000000000000000, 1.000000000000000000 ) ) ;
#32 = VECTOR ( 'NONE', #8865, 1000.000000000000000 ) ;
#33 = CARTESIAN_POINT ( 'NONE',  ( 1.078158506628609015, 63.83591604948001219, 8.426056820993313323 ) ) ;
#34 = ORIENTED_EDGE ( 'NONE', *, *, #1670, .T. ) ;
#35 = EDGE_CURVE ( 'NONE', #1966, #10435, #3802, .T. ) ;
#36 = VERTEX_POINT ( 'NONE', #1423 ) ;
#37 = AXIS2_PLACEMENT_3D ( 'NONE', #2998, #2203, #8671 ) ;
#38 = CARTESIAN_POINT ( 'NONE',  ( 6.418673928468390244, 66.63591604948001645, 10.75480459382050746 ) ) ;
#39 = EDGE_CURVE ( 'NONE', #349, #5674, #5374, .T. ) ;
#40 = EDGE_CURVE ( 'NONE', #3624, #4577, #1160, .T. ) ;
#41 = AXIS2_PLACEMENT_3D ( 'NONE', #210, #5633, #6641 ) ;
#42 = ORIENTED_EDGE ( 'NONE', *, *, #9688, .F. ) ;
#43 = CARTESIAN_POINT ( 'NONE',  ( 9.960045879941709757, 37.23591604948001077, 2.598185838624937016 ) ) ;
#44 = CARTESIAN_POINT ( 'NONE',  ( -6.549445795587620189, 80.83389579592666507, 0.5828236836698061918 ) ) ;
#45 = CARTESIAN_POINT ( 'NONE',  ( 0.000000000000000000, 63.13591604948001645, 9.729804593820427172 ) ) ;
#46 = VERTEX_POINT ( 'NONE', #637 ) ;
#47 = CARTESIAN_POINT ( 'NONE',  ( 1.008233917515684031, 37.23591604948001077, -2.227764739767854607 ) ) ;
#48 = EDGE_CURVE ( 'NONE', #7063, #3991, #8514, .T. ) ;
#49 = ORIENTED_EDGE ( 'NONE', *, *, #9959, .F. ) ;
#50 = ADVANCED_FACE ( 'NONE', ( #6241 ), #10350, .F. ) ;
#51 = LINE ( 'NONE', #3891, #5559 ) ;
#52 = CARTESIAN_POINT ( 'NONE',  ( -3.135322457671649854, 39.73591604948001077, 11.28536014937600207 ) ) ;
#53 = AXIS2_PLACEMENT_3D ( 'NONE', #3780, #7011, #568 ) ;
#54 = EDGE_LOOP ( 'NONE', ( #7433, #8968 ) ) ;
#55 = ORIENTED_EDGE ( 'NONE', *, *, #9830, .F. ) ;
#56 = DIRECTION ( 'NONE',  ( 0.000000000000000000, 0.000000000000000000, -1.000000000000000000 ) ) ;
#57 = CARTESIAN_POINT ( 'NONE',  ( 0.000000000000000000, 63.13591604948001645, 5.729804593820426284 ) ) ;
#58 = ORIENTED_EDGE ( 'NONE', *, *, #1071, .F. ) ;
#59 = CARTESIAN_POINT ( 'NONE',  ( -9.146980910150599442, 38.53591604948001503, 16.27925038940806601 ) ) ;
#60 = DIRECTION ( 'NONE',  ( 0.000000000000000000, 0.000000000000000000, 1.000000000000000000 ) ) ;
#61 = DIRECTION ( 'NONE',  ( 0.000000000000000000, 0.000000000000000000, 1.000000000000000000 ) ) ;
#62 = CARTESIAN_POINT ( 'NONE',  ( -0.1602207421005342469, 63.83591604948001219, 7.598061336812032884 ) ) ;
#63 = LINE ( 'NONE', #844, #9152 ) ;
#64 = CC_DESIGN_PERSON_AND_ORGANIZATION_ASSIGNMENT ( #7110, #10335, ( #8785 ) ) ;
#65 = CARTESIAN_POINT ( 'NONE',  ( -0.2595806794431566034, 63.83591604948001219, 7.586765193608700386 ) ) ;
#66 = ORIENTED_EDGE ( 'NONE', *, *, #1738, .F. ) ;
#67 = VECTOR ( 'NONE', #4491, 1000.000000000000000 ) ;
#68 = CARTESIAN_POINT ( 'NONE',  ( -0.3256685676981038724, 63.83591604948001219, 7.780540091874536657 ) ) ;
#69 = AXIS2_PLACEMENT_3D ( 'NONE', #6694, #8489, #2715 ) ;
#70 = DIRECTION ( 'NONE',  ( -0.000000000000000000, -1.000000000000000000, -0.000000000000000000 ) ) ;
#71 = CARTESIAN_POINT ( 'NONE',  ( 0.6132489154582800861, 67.73164035250268000, 0.3046698006936718883 ) ) ;
#72 = DIRECTION ( 'NONE',  ( 0.000000000000000000, -1.000000000000000000, 0.000000000000000000 ) ) ;
#73 = DIRECTION ( 'NONE',  ( 0.000000000000000000, -1.000000000000000000, 0.000000000000000000 ) ) ;
#74 = LINE ( 'NONE', #1744, #5845 ) ;
#75 = VERTEX_POINT ( 'NONE', #4536 ) ;
#76 = DIRECTION ( 'NONE',  ( 0.000000000000000000, -1.000000000000000000, 0.000000000000000000 ) ) ;
#77 = ADVANCED_FACE ( 'NONE', ( #10208 ), #3848, .F. ) ;
#78 = CARTESIAN_POINT ( 'NONE',  ( -2.269462866248204551E-14, 66.63591604948001645, 19.17480459382042568 ) ) ;
#79 = AXIS2_PLACEMENT_3D ( 'NONE', #7399, #904, #2631 ) ;
#80 = ORIENTED_EDGE ( 'NONE', *, *, #10110, .F. ) ;
#81 = VERTEX_POINT ( 'NONE', #2208 ) ;
#82 = AXIS2_PLACEMENT_3D ( 'NONE', #9434, #3959, #7191 ) ;
#83 = CARTESIAN_POINT ( 'NONE',  ( -12.00001374524274134, 37.23591604948001077, 8.727051346749735927 ) ) ;
#84 = ORIENTED_EDGE ( 'NONE', *, *, #3110, .F. ) ;
#85 = DIRECTION ( 'NONE',  ( 0.000000000000000000, 0.000000000000000000, 1.000000000000000000 ) ) ;
#86 = CARTESIAN_POINT ( 'NONE',  ( 0.000000000000000000, 34.93591604948000651, 9.729804593820427172 ) ) ;
#87 = ORIENTED_EDGE ( 'NONE', *, *, #9091, .F. ) ;
#88 = ORIENTED_EDGE ( 'NONE', *, *, #1888, .T. ) ;
#89 = EDGE_CURVE ( 'NONE', #3237, #10446, #7078, .T. ) ;
#90 = CARTESIAN_POINT ( 'NONE',  ( -1.198633929408829957, 66.63591604948001645, 19.09843852322923752 ) ) ;
#91 = ADVANCED_FACE ( 'NONE', ( #3745 ), #4488, .F. ) ;
#92 = VERTEX_POINT ( 'NONE', #2894 ) ;
#93 = CIRCLE ( 'NONE', #5987, 1.749999999999999778 ) ;
#94 = AXIS2_PLACEMENT_3D ( 'NONE', #1655, #5719, #10432 ) ;
#95 = DIRECTION ( 'NONE',  ( 0.000000000000000000, -1.000000000000000000, 0.000000000000000000 ) ) ;
#96 = CARTESIAN_POINT ( 'NONE',  ( 0.5999999999999999778, 57.53491604948001736, -4.470195406179566788 ) ) ;
#97 = CARTESIAN_POINT ( 'NONE',  ( -0.5999999999999999778, 57.53591604948001503, -4.470195406179566788 ) ) ;
#98 = EDGE_LOOP ( 'NONE', ( #10230, #9720, #4132, #8072 ) ) ;
#99 = CARTESIAN_POINT ( 'NONE',  ( 1.000000000000000000, 37.23724115402390566, -2.313116269000733638 ) ) ;
#100 = VERTEX_POINT ( 'NONE', #1477 ) ;
#101 = DIRECTION ( 'NONE',  ( 0.000000000000000000, 0.000000000000000000, 1.000000000000000000 ) ) ;
#102 = VECTOR ( 'NONE', #2518, 1000.000000000000000 ) ;
#103 = EDGE_CURVE ( 'NONE', #1990, #4096, #8207, .T. ) ;
#104 = CARTESIAN_POINT ( 'NONE',  ( 1.600000000000000533, 57.53491604948001736, -7.270195406179567499 ) ) ;
#105 = AXIS2_PLACEMENT_3D ( 'NONE', #9941, #1065, #4174 ) ;
#106 = ORIENTED_EDGE ( 'NONE', *, *, #4739, .T. ) ;
#107 = EDGE_CURVE ( 'NONE', #1658, #1990, #6493, .T. ) ;
#108 = EDGE_CURVE ( 'NONE', #5527, #6738, #2384, .T. ) ;
#109 = CARTESIAN_POINT ( 'NONE',  ( -9.440683856397702911, 65.39595103079430771, 9.408136535665407862 ) ) ;
#110 = ORIENTED_EDGE ( 'NONE', *, *, #560, .F. ) ;
#111 = DIRECTION ( 'NONE',  ( 0.000000000000000000, 1.000000000000000000, -0.000000000000000000 ) ) ;
#112 = CARTESIAN_POINT ( 'NONE',  ( 1.723387009752639737E-14, 39.73591604948001077, 8.729804593820521319 ) ) ;
#113 = AXIS2_PLACEMENT_3D ( 'NONE', #6107, #1188, #2076 ) ;
#114 = DIRECTION ( 'NONE',  ( 0.000000000000000000, 0.000000000000000000, 1.000000000000000000 ) ) ;
#115 = CARTESIAN_POINT ( 'NONE',  ( 1.000000000000061950, 39.73591604948001077, 9.729804593820439607 ) ) ;
#116 = CARTESIAN_POINT ( 'NONE',  ( 1.000000000000001110, 38.73517269221142101, 23.64672611854810569 ) ) ;
#117 = FACE_OUTER_BOUND ( 'NONE', #4623, .T. ) ;
#118 = DIRECTION ( 'NONE',  ( 0.000000000000000000, -1.000000000000000000, 0.000000000000000000 ) ) ;
#119 = AXIS2_PLACEMENT_3D ( 'NONE', #7299, #2426, #5550 ) ;
#120 = ORIENTED_EDGE ( 'NONE', *, *, #6805, .F. ) ;
#121 = CARTESIAN_POINT ( 'NONE',  ( 0.9999999999999009681, 39.23591604948001077, 23.69404463758936785 ) ) ;
#122 = CARTESIAN_POINT ( 'NONE',  ( 8.985467126085790568, 40.23591604948001077, 2.158551030107766167 ) ) ;
#123 = FACE_OUTER_BOUND ( 'NONE', #3523, .T. ) ;
#124 = CARTESIAN_POINT ( 'NONE',  ( -2.269462866248204551E-14, 66.63591604948001645, 19.17480459382042568 ) ) ;
#125 = AXIS2_PLACEMENT_3D ( 'NONE', #8092, #6403, #3721 ) ;
#126 = CARTESIAN_POINT ( 'NONE',  ( 2.449293598294705428E-16, 59.13591604948001645, 11.72980459382042717 ) ) ;
#127 = CARTESIAN_POINT ( 'NONE',  ( 0.000000000000000000, 34.73591604948001077, 9.729804593820427172 ) ) ;
#128 = VERTEX_POINT ( 'NONE', #5692 ) ;
#129 = VECTOR ( 'NONE', #1694, 1000.000000000000114 ) ;
#130 = PLANE ( 'NONE',  #7263 ) ;
#131 = LINE ( 'NONE', #3334, #4139 ) ;
#132 = ORIENTED_EDGE ( 'NONE', *, *, #2447, .F. ) ;
#133 = ORIENTED_EDGE ( 'NONE', *, *, #2083, .T. ) ;
#134 = LINE ( 'NONE', #5871, #8592 ) ;
#135 = ORIENTED_EDGE ( 'NONE', *, *, #9729, .F. ) ;
#136 = CARTESIAN_POINT ( 'NONE',  ( -12.08563196527182093, 37.23994810002849221, 8.729804593820313485 ) ) ;
#137 = ADVANCED_FACE ( 'NONE', ( #8932 ), #1500, .F. ) ;
#138 = DIRECTION ( 'NONE',  ( 0.000000000000000000, 0.000000000000000000, 1.000000000000000000 ) ) ;
#139 = VERTEX_POINT ( 'NONE', #164 ) ;
#140 = VERTEX_POINT ( 'NONE', #9574 ) ;
#141 = CARTESIAN_POINT ( 'NONE',  ( 6.675728040208309899, 39.73591604948001077, 1.639862991239054546 ) ) ;
#142 = ADVANCED_FACE ( 'NONE', ( #9773 ), #4742, .F. ) ;
#143 = CIRCLE ( 'NONE', #6721, 1.000000000000000000 ) ;
#144 = ORIENTED_EDGE ( 'NONE', *, *, #1499, .F. ) ;
#145 = DIRECTION ( 'NONE',  ( 0.000000000000000000, 1.000000000000000000, 0.000000000000000000 ) ) ;
#146 = DIRECTION ( 'NONE',  ( 0.1129614320333117844, 0.000000000000000000, -0.9935993734262231758 ) ) ;
#147 = EDGE_CURVE ( 'NONE', #10205, #2433, #2840, .T. ) ;
#148 = DIRECTION ( 'NONE',  ( 0.000000000000000000, 0.000000000000000000, -1.000000000000000000 ) ) ;
#149 = CARTESIAN_POINT ( 'NONE',  ( 5.897910580903100275, 39.73591604948001077, 0.8620455319338551359 ) ) ;
#150 = EDGE_LOOP ( 'NONE', ( #7982, #3505, #3443, #3467 ) ) ;
#151 = CIRCLE ( 'NONE', #6045, 14.00000000000000000 ) ;
#152 = VECTOR ( 'NONE', #10213, 1000.000000000000000 ) ;
#153 = DIRECTION ( 'NONE',  ( 0.000000000000000000, -1.000000000000000000, 0.000000000000000000 ) ) ;
#154 = EDGE_LOOP ( 'NONE', ( #6092, #7137, #1805, #4257 ) ) ;
#155 = CARTESIAN_POINT ( 'NONE',  ( 0.000000000000000000, 59.13591604948001645, 6.229804593820427172 ) ) ;
#156 = VECTOR ( 'NONE', #5231, 1000.000000000000000 ) ;
#157 = ADVANCED_FACE ( 'NONE', ( #8131 ), #2362, .F. ) ;
#158 = CARTESIAN_POINT ( 'NONE',  ( -2.799999999999999378, 57.53591604948001503, -7.270195406179567499 ) ) ;
#159 = AXIS2_PLACEMENT_3D ( 'NONE', #4581, #7117, #3789 ) ;
#160 = EDGE_CURVE ( 'NONE', #1136, #327, #836, .T. ) ;
#161 = ORIENTED_EDGE ( 'NONE', *, *, #4836, .F. ) ;
#162 = ORIENTED_EDGE ( 'NONE', *, *, #5039, .T. ) ;
#163 = VECTOR ( 'NONE', #2312, 1000.000000000000000 ) ;
#164 = CARTESIAN_POINT ( 'NONE',  ( 4.898587196589412829E-16, 63.03591604948001503, 13.72980459382042717 ) ) ;
#165 = EDGE_CURVE ( 'NONE', #1161, #7528, #4790, .T. ) ;
#166 = EDGE_LOOP ( 'NONE', ( #2564, #3675, #6317, #7484, #3934, #1751, #917, #10282, #7874, #1769, #9192, #1871, #7682, #7398, #2016, #2928, #4837, #974, #7201, #9035, #2862 ) ) ;
#167 = CARTESIAN_POINT ( 'NONE',  ( 0.000000000000000000, 59.23591604948001077, 9.729804593820427172 ) ) ;
#168 = CARTESIAN_POINT ( 'NONE',  ( -4.000000000000000000, 57.53591604948001503, -4.412331029910525615 ) ) ;
#169 = CARTESIAN_POINT ( 'NONE',  ( -2.100000000000100009, 38.53591604948001503, 20.17070972699732678 ) ) ;
#170 = CARTESIAN_POINT ( 'NONE',  ( 8.089941602581422586, 39.73591604948001077, 3.054076553612130152 ) ) ;
#171 = EDGE_CURVE ( 'NONE', #6960, #1125, #1576, .T. ) ;
#172 = DIRECTION ( 'NONE',  ( 0.7071067811865574537, 0.000000000000000000, -0.7071067811865374697 ) ) ;
#173 = CARTESIAN_POINT ( 'NONE',  ( -3.399999999999999467, 59.14591604948001446, -7.770195406179568387 ) ) ;
#174 = EDGE_CURVE ( 'NONE', #9570, #5928, #5850, .T. ) ;
#175 = ORIENTED_EDGE ( 'NONE', *, *, #5703, .F. ) ;
#176 = CARTESIAN_POINT ( 'NONE',  ( 7.131618755195529680, 38.53591604948001503, -0.2302412861212629336 ) ) ;
#177 = CARTESIAN_POINT ( 'NONE',  ( -6.499999897834149998, 37.46091604948001219, 9.730957050364331451 ) ) ;
#178 = DIRECTION ( 'NONE',  ( -0.000000000000000000, 1.000000000000000000, -0.000000000000000000 ) ) ;
#179 = DIRECTION ( 'NONE',  ( 0.000000000000000000, 1.000000000000000000, 0.000000000000000000 ) ) ;
#180 = CARTESIAN_POINT ( 'NONE',  ( 0.000000000000000000, 34.73591604948001077, 9.729804593820427172 ) ) ;
#181 = DIRECTION ( 'NONE',  ( 0.000000000000000000, -1.000000000000000000, 0.000000000000000000 ) ) ;
#182 = ORIENTED_EDGE ( 'NONE', *, *, #1048, .T. ) ;
#183 = DIRECTION ( 'NONE',  ( -0.000000000000000000, -1.000000000000000000, -0.000000000000000000 ) ) ;
#184 = AXIS2_PLACEMENT_3D ( 'NONE', #724, #9714, #1569 ) ;
#185 = DIRECTION ( 'NONE',  ( -0.000000000000000000, -1.000000000000000000, -0.000000000000000000 ) ) ;
#186 = EDGE_LOOP ( 'NONE', ( #9909, #1578 ) ) ;
#187 = ORIENTED_EDGE ( 'NONE', *, *, #8632, .F. ) ;
#188 = TOROIDAL_SURFACE ( 'NONE', #511, 12.00000000000000000, 2.000000000000000000 ) ;
#189 = DIRECTION ( 'NONE',  ( 0.9935993734262231758, 0.000000000000000000, 0.1129614320333118260 ) ) ;
#190 = CIRCLE ( 'NONE', #1524, 4.000000000000000000 ) ;
#191 = EDGE_LOOP ( 'NONE', ( #913, #1150, #7827, #7995, #1421, #8114 ) ) ;
#192 = DIRECTION ( 'NONE',  ( 0.7071067811865464625, 0.000000000000000000, 0.7071067811865485719 ) ) ;
#193 = CARTESIAN_POINT ( 'NONE',  ( 0.000000000000000000, 61.63591604948001645, 9.729804593820427172 ) ) ;
#194 = EDGE_LOOP ( 'NONE', ( #1525, #9546, #8649, #8278 ) ) ;
#195 = ORIENTED_EDGE ( 'NONE', *, *, #6471, .T. ) ;
#196 = FACE_BOUND ( 'NONE', #264, .T. ) ;
#197 = VECTOR ( 'NONE', #5419, 1000.000000000000000 ) ;
#198 = ORIENTED_CLOSED_SHELL ( 'NONE', *, #10277, .F. );
#199 = VECTOR ( 'NONE', #5257, 1000.000000000000000 ) ;
#200 = ORIENTED_EDGE ( 'NONE', *, *, #5773, .F. ) ;
#201 = CARTESIAN_POINT ( 'NONE',  ( -1.555555555555554248, 39.73591604948001077, 6.594482136148767992 ) ) ;
#202 = DIRECTION ( 'NONE',  ( 7.993605777301130246E-15, 0.000000000000000000, -1.000000000000000000 ) ) ;
#203 = LINE ( 'NONE', #7423, #4768 ) ;
#204 = CIRCLE ( 'NONE', #3396, 3.499999999999999556 ) ;
#205 = DIRECTION ( 'NONE',  ( 0.1129614320333117844, 0.000000000000000000, -0.9935993734262231758 ) ) ;
#206 = VERTEX_POINT ( 'NONE', #3468 ) ;
#207 = CARTESIAN_POINT ( 'NONE',  ( 0.9999999999999241718, 37.23724115402391988, 21.77272545664160575 ) ) ;
#208 = EDGE_LOOP ( 'NONE', ( #9072, #7713 ) ) ;
#209 = CARTESIAN_POINT ( 'NONE',  ( 1.016439536705160407E-17, 56.83591604948001930, 9.729804593820425396 ) ) ;
#210 = CARTESIAN_POINT ( 'NONE',  ( 8.383203968001071260, 38.53591604948001503, 7.729804593820426284 ) ) ;
#211 = ADVANCED_FACE ( 'NONE', ( #6808 ), #9823, .F. ) ;
#212 = AXIS2_PLACEMENT_3D ( 'NONE', #8925, #8070, #1724 ) ;
#213 = ORIENTED_EDGE ( 'NONE', *, *, #4063, .T. ) ;
#214 = ORIENTED_EDGE ( 'NONE', *, *, #1193, .T. ) ;
#215 = DIRECTION ( 'NONE',  ( -0.000000000000000000, -1.000000000000000000, -0.000000000000000000 ) ) ;
#216 = ORIENTED_EDGE ( 'NONE', *, *, #3361, .T. ) ;
#217 = DIRECTION ( 'NONE',  ( -0.9935993734262231758, 0.000000000000000000, -0.1129614320333118260 ) ) ;
#218 = CARTESIAN_POINT ( 'NONE',  ( 4.000000000000000000, 59.13591604948001645, -4.412331029910525615 ) ) ;
#219 = CARTESIAN_POINT ( 'NONE',  ( -4.611320862630050144, 39.73591604948001077, 11.72980459382042717 ) ) ;
#220 = FACE_OUTER_BOUND ( 'NONE', #6735, .T. ) ;
#221 = AXIS2_PLACEMENT_3D ( 'NONE', #9188, #6748, #6854 ) ;
#222 = DIRECTION ( 'NONE',  ( 0.000000000000000000, 0.000000000000000000, -1.000000000000000000 ) ) ;
#223 = ADVANCED_FACE ( 'NONE', ( #5206 ), #5002, .F. ) ;
#224 = ORIENTED_EDGE ( 'NONE', *, *, #1821, .T. ) ;
#225 = FACE_OUTER_BOUND ( 'NONE', #8952, .T. ) ;
#226 = B_SPLINE_CURVE_WITH_KNOTS ( 'NONE', 3,
 ( #7552, #3582, #9987, #957, #2626, #1105, #2787, #5107, #9042, #6816, #5960, #8249 ),
 .UNSPECIFIED., .F., .F.,
 ( 4, 2, 2, 2, 2, 4 ),
 ( 0.000000000000000000, 0.2499999999999968914, 0.4999999999999937828, 0.6249999999999953371, 0.7499999999999968914, 1.000000000000000000 ),
 .UNSPECIFIED. ) ;
#227 = ORIENTED_EDGE ( 'NONE', *, *, #5582, .T. ) ;
#228 = EDGE_CURVE ( 'NONE', #5462, #7676, #7487, .T. ) ;
#229 = DIRECTION ( 'NONE',  ( 0.000000000000000000, -1.000000000000000000, 0.000000000000000000 ) ) ;
#230 = CARTESIAN_POINT ( 'NONE',  ( 1.170453932613708892, 66.31505256371316648, 19.10218568816801010 ) ) ;
#231 = CARTESIAN_POINT ( 'NONE',  ( -9.445000000000000284, 66.63591604948001645, 9.729804593820372105 ) ) ;
#232 = CARTESIAN_POINT ( 'NONE',  ( 0.000000000000000000, 34.93591604948000651, 9.729804593820427172 ) ) ;
#233 = CARTESIAN_POINT ( 'NONE',  ( 7.960204194457789560E-16, 44.75113973862977446, 3.229804593820427172 ) ) ;
#234 = EDGE_CURVE ( 'NONE', #8109, #4251, #1537, .T. ) ;
#235 = CARTESIAN_POINT ( 'NONE',  ( 9.386856646130999238, 66.01058022135558190, 10.77705120359405555 ) ) ;
#236 = EDGE_CURVE ( 'NONE', #46, #5627, #5155, .T. ) ;
#237 = CARTESIAN_POINT ( 'NONE',  ( -0.2670436658658783546, 67.63477676375343606, 16.22553155246671963 ) ) ;
#238 = VECTOR ( 'NONE', #4777, 1000.000000000000000 ) ;
#239 = EDGE_CURVE ( 'NONE', #9616, #1615, #1699, .T. ) ;
#240 = DIRECTION ( 'NONE',  ( -0.1129614320333118399, 0.000000000000000000, 0.9935993734262232868 ) ) ;
#241 = ORIENTED_EDGE ( 'NONE', *, *, #9578, .T. ) ;
#242 = CARTESIAN_POINT ( 'NONE',  ( 0.5999999999999999778, 57.53491604948001736, -7.270195406179567499 ) ) ;
#243 = AXIS2_PLACEMENT_3D ( 'NONE', #8517, #2051, #9104 ) ;
#244 = CARTESIAN_POINT ( 'NONE',  ( -0.2229493721031009512, 63.83591604948001219, 8.149817155984505845 ) ) ;
#245 = ORIENTED_EDGE ( 'NONE', *, *, #6679, .F. ) ;
#246 = EDGE_LOOP ( 'NONE', ( #5262, #9141, #7188, #10064 ) ) ;
#247 = AXIS2_PLACEMENT_3D ( 'NONE', #4957, #2481, #4062 ) ;
#248 = LINE ( 'NONE', #9906, #6170 ) ;
#249 = CIRCLE ( 'NONE', #6830, 1.600000000000000755 ) ;
#250 = ORIENTED_EDGE ( 'NONE', *, *, #6036, .T. ) ;
#252 = VECTOR ( 'NONE', #2663, 1000.000000000000000 ) ;
#251 = DIRECTION ( 'NONE',  ( 0.000000000000000000, 0.000000000000000000, -1.000000000000000000 ) ) ;
#253 = EDGE_LOOP ( 'NONE', ( #6596, #1729, #3240, #7450 ) ) ;
#254 = CARTESIAN_POINT ( 'NONE',  ( -8.654635303044880601, 37.69137366613411899, 19.79865345923823838 ) ) ;
#255 = FACE_OUTER_BOUND ( 'NONE', #717, .T. ) ;
#256 = AXIS2_PLACEMENT_3D ( 'NONE', #8085, #7345, #1638 ) ;
#257 = DIRECTION ( 'NONE',  ( 0.000000000000000000, -1.000000000000000000, 0.000000000000000000 ) ) ;
#258 = EDGE_LOOP ( 'NONE', ( #3308, #6161, #4641, #3667 ) ) ;
#259 = AXIS2_PLACEMENT_3D ( 'NONE', #2482, #8947, #4910 ) ;
#260 = FACE_OUTER_BOUND ( 'NONE', #6047, .T. ) ;
#261 = ORIENTED_EDGE ( 'NONE', *, *, #1513, .T. ) ;
#262 = PLANE ( 'NONE',  #8963 ) ;
#263 = CARTESIAN_POINT ( 'NONE',  ( -11.09904976402516041, 80.83389579592666507, 11.56653928769787143 ) ) ;
#264 = EDGE_LOOP ( 'NONE', ( #4045, #2755 ) ) ;
#265 = VERTEX_POINT ( 'NONE', #8399 ) ;
#266 = CARTESIAN_POINT ( 'NONE',  ( 1.024927112873926793, 66.49988098957283000, 3.311119025984600839 ) ) ;
#267 = ORIENTED_EDGE ( 'NONE', *, *, #8745, .F. ) ;
#268 = DIRECTION ( 'NONE',  ( 0.000000000000000000, 0.000000000000000000, -1.000000000000000000 ) ) ;
#269 = CARTESIAN_POINT ( 'NONE',  ( 0.000000000000000000, 59.13591604948001645, 8.129804593820425751 ) ) ;
#270 = VECTOR ( 'NONE', #4745, 1000.000000000000000 ) ;
#271 = EDGE_CURVE ( 'NONE', #9197, #4816, #6093, .T. ) ;
#272 = LINE ( 'NONE', #1785, #5567 ) ;
#273 = CARTESIAN_POINT ( 'NONE',  ( 1.016339595089189919E-12, 67.66091604948893234, 3.229804593819016745 ) ) ;
#274 = VECTOR ( 'NONE', #7417, 1000.000000000000000 ) ;
#275 = VECTOR ( 'NONE', #9928, 1000.000000000000000 ) ;
#276 = CARTESIAN_POINT ( 'NONE',  ( 0.000000000000000000, 59.23591604948001788, 9.729804593820427172 ) ) ;
#277 = EDGE_LOOP ( 'NONE', ( #565, #6119, #1364, #3006, #7010, #5793 ) ) ;
#278 = ADVANCED_FACE ( 'NONE', ( #1100 ), #1151, .T. ) ;
#279 = VECTOR ( 'NONE', #3379, 1000.000000000000000 ) ;
#280 = DIRECTION ( 'NONE',  ( 0.000000000000000000, 1.000000000000000000, 0.000000000000000000 ) ) ;
#281 = ORIENTED_EDGE ( 'NONE', *, *, #3233, .T. ) ;
#282 = DIRECTION ( 'NONE',  ( 0.000000000000000000, 0.000000000000000000, -1.000000000000000000 ) ) ;
#283 = CARTESIAN_POINT ( 'NONE',  ( -11.09904976402516041, 38.53591604948001503, 11.56653928769787143 ) ) ;
#284 = CARTESIAN_POINT ( 'NONE',  ( 6.993179104988169748, 39.73591604948001077, 18.69947960219414540 ) ) ;
#285 = EDGE_CURVE ( 'NONE', #1475, #313, #7646, .T. ) ;
#286 = LINE ( 'NONE', #7353, #8681 ) ;
#287 = DIRECTION ( 'NONE',  ( -0.000000000000000000, -1.000000000000000000, -0.000000000000000000 ) ) ;
#288 = VECTOR ( 'NONE', #3136, 1000.000000000000000 ) ;
#289 = CARTESIAN_POINT ( 'NONE',  ( 4.031128874149265684, 39.73591604948001077, 8.729804593820427172 ) ) ;
#290 = ADVANCED_FACE ( 'NONE', ( #8242 ), #4226, .F. ) ;
#291 = ORIENTED_EDGE ( 'NONE', *, *, #3756, .F. ) ;
#292 = CARTESIAN_POINT ( 'NONE',  ( -2.100000000000000089, 39.73591604948001077, 20.17070972699732678 ) ) ;
#293 = CARTESIAN_POINT ( 'NONE',  ( 0.000000000000000000, 59.13591604948001645, 9.729804593820427172 ) ) ;
#294 = VERTEX_POINT ( 'NONE', #7546 ) ;
#295 = VECTOR ( 'NONE', #2061, 1000.000000000000000 ) ;
#296 = CARTESIAN_POINT ( 'NONE',  ( 0.2675580240830505163, 65.63718475585714884, 16.22551088512523165 ) ) ;
#297 = EDGE_CURVE ( 'NONE', #6177, #9408, #2726, .T. ) ;
#298 = CARTESIAN_POINT ( 'NONE',  ( 6.470258652508183772, 67.45688608967047628, 10.35839127981056507 ) ) ;
#299 = EDGE_LOOP ( 'NONE', ( #10066, #3231, #7759, #6285 ) ) ;
#300 = EDGE_LOOP ( 'NONE', ( #7798, #7852, #5154, #9087 ) ) ;
#301 = CARTESIAN_POINT ( 'NONE',  ( 0.000000000000000000, 38.53591604948001503, 9.729804593820427172 ) ) ;
#302 = EDGE_CURVE ( 'NONE', #1676, #1505, #9808, .T. ) ;
#303 = VERTEX_POINT ( 'NONE', #6753 ) ;
#304 = EDGE_CURVE ( 'NONE', #2828, #999, #6164, .T. ) ;
#305 = DIRECTION ( 'NONE',  ( -0.000000000000000000, -0.000000000000000000, -1.000000000000000000 ) ) ;
#306 = ORIENTED_EDGE ( 'NONE', *, *, #5562, .T. ) ;
#307 = CARTESIAN_POINT ( 'NONE',  ( -6.499999897834149998, 37.46091604948001219, 10.53095705036432150 ) ) ;
#308 = CARTESIAN_POINT ( 'NONE',  ( 2.449999999999999734, 59.14591604948001446, -4.470195406179568565 ) ) ;
#309 = DIRECTION ( 'NONE',  ( 0.000000000000000000, -1.000000000000000000, 0.000000000000000000 ) ) ;
#310 = DIRECTION ( 'NONE',  ( 0.000000000000000000, 0.000000000000000000, 1.000000000000000000 ) ) ;
#311 = EDGE_LOOP ( 'NONE', ( #6756, #1918, #10083, #2363 ) ) ;
#312 = CARTESIAN_POINT ( 'NONE',  ( -6.549445795587610419, 38.53591604948001503, 0.5828236836698166279 ) ) ;
#313 = VERTEX_POINT ( 'NONE', #2779 ) ;
#314 = CARTESIAN_POINT ( 'NONE',  ( -0.9999999999999940048, 39.73591604948001077, 13.76093346796972128 ) ) ;
#315 = VERTEX_POINT ( 'NONE', #6009 ) ;
#316 = ORIENTED_EDGE ( 'NONE', *, *, #5190, .F. ) ;
#317 = DIRECTION ( 'NONE',  ( 0.000000000000000000, 1.000000000000000000, 0.000000000000000000 ) ) ;
#318 = ORIENTED_EDGE ( 'NONE', *, *, #1901, .F. ) ;
#319 = CARTESIAN_POINT ( 'NONE',  ( -1.000000000000000000, 37.54475081683070670, -3.307403644569821832 ) ) ;
#320 = CARTESIAN_POINT ( 'NONE',  ( 1.198633929408829957, 66.63591604948001645, 0.3611706644116169374 ) ) ;
#321 = CIRCLE ( 'NONE', #8586, 1.000000000000000888 ) ;
#322 = CARTESIAN_POINT ( 'NONE',  ( 6.499999433794410031, 37.23591604948001077, 8.708810752080317741 ) ) ;
#323 = DIRECTION ( 'NONE',  ( 0.000000000000000000, 1.000000000000000000, 0.000000000000000000 ) ) ;
#324 = DIRECTION ( 'NONE',  ( 0.000000000000000000, 0.000000000000000000, 1.000000000000000000 ) ) ;
#325 = CIRCLE ( 'NONE', #649, 1.500000000000001332 ) ;
#326 = AXIS2_PLACEMENT_3D ( 'NONE', #3155, #5589, #6548 ) ;
#327 = VERTEX_POINT ( 'NONE', #9252 ) ;
#328 = EDGE_CURVE ( 'NONE', #6377, #3906, #526, .T. ) ;
#329 = CARTESIAN_POINT ( 'NONE',  ( 12.08563196527182093, 37.23994810002849221, 8.729804593820464476 ) ) ;
#330 = VERTEX_POINT ( 'NONE', #6062 ) ;
#331 = CARTESIAN_POINT ( 'NONE',  ( 0.000000000000000000, 63.03591604948001503, 9.729804593820427172 ) ) ;
#332 = CARTESIAN_POINT ( 'NONE',  ( 2.025689090279039975E-15, 65.36091604948001077, 19.17480459382042568 ) ) ;
#333 = DIRECTION ( 'NONE',  ( 0.000000000000000000, 0.000000000000000000, 1.000000000000000000 ) ) ;
#334 = CARTESIAN_POINT ( 'NONE',  ( 1.397593656271229889, 38.53591604948001503, 21.01724698447014816 ) ) ;
#335 = DIRECTION ( 'NONE',  ( -0.000000000000000000, 1.000000000000000000, -0.000000000000000000 ) ) ;
#336 = DIRECTION ( 'NONE',  ( 0.000000000000000000, 0.000000000000000000, 1.000000000000000000 ) ) ;
#337 = CARTESIAN_POINT ( 'NONE',  ( -1.025000000000016120, 66.63591604948001645, 16.14847852228882630 ) ) ;
#338 = VERTEX_POINT ( 'NONE', #2883 ) ;
#339 = EDGE_CURVE ( 'NONE', #7579, #10006, #2703, .T. ) ;
#340 = FACE_OUTER_BOUND ( 'NONE', #5763, .T. ) ;
#341 = CYLINDRICAL_SURFACE ( 'NONE', #3098, 4.000000000000000000 ) ;
#342 = CARTESIAN_POINT ( 'NONE',  ( 6.480580086135332429, 65.74082132375656329, 9.212249816610791342 ) ) ;
#343 = PERSON_AND_ORGANIZATION ( #1306, #8001 ) ;
#344 = CARTESIAN_POINT ( 'NONE',  ( 4.898587196589412829E-16, 63.13591604948001645, 13.72980459382042717 ) ) ;
#345 = VERTEX_POINT ( 'NONE', #6175 ) ;
#346 = VECTOR ( 'NONE', #10357, 1000.000000000000000 ) ;
#347 = ORIENTED_EDGE ( 'NONE', *, *, #2970, .T. ) ;
#348 = DIRECTION ( 'NONE',  ( 0.000000000000000000, -1.000000000000000000, 0.000000000000000000 ) ) ;
#349 = VERTEX_POINT ( 'NONE', #517 ) ;
#350 = ADVANCED_FACE ( 'NONE', ( #4681 ), #2990, .F. ) ;
#351 = CIRCLE ( 'NONE', #1352, 1.000000000000000888 ) ;
#352 = CARTESIAN_POINT ( 'NONE',  ( 12.08563196527180139, 39.73591604948001077, 10.72980459382046448 ) ) ;
#353 = ORIENTED_EDGE ( 'NONE', *, *, #3323, .T. ) ;
#354 = DIRECTION ( 'NONE',  ( -1.892425610156516343E-14, 0.000000000000000000, 1.000000000000000000 ) ) ;
#355 = ADVANCED_FACE ( 'NONE', ( #6277 ), #3038, .F. ) ;
#356 = FACE_OUTER_BOUND ( 'NONE', #2210, .T. ) ;
#357 = DIRECTION ( 'NONE',  ( 0.000000000000000000, 0.000000000000000000, -1.000000000000000000 ) ) ;
#358 = ORIENTED_EDGE ( 'NONE', *, *, #1566, .T. ) ;
#359 = FACE_BOUND ( 'NONE', #10021, .T. ) ;
#360 = ORIENTED_EDGE ( 'NONE', *, *, #4482, .F. ) ;
#361 = CONICAL_SURFACE ( 'NONE', #2198, 1.600000000000000755, 0.7853981633974461696 ) ;
#362 = ADVANCED_FACE ( 'NONE', ( #7807 ), #10136, .F. ) ;
#363 = CARTESIAN_POINT ( 'NONE',  ( -3.399999999999999467, 59.14591604948001446, -4.470195406179568565 ) ) ;
#364 = DIRECTION ( 'NONE',  ( 0.000000000000000000, -1.000000000000000000, 0.000000000000000000 ) ) ;
#365 = EDGE_CURVE ( 'NONE', #4035, #7528, #3385, .T. ) ;
#366 = ORIENTED_EDGE ( 'NONE', *, *, #2468, .T. ) ;
#367 = CONICAL_SURFACE ( 'NONE', #1703, 0.7999999999999986011, 1.029744258676657198 ) ;
#368 = ORIENTED_EDGE ( 'NONE', *, *, #6176, .F. ) ;
#369 = AXIS2_PLACEMENT_3D ( 'NONE', #5538, #4110, #8783 ) ;
#370 = CARTESIAN_POINT ( 'NONE',  ( 7.960204202785249823E-16, 65.61091604948001077, 3.229804593820427172 ) ) ;
#371 = EDGE_CURVE ( 'NONE', #8774, #9974, #1464, .T. ) ;
#372 = EDGE_LOOP ( 'NONE', ( #1778, #4780, #6905, #458 ) ) ;
#373 = CARTESIAN_POINT ( 'NONE',  ( -0.9999999999999997780, 38.73517269221156312, -4.187116930907619938 ) ) ;
#374 = CARTESIAN_POINT ( 'NONE',  ( 1.083264125982963177, 66.08469837664549118, 0.3470860817496738138 ) ) ;
#375 = CIRCLE ( 'NONE', #5922, 11.25000000000000178 ) ;
#376 = CARTESIAN_POINT ( 'NONE',  ( -2.799999999999999378, 57.53491604948001736, -4.470195406179566788 ) ) ;
#377 = ORIENTED_EDGE ( 'NONE', *, *, #453, .T. ) ;
#378 = CARTESIAN_POINT ( 'NONE',  ( 1.016339595089189919E-12, 67.66091604948893234, 3.229804593819016745 ) ) ;
#379 = CARTESIAN_POINT ( 'NONE',  ( -0.9999999999999986677, 38.05709085949150250, 23.31394104795147015 ) ) ;
#380 = ORIENTED_EDGE ( 'NONE', *, *, #8827, .F. ) ;
#381 = CARTESIAN_POINT ( 'NONE',  ( -10.44090513317689961, 36.84381467316708836, 8.729804593820327696 ) ) ;
#382 = ORIENTED_EDGE ( 'NONE', *, *, #2594, .F. ) ;
#383 = CARTESIAN_POINT ( 'NONE',  ( -9.146980910150588784, 80.83389579592666507, 16.27925038940806601 ) ) ;
#384 = AXIS2_PLACEMENT_3D ( 'NONE', #1570, #10345, #726 ) ;
#385 = CARTESIAN_POINT ( 'NONE',  ( 8.867759061886591354, 43.73591604948001077, 3.831894012917366421 ) ) ;
#386 = DIRECTION ( 'NONE',  ( 0.000000000000000000, 0.000000000000000000, -1.000000000000000000 ) ) ;
#387 = DIRECTION ( 'NONE',  ( -1.000000000000000000, 0.000000000000000000, 0.000000000000000000 ) ) ;
#388 = DIRECTION ( 'NONE',  ( 0.000000000000000000, 0.000000000000000000, -1.000000000000000000 ) ) ;
#389 = EDGE_CURVE ( 'NONE', #6494, #3991, #3720, .T. ) ;
#390 = DIRECTION ( 'NONE',  ( 0.000000000000000000, 1.000000000000000000, 0.000000000000000000 ) ) ;
#391 = DIRECTION ( 'NONE',  ( 0.000000000000000000, 0.000000000000000000, -1.000000000000000000 ) ) ;
#392 = ORIENTED_EDGE ( 'NONE', *, *, #862, .T. ) ;
#393 = PLANE ( 'NONE',  #6150 ) ;
#394 = CARTESIAN_POINT ( 'NONE',  ( -1.449999999999999512, 59.14591604948001446, -7.770195406179568387 ) ) ;
#395 = CARTESIAN_POINT ( 'NONE',  ( 0.000000000000000000, 38.53591604948001503, 9.729804593820427172 ) ) ;
#396 = DIRECTION ( 'NONE',  ( -0.000000000000000000, -1.000000000000000000, -0.000000000000000000 ) ) ;
#397 = EDGE_LOOP ( 'NONE', ( #10321, #1631 ) ) ;
#398 = EDGE_CURVE ( 'NONE', #8622, #5408, #8715, .T. ) ;
#399 = ORIENTED_EDGE ( 'NONE', *, *, #2723, .T. ) ;
#400 = LINE ( 'NONE', #3606, #933 ) ;
#401 = ORIENTED_EDGE ( 'NONE', *, *, #5807, .T. ) ;
#402 = ORIENTED_EDGE ( 'NONE', *, *, #7047, .T. ) ;
#403 = DIRECTION ( 'NONE',  ( 0.000000000000000000, 1.000000000000000000, 0.000000000000000000 ) ) ;
#404 = CARTESIAN_POINT ( 'NONE',  ( -0.9153194146662350095, 67.46258313081085589, 0.3291014127631654573 ) ) ;
#405 = CARTESIAN_POINT ( 'NONE',  ( 4.666666666666655416, 59.13591604948001645, -3.469521988328467366 ) ) ;
#406 = ORIENTED_EDGE ( 'NONE', *, *, #7381, .T. ) ;
#407 = AXIS2_PLACEMENT_3D ( 'NONE', #9991, #2738, #8354 ) ;
#408 = EDGE_CURVE ( 'NONE', #10331, #5861, #2127, .T. ) ;
#409 = FACE_OUTER_BOUND ( 'NONE', #9037, .T. ) ;
#410 = ORIENTED_EDGE ( 'NONE', *, *, #5084, .F. ) ;
#411 = LINE ( 'NONE', #8550, #3226 ) ;
#412 = EDGE_CURVE ( 'NONE', #8129, #9920, #9301, .T. ) ;
#413 = VERTEX_POINT ( 'NONE', #1412 ) ;
#414 = CIRCLE ( 'NONE', #9557, 12.00000000000000000 ) ;
#415 = ORIENTED_EDGE ( 'NONE', *, *, #8488, .T. ) ;
#416 = AXIS2_PLACEMENT_3D ( 'NONE', #5336, #7620, #8582 ) ;
#417 = DIRECTION ( 'NONE',  ( 0.000000000000000000, 0.000000000000000000, 1.000000000000000000 ) ) ;
#418 = ORIENTED_EDGE ( 'NONE', *, *, #618, .T. ) ;
#419 = DIRECTION ( 'NONE',  ( 0.000000000000000000, 1.000000000000000000, 0.000000000000000000 ) ) ;
#420 = DIRECTION ( 'NONE',  ( -8.673617379884035472E-16, 0.000000000000000000, -1.000000000000000000 ) ) ;
#421 = ADVANCED_FACE ( 'NONE', ( #8500 ), #6967, .F. ) ;
#422 = DIRECTION ( 'NONE',  ( -0.000000000000000000, 1.000000000000000000, -0.000000000000000000 ) ) ;
#423 = ORIENTED_EDGE ( 'NONE', *, *, #9138, .F. ) ;
#424 = FACE_OUTER_BOUND ( 'NONE', #7537, .T. ) ;
#425 = CARTESIAN_POINT ( 'NONE',  ( 9.960045879941709757, 80.83389579592666507, 2.598185838624937016 ) ) ;
#426 = CIRCLE ( 'NONE', #10039, 5.400000000000000355 ) ;
#427 = CIRCLE ( 'NONE', #8858, 4.200000000000000178 ) ;
#428 = EDGE_CURVE ( 'NONE', #8322, #3344, #9639, .T. ) ;
#429 = EDGE_LOOP ( 'NONE', ( #1227, #1010, #7921 ) ) ;
#430 = CARTESIAN_POINT ( 'NONE',  ( 0.000000000000000000, 63.03591604948001503, 9.729804593820427172 ) ) ;
#431 = ORIENTED_EDGE ( 'NONE', *, *, #3770, .F. ) ;
#432 = DIRECTION ( 'NONE',  ( 0.000000000000000000, 0.000000000000000000, -1.000000000000000000 ) ) ;
#433 = CARTESIAN_POINT ( 'NONE',  ( -10.44090513317689961, 38.53591604948001503, 8.729804593820340131 ) ) ;
#434 = CIRCLE ( 'NONE', #9044, 1.100000000000000311 ) ;
#435 = AXIS2_PLACEMENT_3D ( 'NONE', #395, #5873, #5232 ) ;
#436 = DIRECTION ( 'NONE',  ( 0.000000000000000000, 0.000000000000000000, 1.000000000000000000 ) ) ;
#437 = FACE_OUTER_BOUND ( 'NONE', #10199, .T. ) ;
#438 = CIRCLE ( 'NONE', #3801, 1.000000000000000888 ) ;
#439 = CARTESIAN_POINT ( 'NONE',  ( 2.100000000000000089, 43.73591604948001077, -0.7111005393564736599 ) ) ;
#440 = CIRCLE ( 'NONE', #8520, 3.499999999999999556 ) ;
#441 = VECTOR ( 'NONE', #8898, 1000.000000000000000 ) ;
#442 = CARTESIAN_POINT ( 'NONE',  ( -0.2595806794431566034, 63.83591604948001219, 7.586765193608700386 ) ) ;
#443 = DIRECTION ( 'NONE',  ( -1.000000000000000000, -0.000000000000000000, -0.000000000000000000 ) ) ;
#444 = DIRECTION ( 'NONE',  ( 0.000000000000000000, 0.000000000000000000, -1.000000000000000000 ) ) ;
#445 = DIRECTION ( 'NONE',  ( 0.000000000000000000, -1.000000000000000000, 0.000000000000000000 ) ) ;
#446 = VERTEX_POINT ( 'NONE', #2144 ) ;
#447 = VECTOR ( 'NONE', #8119, 1000.000000000000000 ) ;
#448 = CYLINDRICAL_SURFACE ( 'NONE', #4387, 11.25000000000000000 ) ;
#449 = ORIENTED_EDGE ( 'NONE', *, *, #2091, .T. ) ;
#450 = CARTESIAN_POINT ( 'NONE',  ( 0.000000000000000000, 63.03591604948001503, 9.729804593820427172 ) ) ;
#451 = ORIENTED_EDGE ( 'NONE', *, *, #2401, .F. ) ;
#452 = AXIS2_PLACEMENT_3D ( 'NONE', #193, #10434, #3182 ) ;
#453 = EDGE_CURVE ( 'NONE', #5928, #616, #7775, .T. ) ;
#454 = ORIENTED_EDGE ( 'NONE', *, *, #6078, .T. ) ;
#455 = DIRECTION ( 'NONE',  ( 0.000000000000000000, -1.000000000000000000, 0.000000000000000000 ) ) ;
#456 = DIRECTION ( 'NONE',  ( 0.000000000000000000, 1.000000000000000000, 0.000000000000000000 ) ) ;
#457 = CYLINDRICAL_SURFACE ( 'NONE', #9742, 1.100000000000000311 ) ;
#458 = ORIENTED_EDGE ( 'NONE', *, *, #7434, .F. ) ;
#459 = DIRECTION ( 'NONE',  ( 0.000000000000000000, 0.000000000000000000, -1.000000000000000000 ) ) ;
#460 = ORIENTED_EDGE ( 'NONE', *, *, #464, .F. ) ;
#461 = FACE_BOUND ( 'NONE', #674, .T. ) ;
#462 = PLANE ( 'NONE',  #3613 ) ;
#463 = ORIENTED_EDGE ( 'NONE', *, *, #6995, .F. ) ;
#464 = EDGE_CURVE ( 'NONE', #9112, #2191, #5913, .T. ) ;
#465 = ORIENTED_EDGE ( 'NONE', *, *, #7952, .F. ) ;
#466 = DIRECTION ( 'NONE',  ( 0.000000000000000000, 0.000000000000000000, 1.000000000000000000 ) ) ;
#467 = EDGE_LOOP ( 'NONE', ( #1720, #2418 ) ) ;
#468 = FACE_OUTER_BOUND ( 'NONE', #4970, .T. ) ;
#469 = ORIENTED_EDGE ( 'NONE', *, *, #7304, .F. ) ;
#470 = EDGE_CURVE ( 'NONE', #6000, #586, #10393, .T. ) ;
#471 = PLANE ( 'NONE',  #9133 ) ;
#472 = ORIENTED_EDGE ( 'NONE', *, *, #7616, .T. ) ;
#473 = CARTESIAN_POINT ( 'NONE',  ( 11.70736947396810024, 40.23591604948001077, 10.72980459382046803 ) ) ;
#474 = CARTESIAN_POINT ( 'NONE',  ( 0.9999999999999241718, 37.23994810002849221, 21.81543655909224455 ) ) ;
#475 = EDGE_CURVE ( 'NONE', #2988, #7462, #3549, .T. ) ;
#476 = ORIENTED_EDGE ( 'NONE', *, *, #8069, .F. ) ;
#477 = EDGE_CURVE ( 'NONE', #2028, #10173, #8125, .T. ) ;
#478 = DIRECTION ( 'NONE',  ( 0.000000000000000000, 1.000000000000000000, 0.000000000000000000 ) ) ;
#479 = CARTESIAN_POINT ( 'NONE',  ( 0.000000000000000000, 59.08591604948001219, 15.97980459382042717 ) ) ;
#480 = VECTOR ( 'NONE', #305, 1000.000000000000000 ) ;
#481 = ORIENTED_EDGE ( 'NONE', *, *, #5678, .T. ) ;
#482 = CARTESIAN_POINT ( 'NONE',  ( -1.836734693877625002, 38.53591604948001503, 20.82885435784554673 ) ) ;
#483 = DIRECTION ( 'NONE',  ( 0.000000000000000000, 0.000000000000000000, 1.000000000000000000 ) ) ;
#484 = DIRECTION ( 'NONE',  ( 1.000000000000000000, -0.000000000000000000, 0.000000000000000000 ) ) ;
#485 = EDGE_CURVE ( 'NONE', #1878, #10391, #9489, .T. ) ;
#486 = PLANE ( 'NONE',  #9938 ) ;
#487 = LINE ( 'NONE', #3696, #9071 ) ;
#488 = CARTESIAN_POINT ( 'NONE',  ( -6.499999897834149998, 33.28616858117417365, 9.730957050364331451 ) ) ;
#489 = EDGE_CURVE ( 'NONE', #8462, #9450, #8116, .T. ) ;
#490 = DIRECTION ( 'NONE',  ( 0.000000000000000000, 0.000000000000000000, -1.000000000000000000 ) ) ;
#491 = ORIENTED_EDGE ( 'NONE', *, *, #1243, .F. ) ;
#492 = CARTESIAN_POINT ( 'NONE',  ( 0.000000000000000000, 80.83389579592666507, 9.729804593820427172 ) ) ;
#493 = DIRECTION ( 'NONE',  ( 0.000000000000000000, -1.000000000000000000, 0.000000000000000000 ) ) ;
#494 = FACE_OUTER_BOUND ( 'NONE', #6952, .T. ) ;
#495 = EDGE_CURVE ( 'NONE', #6095, #2811, #5414, .T. ) ;
#496 = DIRECTION ( 'NONE',  ( 0.000000000000000000, 1.000000000000000000, 0.000000000000000000 ) ) ;
#497 = ORIENTED_EDGE ( 'NONE', *, *, #6037, .T. ) ;
#498 = FACE_OUTER_BOUND ( 'NONE', #3020, .T. ) ;
#499 = ORIENTED_EDGE ( 'NONE', *, *, #2073, .T. ) ;
#500 = CARTESIAN_POINT ( 'NONE',  ( -8.969675008373698688, 38.53591604948001503, 16.72298369880855518 ) ) ;
#501 = ORIENTED_EDGE ( 'NONE', *, *, #5053, .T. ) ;
#502 = ORIENTED_EDGE ( 'NONE', *, *, #328, .T. ) ;
#503 = CARTESIAN_POINT ( 'NONE',  ( 13.03720823839221232, 37.54475081683220594, 8.729804593820471581 ) ) ;
#504 = DIRECTION ( 'NONE',  ( 0.000000000000000000, 0.000000000000000000, -1.000000000000000000 ) ) ;
#505 = PLANE ( 'NONE',  #2121 ) ;
#506 = ORIENTED_EDGE ( 'NONE', *, *, #2130, .F. ) ;
#507 = CARTESIAN_POINT ( 'NONE',  ( 4.898587196589410857E-16, 59.13591604948001645, 5.729804593820426284 ) ) ;
#508 = ORIENTED_EDGE ( 'NONE', *, *, #3046, .F. ) ;
#509 = EDGE_CURVE ( 'NONE', #4719, #2748, #9648, .T. ) ;
#510 = DIRECTION ( 'NONE',  ( 0.000000000000000000, 0.000000000000000000, -1.000000000000000000 ) ) ;
#511 = AXIS2_PLACEMENT_3D ( 'NONE', #5475, #631, #8718 ) ;
#512 = AXIS2_PLACEMENT_3D ( 'NONE', #1283, #8180, #4312 ) ;
#513 = DIRECTION ( 'NONE',  ( -1.000000000000000000, -0.000000000000000000, -0.000000000000000000 ) ) ;
#514 = VERTEX_POINT ( 'NONE', #9659 ) ;
#515 = VERTEX_POINT ( 'NONE', #96 ) ;
#516 = CARTESIAN_POINT ( 'NONE',  ( -13.23950262295994840, 37.69137366613496454, 10.72980459382028862 ) ) ;
#517 = CARTESIAN_POINT ( 'NONE',  ( 6.993179104988129779, 38.53591604948001503, 18.69947960219410632 ) ) ;
#518 = VECTOR ( 'NONE', #2835, 1000.000000000000000 ) ;
#519 = VERTEX_POINT ( 'NONE', #3296 ) ;
#520 = CARTESIAN_POINT ( 'NONE',  ( -6.448720909119272982, 67.26495738430183735, 10.55036297135963608 ) ) ;
#521 = CIRCLE ( 'NONE', #8458, 13.79999999999999893 ) ;
#522 = ORIENTED_EDGE ( 'NONE', *, *, #527, .T. ) ;
#523 = DIRECTION ( 'NONE',  ( 0.000000000000000000, 0.000000000000000000, 1.000000000000000000 ) ) ;
#524 = ORIENTED_EDGE ( 'NONE', *, *, #853, .T. ) ;
#525 = PLANE ( 'NONE',  #7085 ) ;
#526 = CIRCLE ( 'NONE', #5235, 14.00000000000000000 ) ;
#527 = EDGE_CURVE ( 'NONE', #7196, #728, #1863, .T. ) ;
#528 = DIRECTION ( 'NONE',  ( 0.000000000000000000, 0.000000000000000000, 1.000000000000000000 ) ) ;
#529 = AXIS2_PLACEMENT_3D ( 'NONE', #6739, #7632, #2816 ) ;
#530 = VECTOR ( 'NONE', #8032, 1000.000000000000000 ) ;
#531 = CARTESIAN_POINT ( 'NONE',  ( -0.2229493721031010067, 63.43591604948001361, 8.149817155984505845 ) ) ;
#532 = DIRECTION ( 'NONE',  ( 0.000000000000000000, 0.000000000000000000, 1.000000000000000000 ) ) ;
#533 = VECTOR ( 'NONE', #3561, 1000.000000000000000 ) ;
#534 = ORIENTED_EDGE ( 'NONE', *, *, #9315, .T. ) ;
#535 = CARTESIAN_POINT ( 'NONE',  ( 6.499999433794410031, 37.23591604948001077, 10.75881075208031668 ) ) ;
#536 = FACE_OUTER_BOUND ( 'NONE', #5456, .T. ) ;
#537 = CARTESIAN_POINT ( 'NONE',  ( 9.445016107657783877, 67.91105500863085354, 9.649719386893613304 ) ) ;
#538 = CARTESIAN_POINT ( 'NONE',  ( 1.723387009752639737E-14, 50.29182918005297154, 8.729804593820521319 ) ) ;
#539 = CARTESIAN_POINT ( 'NONE',  ( 7.654042494670959579E-16, 59.13591604948001645, 3.479804593820426284 ) ) ;
#540 = CIRCLE ( 'NONE', #4748, 0.9999999999999991118 ) ;
#541 = EDGE_CURVE ( 'NONE', #9872, #2836, #1563, .T. ) ;
#542 = DIRECTION ( 'NONE',  ( 0.000000000000000000, 0.000000000000000000, 1.000000000000000000 ) ) ;
#543 = CARTESIAN_POINT ( 'NONE',  ( 0.000000000000000000, 59.13591604948001645, 9.729804593820427172 ) ) ;
#544 = ORIENTED_EDGE ( 'NONE', *, *, #6490, .T. ) ;
#545 = EDGE_CURVE ( 'NONE', #3603, #8651, #2209, .T. ) ;
#546 = VECTOR ( 'NONE', #9819, 1000.000000000000000 ) ;
#547 = CARTESIAN_POINT ( 'NONE',  ( 0.000000000000000000, 59.14591604948001446, 9.729804593820427172 ) ) ;
#548 = LINE ( 'NONE', #7779, #1585 ) ;
#549 = CARTESIAN_POINT ( 'NONE',  ( 9.368633929408618499, 66.63591604947636426, 8.531170664408573856 ) ) ;
#550 = PERSON_AND_ORGANIZATION ( #1306, #8001 ) ;
#551 = LINE ( 'NONE', #5502, #7702 ) ;
#552 = ORIENTED_EDGE ( 'NONE', *, *, #5105, .T. ) ;
#553 = EDGE_CURVE ( 'NONE', #4225, #1639, #3557, .T. ) ;
#554 = DIRECTION ( 'NONE',  ( 0.000000000000000000, 0.000000000000000000, -1.000000000000000000 ) ) ;
#555 = ORIENTED_EDGE ( 'NONE', *, *, #4712, .T. ) ;
#556 = AXIS2_PLACEMENT_3D ( 'NONE', #5354, #4621, #4722 ) ;
#557 = DIRECTION ( 'NONE',  ( 5.727727414766670090E-15, 0.000000000000000000, -1.000000000000000000 ) ) ;
#558 = ORIENTED_EDGE ( 'NONE', *, *, #4322, .F. ) ;
#559 = ADVANCED_FACE ( 'NONE', ( #8010 ), #4907, .T. ) ;
#560 = EDGE_CURVE ( 'NONE', #4151, #1922, #375, .T. ) ;
#561 = ORIENTED_EDGE ( 'NONE', *, *, #2522, .F. ) ;
#562 = CARTESIAN_POINT ( 'NONE',  ( 13.96424004376894423, 38.98155058613067325, 8.729804593820478686 ) ) ;
#563 = CYLINDRICAL_SURFACE ( 'NONE', #8392, 11.25000000000000000 ) ;
#564 = CARTESIAN_POINT ( 'NONE',  ( -0.9624902821680634268, 65.87227077768724826, 0.3338790726162875755 ) ) ;
#565 = ORIENTED_EDGE ( 'NONE', *, *, #553, .F. ) ;
#566 = CARTESIAN_POINT ( 'NONE',  ( -1.047419648115097024, 66.01089283161125820, 19.11664204686151081 ) ) ;
#567 = ORIENTED_EDGE ( 'NONE', *, *, #3839, .F. ) ;
#568 = DIRECTION ( 'NONE',  ( 0.000000000000000000, 0.000000000000000000, 1.000000000000000000 ) ) ;
#569 = PERSON_AND_ORGANIZATION ( #1306, #8001 ) ;
#570 = ORIENTED_EDGE ( 'NONE', *, *, #4782, .T. ) ;
#571 = ORIENTED_EDGE ( 'NONE', *, *, #10037, .F. ) ;
#572 = CARTESIAN_POINT ( 'NONE',  ( -13.91692152472690047, 38.73517269220959491, 10.72980459382028151 ) ) ;
#573 = CARTESIAN_POINT ( 'NONE',  ( 0.000000000000000000, 68.93591604948001361, 9.729804593820427172 ) ) ;
#574 = DIRECTION ( 'NONE',  ( 0.000000000000000000, 0.000000000000000000, 1.000000000000000000 ) ) ;
#575 = VERTEX_POINT ( 'NONE', #9561 ) ;
#576 = DIRECTION ( 'NONE',  ( -1.734723475976807094E-15, 0.000000000000000000, -1.000000000000000000 ) ) ;
#577 = ORIENTED_EDGE ( 'NONE', *, *, #9944, .T. ) ;
#578 = FACE_OUTER_BOUND ( 'NONE', #8428, .T. ) ;
#579 = CARTESIAN_POINT ( 'NONE',  ( -6.675728040208180225, 40.23591604948001077, 1.639862991238968171 ) ) ;
#580 = VECTOR ( 'NONE', #7934, 1000.000000000000000 ) ;
#581 = AXIS2_PLACEMENT_3D ( 'NONE', #1540, #1591, #8638 ) ;
#582 = ORIENTED_EDGE ( 'NONE', *, *, #5230, .T. ) ;
#583 = CARTESIAN_POINT ( 'NONE',  ( 0.8061633914375798682, 67.58246707607456472, 19.14049693210523984 ) ) ;
#584 = VERTEX_POINT ( 'NONE', #9609 ) ;
#585 = EDGE_CURVE ( 'NONE', #1231, #8862, #2300, .T. ) ;
#586 = VERTEX_POINT ( 'NONE', #4775 ) ;
#587 = DIRECTION ( 'NONE',  ( 0.7071067811865560104, 0.000000000000000000, -0.7071067811865391350 ) ) ;
#588 = CARTESIAN_POINT ( 'NONE',  ( -2.799999999999999378, 57.53491604948001736, -7.270195406179567499 ) ) ;
#589 = CARTESIAN_POINT ( 'NONE',  ( -0.3256685676981038724, 63.83591604948001219, 7.780540091874536657 ) ) ;
#590 = CARTESIAN_POINT ( 'NONE',  ( 8.433686712480227499, 37.48007098509931723, -0.1180956810328571277 ) ) ;
#592 = DIRECTION ( 'NONE',  ( 0.000000000000000000, 0.000000000000000000, -1.000000000000000000 ) ) ;
#591 = AXIS2_PLACEMENT_3D ( 'NONE', #9349, #3570, #1196 ) ;
#593 = CIRCLE ( 'NONE', #7840, 0.2999999999999999334 ) ;
#594 = DIRECTION ( 'NONE',  ( 0.000000000000000000, -1.000000000000000000, 0.000000000000000000 ) ) ;
#595 = FACE_OUTER_BOUND ( 'NONE', #4389, .T. ) ;
#596 = AXIS2_PLACEMENT_3D ( 'NONE', #1950, #9317, #1322 ) ;
#597 = EDGE_LOOP ( 'NONE', ( #696, #6949, #7793, #3818, #4567, #4569, #2967 ) ) ;
#598 = VECTOR ( 'NONE', #8914, 1000.000000000000114 ) ;
#599 = CIRCLE ( 'NONE', #3623, 1.000000000000000000 ) ;
#600 = DIRECTION ( 'NONE',  ( 0.000000000000000000, 0.000000000000000000, 1.000000000000000000 ) ) ;
#601 = ADVANCED_FACE ( 'NONE', ( #4726 ), #7960, .F. ) ;
#602 = DIRECTION ( 'NONE',  ( 0.000000000000000000, -1.000000000000000000, 0.000000000000000000 ) ) ;
#603 = CARTESIAN_POINT ( 'NONE',  ( 11.95756933358828178, 37.23591604948001077, 10.73803851133614806 ) ) ;
#604 = CARTESIAN_POINT ( 'NONE',  ( 11.70736947396810024, 40.23591604948001077, 10.72980459382046803 ) ) ;
#605 = ORIENTED_EDGE ( 'NONE', *, *, #5361, .F. ) ;
#606 = AXIS2_PLACEMENT_3D ( 'NONE', #7388, #3946, #9622 ) ;
#607 = EDGE_CURVE ( 'NONE', #1184, #8603, #4147, .T. ) ;
#608 = DIRECTION ( 'NONE',  ( 0.000000000000000000, -1.000000000000000000, -0.000000000000000000 ) ) ;
#609 = AXIS2_PLACEMENT_3D ( 'NONE', #301, #8323, #8431 ) ;
#610 = CARTESIAN_POINT ( 'NONE',  ( 0.000000000000000000, 59.13591604948001645, 9.729804593820427172 ) ) ;
#611 = EDGE_LOOP ( 'NONE', ( #9285, #8025, #49, #4022 ) ) ;
#612 = EDGE_CURVE ( 'NONE', #9074, #5522, #7615, .T. ) ;
#613 = VERTEX_POINT ( 'NONE', #936 ) ;
#614 = CARTESIAN_POINT ( 'NONE',  ( 12.08563196527182093, 37.23994810002849221, 8.729804593820464476 ) ) ;
#615 = DIRECTION ( 'NONE',  ( 4.731064025391290857E-15, 0.000000000000000000, -1.000000000000000000 ) ) ;
#616 = VERTEX_POINT ( 'NONE', #10014 ) ;
#617 = DIRECTION ( 'NONE',  ( 0.000000000000000000, 1.000000000000000000, 0.000000000000000000 ) ) ;
#618 = EDGE_CURVE ( 'NONE', #4820, #338, #8228, .T. ) ;
#619 = ORIENTED_EDGE ( 'NONE', *, *, #8562, .T. ) ;
#620 = DIRECTION ( 'NONE',  ( 0.000000000000000000, 1.000000000000000000, 0.000000000000000000 ) ) ;
#622 = AXIS2_PLACEMENT_3D ( 'NONE', #8530, #7727, #7939 ) ;
#621 = CALENDAR_DATE ( 2025, 10, 12 ) ;
#623 = EDGE_CURVE ( 'NONE', #3466, #206, #5583, .T. ) ;
#624 = VERTEX_POINT ( 'NONE', #2764 ) ;
#625 = ORIENTED_EDGE ( 'NONE', *, *, #8727, .F. ) ;
#626 = CARTESIAN_POINT ( 'NONE',  ( 6.499999433794410031, 34.40748892473381915, 9.733810752080316320 ) ) ;
#627 = AXIS2_PLACEMENT_3D ( 'NONE', #7475, #4458, #7584 ) ;
#628 = DIRECTION ( 'NONE',  ( -0.1129614320333118399, 0.000000000000000000, 0.9935993734262232868 ) ) ;
#629 = EDGE_LOOP ( 'NONE', ( #4207, #6409, #5406, #4460 ) ) ;
#630 = CIRCLE ( 'NONE', #1963, 1.000000000000000888 ) ;
#631 = DIRECTION ( 'NONE',  ( 0.000000000000000000, -1.000000000000000000, 0.000000000000000000 ) ) ;
#632 = ORIENTED_EDGE ( 'NONE', *, *, #7009, .F. ) ;
#633 = CARTESIAN_POINT ( 'NONE',  ( 6.499999433794410031, 41.23591604948001788, 10.53381075208031525 ) ) ;
#634 = CYLINDRICAL_SURFACE ( 'NONE', #9829, 3.499999999999999556 ) ;
#635 = ORIENTED_EDGE ( 'NONE', *, *, #6232, .T. ) ;
#636 = CARTESIAN_POINT ( 'NONE',  ( 0.000000000000000000, 59.08591604948001219, 9.729804593820427172 ) ) ;
#637 = CARTESIAN_POINT ( 'NONE',  ( 10.44090513317689961, 38.53591604948001503, 8.729804593820427172 ) ) ;
#638 = VERTEX_POINT ( 'NONE', #6796 ) ;
#639 = CARTESIAN_POINT ( 'NONE',  ( -6.499999897834149998, 41.23591604948001788, 8.930957050364332517 ) ) ;
#640 = PLANE ( 'NONE',  #8355 ) ;
#641 = CARTESIAN_POINT ( 'NONE',  ( -1.000000000000075939, 38.53591604948001503, 21.81543655909224455 ) ) ;
#642 = DIRECTION ( 'NONE',  ( 0.000000000000000000, -1.000000000000000000, 0.000000000000000000 ) ) ;
#643 = CARTESIAN_POINT ( 'NONE',  ( 0.8949152621558955634, 67.15377649995167531, 16.16811840576049875 ) ) ;
#644 = FACE_BOUND ( 'NONE', #3858, .T. ) ;
#645 = ORIENTED_EDGE ( 'NONE', *, *, #10300, .F. ) ;
#646 = DIRECTION ( 'NONE',  ( 0.7071067811865470176, 0.000000000000000000, 0.7071067811865480168 ) ) ;
#647 = DIRECTION ( 'NONE',  ( 0.000000000000000000, -1.000000000000000000, 0.000000000000000000 ) ) ;
#648 = LINE ( 'NONE', #7089, #2747 ) ;
#649 = AXIS2_PLACEMENT_3D ( 'NONE', #9826, #5006, #4844 ) ;
#650 = CARTESIAN_POINT ( 'NONE',  ( -2.399999999999999467, 59.14591604948001446, -4.470195406179568565 ) ) ;
#651 = VECTOR ( 'NONE', #6393, 1000.000000000000000 ) ;
#652 = DIRECTION ( 'NONE',  ( 0.000000000000000000, -1.000000000000000000, 0.000000000000000000 ) ) ;
#653 = EDGE_LOOP ( 'NONE', ( #7728, #2357, #1078, #2035 ) ) ;
#654 = CARTESIAN_POINT ( 'NONE',  ( 0.000000000000000000, 63.33591604948001219, 9.729804593820427172 ) ) ;
#655 = EDGE_CURVE ( 'NONE', #8150, #3812, #6435, .T. ) ;
#656 = LINE ( 'NONE', #4610, #2442 ) ;
#657 = VECTOR ( 'NONE', #2039, 1000.000000000000000 ) ;
#658 = ORIENTED_EDGE ( 'NONE', *, *, #9287, .T. ) ;
#659 = CLOSED_SHELL ( 'NONE', ( #290, #10371, #5182, #5433, #8497, #918, #2538, #5490, #2854, #1068, #2731, #5764, #8889, #9445, #4984, #5507, #9904, #1832, #6977, #1109, #4487, #5634, #719, #7911, #9436, #6625, #5514, #2156, #1427, #2730, #9006, #10188, #1646, #8946, #137, #157, #5619, #7942, #1509, #2080, #2847, #8284, #1762, #4345, #3893, #5099, #2313, #2543, #7894, #3430, #3773, #3060, #7127, #6090, #9975, #1066, #3751, #8324, #10288, #667, #9177, #7111, #6473, #812, #1614, #7708, #10111, #9789, #4824, #5736, #6292, #5426, #10178, #7898, #10093, #2046, #211, #350, #3224, #9154, #3962, #7038, #5759, #8811, #7687, #8305, #8532, #2344, #6486, #7396, #2393, #1587, #5574, #2479, #50, #1439, #5117, #1634, #1354, #3113, #9118, #3940, #2460, #7773, #2006, #6155, #2630, #7068, #9089, #740, #988, #10117, #1763, #6032, #3159, #4990, #7442, #9061, #6865, #9898, #2271, #3187, #7122, #1881, #4097, #3131, #6113, #997, #5450, #978, #8695, #7758, #5003, #7778, #6556, #5892, #5640, #4956, #4701, #5375, #8163, #5895, #601, #8169, #142, #7885, #4290, #7956, #9421, #2018, #3952, #787, #4899, #2012, #1487, #4925, #3380, #4019, #8351, #3538, #2784, #4721, #4483, #9911, #3673, #2851, #8030, #10030, #6223, #4350, #10046, #2644, #6686, #6240, #8021, #8005, #1045, #1369, #8761, #1687, #969, #7390, #5953, #10453, #6617, #8042, #3321, #6672, #5175, #6346, #2865, #7116, #7574, #1112, #7136, #77, #9719, #7384, #9208, #355, #5830, #9667, #9347, #4390, #4144, #5977, #278, #7419, #1560, #6858, #9247, #10168, #1728, #91, #10336, #6582, #6024, #6460, #2604, #4284, #2582, #9470, #3407, #7076, #9601, #2907, #223, #559, #6274, #7721, #5250, #9541, #4475, #4852, #7842, #4998, #6389, #1702, #1452, #6206, #7624, #3512, #4142, #8642, #1254, #9840, #1173, #6659, #8312, #2286, #10305, #421, #8357 ) ) ;
#660 = ORIENTED_EDGE ( 'NONE', *, *, #9983, .F. ) ;
#661 = CARTESIAN_POINT ( 'NONE',  ( 13.59454196162731421, 38.05145355644922489, 8.729804593820478686 ) ) ;
#662 = CIRCLE ( 'NONE', #3337, 0.2999999999999996003 ) ;
#663 = DIRECTION ( 'NONE',  ( 0.1129614320333117844, 0.000000000000000000, -0.9935993734262231758 ) ) ;
#664 = VERTEX_POINT ( 'NONE', #308 ) ;
#665 = DIRECTION ( 'NONE',  ( 0.000000000000000000, -1.000000000000000000, 0.000000000000000000 ) ) ;
#666 = VERTEX_POINT ( 'NONE', #6635 ) ;
#667 = ADVANCED_FACE ( 'NONE', ( #8387, #2556, #5885, #7583, #9239 ), #3456, .F. ) ;
#668 = DIRECTION ( 'NONE',  ( 0.000000000000000000, 1.000000000000000000, 0.000000000000000000 ) ) ;
#669 = ADVANCED_FACE ( 'NONE', ( #9861 ), #3351, .F. ) ;
#670 = ORIENTED_EDGE ( 'NONE', *, *, #9514, .F. ) ;
#671 = DIRECTION ( 'NONE',  ( 8.659560562354913137E-17, -0.7071067811865489050, 0.7071067811865460184 ) ) ;
#672 = DIRECTION ( 'NONE',  ( 0.000000000000000000, 1.000000000000000000, 0.000000000000000000 ) ) ;
#673 = DIRECTION ( 'NONE',  ( 1.318389841742374654E-13, 0.000000000000000000, 1.000000000000000000 ) ) ;
#674 = EDGE_LOOP ( 'NONE', ( #4639, #10381, #7337, #891 ) ) ;
#675 = EDGE_CURVE ( 'NONE', #6916, #4866, #7786, .T. ) ;
#676 = CARTESIAN_POINT ( 'NONE',  ( -8.993297020267634778, 38.26776377236942039, -0.6777059888205314575 ) ) ;
#677 = ORIENTED_EDGE ( 'NONE', *, *, #4867, .T. ) ;
#678 = FACE_BOUND ( 'NONE', #811, .T. ) ;
#679 = VECTOR ( 'NONE', #1257, 1000.000000000000114 ) ;
#680 = EDGE_CURVE ( 'NONE', #128, #2406, #6642, .T. ) ;
#681 = DIRECTION ( 'NONE',  ( 0.000000000000000000, 1.000000000000000000, 0.000000000000000000 ) ) ;
#682 = ORIENTED_EDGE ( 'NONE', *, *, #9955, .F. ) ;
#683 = AXIS2_PLACEMENT_3D ( 'NONE', #6122, #2094, #8346 ) ;
#684 = EDGE_CURVE ( 'NONE', #9508, #7953, #9810, .T. ) ;
#685 = AXIS2_PLACEMENT_3D ( 'NONE', #9768, #2063, #4258 ) ;
#686 = ORIENTED_EDGE ( 'NONE', *, *, #1447, .T. ) ;
#687 = DIRECTION ( 'NONE',  ( 0.000000000000000000, -1.000000000000000000, 0.000000000000000000 ) ) ;
#688 = CARTESIAN_POINT ( 'NONE',  ( -9.372374524592501643, 66.31532759801459065, 10.90030591953097350 ) ) ;
#689 = EDGE_LOOP ( 'NONE', ( #8352, #9288 ) ) ;
#690 = CYLINDRICAL_SURFACE ( 'NONE', #2599, 14.00000000000000178 ) ;
#691 = CARTESIAN_POINT ( 'NONE',  ( -6.499999897834149998, 39.73591604948001077, 9.730957050364331451 ) ) ;
#692 = DIRECTION ( 'NONE',  ( 0.000000000000000000, 1.000000000000000000, 0.000000000000000000 ) ) ;
#693 = CARTESIAN_POINT ( 'NONE',  ( -3.953542708762565194, 38.53591604948001503, 4.362048322684737300 ) ) ;
#694 = AXIS2_PLACEMENT_3D ( 'NONE', #4903, #8140, #7979 ) ;
#695 = DIRECTION ( 'NONE',  ( 0.000000000000000000, -1.000000000000000000, 0.000000000000000000 ) ) ;
#696 = ORIENTED_EDGE ( 'NONE', *, *, #742, .F. ) ;
#697 = LINE ( 'NONE', #7886, #8688 ) ;
#698 = DIRECTION ( 'NONE',  ( 9.966433447514970497E-15, 0.000000000000000000, -1.000000000000000000 ) ) ;
#699 = AXIS2_PLACEMENT_3D ( 'NONE', #2713, #9238, #354 ) ;
#700 = DIRECTION ( 'NONE',  ( 1.000000000000000000, 0.000000000000000000, 0.000000000000000000 ) ) ;
#701 = CARTESIAN_POINT ( 'NONE',  ( 0.6505476239278856765, 63.43591604948001361, 8.433931224620417666 ) ) ;
#702 = DIRECTION ( 'NONE',  ( 0.000000000000000000, 1.000000000000000000, 0.000000000000000000 ) ) ;
#703 = EDGE_LOOP ( 'NONE', ( #761, #6186, #7162, #5551 ) ) ;
#704 = DIRECTION ( 'NONE',  ( 0.000000000000000000, -1.000000000000000000, 0.000000000000000000 ) ) ;
#705 = DIRECTION ( 'NONE',  ( 0.000000000000000000, 1.000000000000000000, 0.000000000000000000 ) ) ;
#706 = CIRCLE ( 'NONE', #1541, 4.000000000000000000 ) ;
#707 = ORIENTED_EDGE ( 'NONE', *, *, #1771, .T. ) ;
#708 = ORIENTED_EDGE ( 'NONE', *, *, #1447, .F. ) ;
#709 = LINE ( 'NONE', #8751, #2374 ) ;
#710 = EDGE_CURVE ( 'NONE', #2977, #8129, #7653, .T. ) ;
#711 = VECTOR ( 'NONE', #4259, 1000.000000000000000 ) ;
#712 = CARTESIAN_POINT ( 'NONE',  ( 3.367778697655220026E-16, 39.13591604948000935, 6.979804593820427172 ) ) ;
#713 = ORIENTED_EDGE ( 'NONE', *, *, #5474, .T. ) ;
#714 = EDGE_LOOP ( 'NONE', ( #7086, #9864, #7596, #3682 ) ) ;
#715 = DIRECTION ( 'NONE',  ( 0.000000000000000000, 0.000000000000000000, -1.000000000000000000 ) ) ;
#716 = EDGE_CURVE ( 'NONE', #4547, #4248, #8941, .T. ) ;
#717 = EDGE_LOOP ( 'NONE', ( #7788, #2920 ) ) ;
#718 = CARTESIAN_POINT ( 'NONE',  ( 0.000000000000000000, 59.13591604948001645, 9.729804593820427172 ) ) ;
#719 = ADVANCED_FACE ( 'NONE', ( #2025 ), #4407, .F. ) ;
#720 = CARTESIAN_POINT ( 'NONE',  ( -8.388678933038290708, 50.29182918005297154, 10.72980459382037743 ) ) ;
#721 = VERTEX_POINT ( 'NONE', #4754 ) ;
#722 = CARTESIAN_POINT ( 'NONE',  ( -8.898328222092112938, 38.05709085948984693, -0.5827371906450047323 ) ) ;
#723 = EDGE_LOOP ( 'NONE', ( #3586, #7645, #9693, #7409 ) ) ;
#724 = CARTESIAN_POINT ( 'NONE',  ( 0.000000000000000000, 37.23591604948001077, 9.729804593820427172 ) ) ;
#725 = EDGE_CURVE ( 'NONE', #519, #7051, #648, .T. ) ;
#726 = DIRECTION ( 'NONE',  ( 0.000000000000000000, 0.000000000000000000, 1.000000000000000000 ) ) ;
#727 = ORIENTED_EDGE ( 'NONE', *, *, #5629, .T. ) ;
#728 = VERTEX_POINT ( 'NONE', #9290 ) ;
#729 = LINE ( 'NONE', #2311, #7729 ) ;
#730 = DIRECTION ( 'NONE',  ( 0.000000000000000000, 1.000000000000000000, 0.000000000000000000 ) ) ;
#731 = EDGE_CURVE ( 'NONE', #1707, #303, #5547, .T. ) ;
#732 = CIRCLE ( 'NONE', #4273, 1.400000000000000133 ) ;
#733 = ORIENTED_EDGE ( 'NONE', *, *, #9642, .T. ) ;
#734 = FACE_OUTER_BOUND ( 'NONE', #9015, .T. ) ;
#735 = FACE_OUTER_BOUND ( 'NONE', #9965, .T. ) ;
#736 = DIRECTION ( 'NONE',  ( 0.000000000000000000, 1.000000000000000000, 0.000000000000000000 ) ) ;
#737 = AXIS2_PLACEMENT_3D ( 'NONE', #9811, #10442, #6538 ) ;
#738 = LINE ( 'NONE', #4901, #346 ) ;
#739 = VECTOR ( 'NONE', #7517, 1000.000000000000000 ) ;
#740 = ADVANCED_FACE ( 'NONE', ( #9587 ), #9340, .T. ) ;
#741 = CARTESIAN_POINT ( 'NONE',  ( -9.167102047879298610, 39.23591604948001077, 20.31112020407264751 ) ) ;
#742 = EDGE_CURVE ( 'NONE', #3149, #2406, #5244, .T. ) ;
#743 = CARTESIAN_POINT ( 'NONE',  ( 1.000000000000000000, 37.23994810002849221, -2.355827371451393315 ) ) ;
#744 = ADVANCED_FACE ( 'NONE', ( #4457, #1186 ), #1542, .T. ) ;
#745 = EDGE_LOOP ( 'NONE', ( #1144, #1456, #6123, #9913, #4421, #353, #7605 ) ) ;
#746 = CIRCLE ( 'NONE', #5460, 1.100000000000000311 ) ;
#747 = CARTESIAN_POINT ( 'NONE',  ( -8.969675008373640068, 36.84381467316708836, 2.736625488832206798 ) ) ;
#748 = AXIS2_PLACEMENT_3D ( 'NONE', #7992, #7408, #1700 ) ;
#749 = DIRECTION ( 'NONE',  ( 0.000000000000000000, 1.000000000000000000, 0.000000000000000000 ) ) ;
#750 = CARTESIAN_POINT ( 'NONE',  ( -9.194344714453269063, 37.23591604948001077, 1.953567121087836700 ) ) ;
#751 = AXIS2_PLACEMENT_3D ( 'NONE', #906, #1689, #8145 ) ;
#752 = CARTESIAN_POINT ( 'NONE',  ( -6.499999897834149998, 33.28616858117417365, 9.730957050364331451 ) ) ;
#753 = DIRECTION ( 'NONE',  ( 0.000000000000000000, 1.000000000000000000, 1.081498426419455997E-17 ) ) ;
#754 = DIRECTION ( 'NONE',  ( 0.000000000000000000, 0.000000000000000000, -1.000000000000000000 ) ) ;
#755 = ORIENTED_EDGE ( 'NONE', *, *, #8291, .F. ) ;
#756 = DIRECTION ( 'NONE',  ( 0.000000000000000000, -0.7071067811865415775, -0.7071067811865535679 ) ) ;
#757 = DIRECTION ( 'NONE',  ( 0.000000000000000000, -1.000000000000000000, 0.000000000000000000 ) ) ;
#758 = LOCAL_TIME ( 10, 53, 11.00000000000000000, #6220 ) ;
#759 = CIRCLE ( 'NONE', #7497, 2.000000000000000000 ) ;
#760 = ORIENTED_EDGE ( 'NONE', *, *, #618, .F. ) ;
#761 = ORIENTED_EDGE ( 'NONE', *, *, #6747, .F. ) ;
#762 = FACE_OUTER_BOUND ( 'NONE', #150, .T. ) ;
#763 = CARTESIAN_POINT ( 'NONE',  ( -4.000000000000000000, 59.13591604948001645, -4.412331029910525615 ) ) ;
#764 = ORIENTED_EDGE ( 'NONE', *, *, #9649, .F. ) ;
#765 = CIRCLE ( 'NONE', #6674, 1.400000000000000133 ) ;
#766 = ORIENTED_EDGE ( 'NONE', *, *, #4187, .F. ) ;
#767 = DIRECTION ( 'NONE',  ( 0.000000000000000000, 1.000000000000000000, 0.000000000000000000 ) ) ;
#768 = EDGE_CURVE ( 'NONE', #5248, #10290, #10072, .T. ) ;
#769 = AXIS2_PLACEMENT_3D ( 'NONE', #8957, #1599, #6461 ) ;
#770 = CIRCLE ( 'NONE', #6509, 1.350000000000000533 ) ;
#771 = ORIENTED_EDGE ( 'NONE', *, *, #5769, .T. ) ;
#772 = DIRECTION ( 'NONE',  ( 0.000000000000000000, -1.000000000000000000, 0.000000000000000000 ) ) ;
#773 = DIRECTION ( 'NONE',  ( 0.000000000000000000, 0.000000000000000000, -1.000000000000000000 ) ) ;
#774 = DIRECTION ( 'NONE',  ( -0.000000000000000000, -1.000000000000000000, -0.000000000000000000 ) ) ;
#775 = ORIENTED_EDGE ( 'NONE', *, *, #3426, .T. ) ;
#776 = CARTESIAN_POINT ( 'NONE',  ( 0.5945224130445398991, 63.83591604948001219, 8.041466426925909516 ) ) ;
#777 = ORIENTED_EDGE ( 'NONE', *, *, #8826, .F. ) ;
#778 = CARTESIAN_POINT ( 'NONE',  ( 6.499999433794410031, 37.23591604948001077, 10.75881075208031668 ) ) ;
#779 = AXIS2_PLACEMENT_3D ( 'NONE', #3508, #10074, #357 ) ;
#780 = FACE_OUTER_BOUND ( 'NONE', #4223, .T. ) ;
#781 = EDGE_CURVE ( 'NONE', #7079, #2434, #7277, .T. ) ;
#782 = EDGE_LOOP ( 'NONE', ( #5578, #7805, #2632, #8713 ) ) ;
#783 = ORIENTED_EDGE ( 'NONE', *, *, #3686, .T. ) ;
#784 = TOROIDAL_SURFACE ( 'NONE', #7037, 12.00000000000000000, 2.000000000000000000 ) ;
#785 = LINE ( 'NONE', #3993, #5700 ) ;
#786 = CARTESIAN_POINT ( 'NONE',  ( 10.58131561025225409, 38.98155058613360779, 18.89690664169969025 ) ) ;
#787 = ADVANCED_FACE ( 'NONE', ( #10317 ), #10420, .T. ) ;
#788 = ORIENTED_EDGE ( 'NONE', *, *, #4328, .T. ) ;
#789 = CARTESIAN_POINT ( 'NONE',  ( -1.555555555555545144, 39.73591604948001077, 12.86512705149209168 ) ) ;
#790 = CARTESIAN_POINT ( 'NONE',  ( -10.31254178446612890, 38.05709085949150960, 18.62813281591328973 ) ) ;
#791 = CARTESIAN_POINT ( 'NONE',  ( 8.867759061886591354, 38.53591604948001503, 2.731894012917436498 ) ) ;
#792 = CARTESIAN_POINT ( 'NONE',  ( 0.000000000000000000, 74.63591604948000224, 9.729804593820427172 ) ) ;
#793 = AXIS2_PLACEMENT_3D ( 'NONE', #2110, #4494, #9525 ) ;
#794 = EDGE_CURVE ( 'NONE', #4096, #1990, #7920, .T. ) ;
#795 = DIRECTION ( 'NONE',  ( -5.080105690144320343E-16, 0.000000000000000000, -1.000000000000000000 ) ) ;
#796 = ORIENTED_EDGE ( 'NONE', *, *, #3001, .T. ) ;
#797 = VECTOR ( 'NONE', #5349, 1000.000000000000000 ) ;
#798 = CARTESIAN_POINT ( 'NONE',  ( 0.000000000000000000, 44.75113973862977446, 16.22980459382042895 ) ) ;
#799 = EDGE_CURVE ( 'NONE', #3869, #4547, #1610, .T. ) ;
#800 = DIRECTION ( 'NONE',  ( 0.000000000000000000, 0.000000000000000000, -1.000000000000000000 ) ) ;
#801 = DIRECTION ( 'NONE',  ( 0.000000000000000000, 0.000000000000000000, -1.000000000000000000 ) ) ;
#802 = DIRECTION ( 'NONE',  ( 0.000000000000000000, 0.000000000000000000, 1.000000000000000000 ) ) ;
#803 = DIRECTION ( 'NONE',  ( -0.000000000000000000, -1.000000000000000000, -0.000000000000000000 ) ) ;
#804 = DIRECTION ( 'NONE',  ( 0.000000000000000000, 0.000000000000000000, 1.000000000000000000 ) ) ;
#805 = ORIENTED_EDGE ( 'NONE', *, *, #5384, .F. ) ;
#806 = EDGE_CURVE ( 'NONE', #624, #5752, #8507, .T. ) ;
#807 = LINE ( 'NONE', #6571, #3886 ) ;
#808 = EDGE_CURVE ( 'NONE', #3037, #5344, #8160, .T. ) ;
#809 = CARTESIAN_POINT ( 'NONE',  ( 12.08563196527182093, 37.23591604948001077, 7.729804593820466252 ) ) ;
#810 = EDGE_LOOP ( 'NONE', ( #1858, #2180, #5828, #6871, #5721 ) ) ;
#811 = EDGE_LOOP ( 'NONE', ( #9917, #8549 ) ) ;
#812 = ADVANCED_FACE ( 'NONE', ( #123 ), #4066, .T. ) ;
#813 = EDGE_LOOP ( 'NONE', ( #1197, #2566, #10395, #8498 ) ) ;
#814 = CARTESIAN_POINT ( 'NONE',  ( -13.71844261651163777, 38.26776377236938487, 8.729804593820286840 ) ) ;
#815 = AXIS2_PLACEMENT_3D ( 'NONE', #4839, #3154, #251 ) ;
#816 = CARTESIAN_POINT ( 'NONE',  ( 0.000000000000000000, 63.13591604948001645, 9.729804593820427172 ) ) ;
#817 = ORIENTED_EDGE ( 'NONE', *, *, #5348, .F. ) ;
#818 = ORIENTED_EDGE ( 'NONE', *, *, #8082, .F. ) ;
#819 = CARTESIAN_POINT ( 'NONE',  ( 2.269462866248204551E-14, 66.63591604948001645, 0.2848045938204264438 ) ) ;
#820 = CIRCLE ( 'NONE', #9272, 13.79999999999999716 ) ;
#821 = VECTOR ( 'NONE', #6929, 1000.000000000000000 ) ;
#822 = VERTEX_POINT ( 'NONE', #6512 ) ;
#823 = DIRECTION ( 'NONE',  ( 0.000000000000000000, -1.000000000000000000, 0.000000000000000000 ) ) ;
#824 = DIRECTION ( 'NONE',  ( 0.000000000000000000, 0.000000000000000000, -1.000000000000000000 ) ) ;
#825 = FACE_OUTER_BOUND ( 'NONE', #10027, .T. ) ;
#826 = DIRECTION ( 'NONE',  ( -1.000000000000000000, 0.000000000000000000, -4.081702296416015208E-15 ) ) ;
#827 = ORIENTED_EDGE ( 'NONE', *, *, #7367, .T. ) ;
#828 = EDGE_CURVE ( 'NONE', #9391, #5894, #1592, .T. ) ;
#829 = CARTESIAN_POINT ( 'NONE',  ( 0.000000000000000000, 59.13591604948001645, 9.729804593820427172 ) ) ;
#830 = ORIENTED_EDGE ( 'NONE', *, *, #7190, .T. ) ;
#831 = DIRECTION ( 'NONE',  ( 0.000000000000000000, 0.000000000000000000, 1.000000000000000000 ) ) ;
#832 = DIRECTION ( 'NONE',  ( 0.000000000000000000, -1.000000000000000000, 0.000000000000000000 ) ) ;
#833 = ORIENTED_EDGE ( 'NONE', *, *, #2219, .T. ) ;
#834 = ORIENTED_EDGE ( 'NONE', *, *, #6712, .T. ) ;
#835 = DIRECTION ( 'NONE',  ( -1.000000000000000000, -0.000000000000000000, -0.000000000000000000 ) ) ;
#836 = LINE ( 'NONE', #7336, #6231 ) ;
#837 = EDGE_LOOP ( 'NONE', ( #8964, #3659, #2490 ) ) ;
#838 = DIRECTION ( 'NONE',  ( 0.000000000000000000, 0.000000000000000000, -1.000000000000000000 ) ) ;
#839 = CIRCLE ( 'NONE', #6777, 2.500000000000000444 ) ;
#840 = FACE_OUTER_BOUND ( 'NONE', #8176, .T. ) ;
#841 = EDGE_CURVE ( 'NONE', #5023, #6945, #9053, .T. ) ;
#842 = CARTESIAN_POINT ( 'NONE',  ( -0.9999999999999997780, 39.73591604948001077, -0.7111005393564736599 ) ) ;
#843 = CARTESIAN_POINT ( 'NONE',  ( 0.000000000000000000, 59.23591604948001077, 13.72980459382042717 ) ) ;
#844 = CARTESIAN_POINT ( 'NONE',  ( 0.7071067811865350272, 39.73591604948001077, 10.43691137500696620 ) ) ;
#845 = CARTESIAN_POINT ( 'NONE',  ( 0.8429606335300444675, 56.83591604948001930, 23.70440359952783993 ) ) ;
#846 = AXIS2_PLACEMENT_3D ( 'NONE', #10128, #9966, #3668 ) ;
#847 = VECTOR ( 'NONE', #3935, 1000.000000000000000 ) ;
#848 = ORIENTED_EDGE ( 'NONE', *, *, #7785, .F. ) ;
#849 = FACE_OUTER_BOUND ( 'NONE', #2294, .T. ) ;
#850 = CARTESIAN_POINT ( 'NONE',  ( -8.867759061886511418, 43.73591604948001077, 3.831894012917236303 ) ) ;
#851 = CARTESIAN_POINT ( 'NONE',  ( 0.6472030572085655242, 67.70923215760291214, 0.3069464530900600230 ) ) ;
#852 = FACE_BOUND ( 'NONE', #1, .T. ) ;
#853 = EDGE_CURVE ( 'NONE', #6867, #9613, #2919, .T. ) ;
#855 = DIRECTION ( 'NONE',  ( 0.000000000000000000, 1.000000000000000000, 1.084202172485503972E-17 ) ) ;
#854 = CIRCLE ( 'NONE', #3542, 1.749999999999999778 ) ;
#856 = FACE_OUTER_BOUND ( 'NONE', #7607, .T. ) ;
#857 = ORIENTED_EDGE ( 'NONE', *, *, #8366, .F. ) ;
#858 = VECTOR ( 'NONE', #6504, 1000.000000000000000 ) ;
#859 = CARTESIAN_POINT ( 'NONE',  ( 2.449999999999999734, 59.14591604948001446, -7.770195406179568387 ) ) ;
#860 = AXIS2_PLACEMENT_3D ( 'NONE', #4878, #4827, #882 ) ;
#861 = DIRECTION ( 'NONE',  ( -0.000000000000000000, 1.000000000000000000, -0.000000000000000000 ) ) ;
#862 = EDGE_CURVE ( 'NONE', #7581, #9185, #7544, .T. ) ;
#863 = ORIENTED_EDGE ( 'NONE', *, *, #1810, .T. ) ;
#864 = CIRCLE ( 'NONE', #6776, 1.350000000000000533 ) ;
#865 = ORIENTED_EDGE ( 'NONE', *, *, #1048, .F. ) ;
#866 = AXIS2_PLACEMENT_3D ( 'NONE', #2413, #8938, #6500 ) ;
#867 = CARTESIAN_POINT ( 'NONE',  ( 2.000000000000000000, 38.53591604948001503, 5.698675719671151718 ) ) ;
#868 = VERTEX_POINT ( 'NONE', #8465 ) ;
#869 = CARTESIAN_POINT ( 'NONE',  ( -1.008233917515759748, 37.23591604948001077, 21.68737392740870717 ) ) ;
#870 = AXIS2_PLACEMENT_3D ( 'NONE', #5681, #5624, #1664 ) ;
#871 = EDGE_CURVE ( 'NONE', #8719, #3374, #8308, .T. ) ;
#872 = EDGE_CURVE ( 'NONE', #7016, #9074, #2634, .T. ) ;
#873 = CARTESIAN_POINT ( 'NONE',  ( 0.000000000000000000, 63.83591604948001219, 11.22980459382042717 ) ) ;
#874 = ORIENTED_EDGE ( 'NONE', *, *, #1825, .T. ) ;
#875 = ORIENTED_EDGE ( 'NONE', *, *, #1229, .F. ) ;
#876 = VECTOR ( 'NONE', #2235, 1000.000000000000000 ) ;
#877 = DIRECTION ( 'NONE',  ( 0.000000000000000000, -0.000000000000000000, 1.000000000000000000 ) ) ;
#878 = EDGE_CURVE ( 'NONE', #6424, #5752, #4381, .T. ) ;
#879 = AXIS2_PLACEMENT_3D ( 'NONE', #8495, #5302, #3569 ) ;
#880 = ORIENTED_EDGE ( 'NONE', *, *, #8373, .F. ) ;
#881 = LINE ( 'NONE', #1037, #8118 ) ;
#882 = DIRECTION ( 'NONE',  ( 0.000000000000000000, 0.000000000000000000, -1.000000000000000000 ) ) ;
#883 = CARTESIAN_POINT ( 'NONE',  ( -6.438325083730648046, 67.15394013139572849, 8.834964943315155139 ) ) ;
#884 = LINE ( 'NONE', #985, #3640 ) ;
#885 = ORIENTED_EDGE ( 'NONE', *, *, #1826, .F. ) ;
#886 = DIRECTION ( 'NONE',  ( 0.000000000000000000, 1.000000000000000000, 0.000000000000000000 ) ) ;
#887 = ORIENTED_EDGE ( 'NONE', *, *, #5964, .F. ) ;
#888 = DIRECTION ( 'NONE',  ( -0.000000000000000000, 1.000000000000000000, -0.000000000000000000 ) ) ;
#889 = DIRECTION ( 'NONE',  ( 0.000000000000000000, -1.000000000000000000, 0.000000000000000000 ) ) ;
#890 = ORIENTED_EDGE ( 'NONE', *, *, #1995, .F. ) ;
#891 = ORIENTED_EDGE ( 'NONE', *, *, #4128, .F. ) ;
#892 = CARTESIAN_POINT ( 'NONE',  ( -9.425300370510516501, 65.53731925163515371, 9.116624257779976759 ) ) ;
#893 = ORIENTED_EDGE ( 'NONE', *, *, #3243, .F. ) ;
#894 = FACE_OUTER_BOUND ( 'NONE', #10278, .T. ) ;
#895 = CARTESIAN_POINT ( 'NONE',  ( 1.000000000000000000, 38.53591604948001503, -0.7111005393564736599 ) ) ;
#896 = DIRECTION ( 'NONE',  ( 1.148079875614732180E-14, 0.000000000000000000, -1.000000000000000000 ) ) ;
#897 = LINE ( 'NONE', #4054, #9795 ) ;
#898 = FACE_OUTER_BOUND ( 'NONE', #8485, .T. ) ;
#899 = DIRECTION ( 'NONE',  ( 0.000000000000000000, 0.000000000000000000, 1.000000000000000000 ) ) ;
#900 = DIRECTION ( 'NONE',  ( 0.000000000000000000, 0.000000000000000000, 1.000000000000000000 ) ) ;
#901 = ORIENTED_EDGE ( 'NONE', *, *, #3361, .F. ) ;
#902 = EDGE_CURVE ( 'NONE', #7106, #3497, #732, .T. ) ;
#903 = AXIS2_PLACEMENT_3D ( 'NONE', #1766, #9181, #2609 ) ;
#904 = DIRECTION ( 'NONE',  ( 0.000000000000000000, 1.000000000000000000, 0.000000000000000000 ) ) ;
#905 = VECTOR ( 'NONE', #2504, 1000.000000000000000 ) ;
#906 = CARTESIAN_POINT ( 'NONE',  ( 2.000000000000000000, 38.53591604948001503, -2.355827371451393315 ) ) ;
#907 = AXIS2_PLACEMENT_3D ( 'NONE', #4123, #8310, #9790 ) ;
#908 = VECTOR ( 'NONE', #4549, 1000.000000000000000 ) ;
#909 = DIRECTION ( 'NONE',  ( 0.000000000000000000, 0.000000000000000000, -1.000000000000000000 ) ) ;
#910 = LINE ( 'NONE', #8147, #2113 ) ;
#911 = CARTESIAN_POINT ( 'NONE',  ( -2.000000000000130118, 39.73591604948001077, 21.81543655909222679 ) ) ;
#912 = CARTESIAN_POINT ( 'NONE',  ( -0.2003570856964385360, 63.83591604948001219, 7.951097281299261077 ) ) ;
#913 = ORIENTED_EDGE ( 'NONE', *, *, #6789, .T. ) ;
#914 = CARTESIAN_POINT ( 'NONE',  ( 0.000000000000000000, 37.23591604948001077, 9.729804593820427172 ) ) ;
#915 = FACE_OUTER_BOUND ( 'NONE', #4519, .T. ) ;
#916 = CIRCLE ( 'NONE', #6825, 0.2999999999999999334 ) ;
#917 = ORIENTED_EDGE ( 'NONE', *, *, #7160, .T. ) ;
#918 = ADVANCED_FACE ( 'NONE', ( #9266 ), #2068, .F. ) ;
#919 = ORIENTED_EDGE ( 'NONE', *, *, #3186, .F. ) ;
#920 = AXIS2_PLACEMENT_3D ( 'NONE', #9630, #5390, #800 ) ;
#921 = PLANE ( 'NONE',  #1820 ) ;
#922 = ORIENTED_EDGE ( 'NONE', *, *, #8749, .F. ) ;
#923 = CARTESIAN_POINT ( 'NONE',  ( 6.993179104988219486, 36.84381467316708836, 0.7601295854467865487 ) ) ;
#924 = EDGE_CURVE ( 'NONE', #3149, #1400, #9449, .T. ) ;
#925 = CARTESIAN_POINT ( 'NONE',  ( -6.499999897834149998, 39.73591604948001077, 9.730957050364331451 ) ) ;
#926 = ORIENTED_EDGE ( 'NONE', *, *, #4552, .T. ) ;
#927 = ORIENTED_EDGE ( 'NONE', *, *, #9148, .F. ) ;
#928 = CIRCLE ( 'NONE', #7839, 14.00000000000000355 ) ;
#929 = AXIS2_PLACEMENT_3D ( 'NONE', #6243, #4593, #7875 ) ;
#930 = DIRECTION ( 'NONE',  ( 0.000000000000000000, 1.000000000000000000, 0.000000000000000000 ) ) ;
#931 = EDGE_CURVE ( 'NONE', #81, #3872, #4770, .T. ) ;
#932 = VERTEX_POINT ( 'NONE', #5915 ) ;
#933 = VECTOR ( 'NONE', #9956, 1000.000000000000000 ) ;
#934 = CONICAL_SURFACE ( 'NONE', #8193, 1.275000000000000133, 0.7853981633974476129 ) ;
#935 = DIRECTION ( 'NONE',  ( 0.000000000000000000, -1.000000000000000000, 0.000000000000000000 ) ) ;
#936 = CARTESIAN_POINT ( 'NONE',  ( 9.167102047879220450, 39.73591604948001077, -0.8515110164318533403 ) ) ;
#937 = EDGE_CURVE ( 'NONE', #7588, #1136, #7609, .T. ) ;
#938 = CARTESIAN_POINT ( 'NONE',  ( -6.448673862110947397, 67.26453813030192919, 8.908845598323896553 ) ) ;
#939 = CARTESIAN_POINT ( 'NONE',  ( -0.3430517494983376658, 63.83591604948001219, 8.320969792587105118 ) ) ;
#940 = VERTEX_POINT ( 'NONE', #433 ) ;
#941 = CARTESIAN_POINT ( 'NONE',  ( 1.043394649214264502, 63.83591604948001219, 7.634255117909384936 ) ) ;
#942 = ORIENTED_EDGE ( 'NONE', *, *, #7525, .T. ) ;
#943 = CARTESIAN_POINT ( 'NONE',  ( -6.495738381331851663, 65.63698306444179309, 9.996570561504190877 ) ) ;
#944 = B_SPLINE_CURVE_WITH_KNOTS ( 'NONE', 3,
 ( #6559, #7980, #9782, #2523 ),
 .UNSPECIFIED., .F., .F.,
 ( 4, 4 ),
 ( 0.000000000000000000, 0.0001283903908514723985 ),
 .UNSPECIFIED. ) ;
#945 = EDGE_CURVE ( 'NONE', #8213, #5251, #1166, .T. ) ;
#946 = CARTESIAN_POINT ( 'NONE',  ( 0.000000000000000000, 37.23591604948001077, 9.729804593820427172 ) ) ;
#947 = AXIS2_PLACEMENT_3D ( 'NONE', #10000, #5923, #5123 ) ;
#948 = CIRCLE ( 'NONE', #4812, 1.000000000000000888 ) ;
#949 = VERTEX_POINT ( 'NONE', #7715 ) ;
#950 = VERTEX_POINT ( 'NONE', #1897 ) ;
#951 = CARTESIAN_POINT ( 'NONE',  ( -9.445000000000000284, 66.63591604948001645, 11.00480459382037068 ) ) ;
#952 = ORIENTED_EDGE ( 'NONE', *, *, #2401, .T. ) ;
#953 = DIRECTION ( 'NONE',  ( 0.000000000000000000, 1.000000000000000000, 0.000000000000000000 ) ) ;
#954 = CARTESIAN_POINT ( 'NONE',  ( 0.5999999999999998668, 57.53591604948001503, -7.270195406179567499 ) ) ;
#955 = AXIS2_PLACEMENT_3D ( 'NONE', #5297, #257, #310 ) ;
#956 = CARTESIAN_POINT ( 'NONE',  ( -0.5999999999999999778, 57.53491604948001736, -7.270195406179567499 ) ) ;
#957 = CARTESIAN_POINT ( 'NONE',  ( 13.04255772940216218, 37.53403809989985263, 10.72980459382046980 ) ) ;
#958 = CARTESIAN_POINT ( 'NONE',  ( 0.6505476239278856765, 63.83591604948001219, 8.433931224620417666 ) ) ;
#959 = CIRCLE ( 'NONE', #4823, 1.100000000000000311 ) ;
#960 = VERTEX_POINT ( 'NONE', #5971 ) ;
#961 = FACE_OUTER_BOUND ( 'NONE', #4295, .T. ) ;
#962 = DIRECTION ( 'NONE',  ( 0.7071067811865574537, 0.000000000000000000, -0.7071067811865374697 ) ) ;
#963 = CARTESIAN_POINT ( 'NONE',  ( 0.5436631932658229083, 67.77261263995703189, 0.3004000297343528136 ) ) ;
#964 = CARTESIAN_POINT ( 'NONE',  ( 7.131618755195399117, 39.73591604948001077, 19.68985047376220621 ) ) ;
#965 = CARTESIAN_POINT ( 'NONE',  ( 1.600000000000000533, 57.53491604948001736, -7.270195406179567499 ) ) ;
#966 = CYLINDRICAL_SURFACE ( 'NONE', #4831, 0.1999999999999996780 ) ;
#967 = ORIENTED_EDGE ( 'NONE', *, *, #8745, .T. ) ;
#968 = CIRCLE ( 'NONE', #4667, 11.25000000000000000 ) ;
#969 = ADVANCED_FACE ( 'NONE', ( #10048 ), #3645, .F. ) ;
#970 = CARTESIAN_POINT ( 'NONE',  ( 1.959434878635765970E-16, 63.13591604948001645, 8.129804593820425751 ) ) ;
#971 = DIRECTION ( 'NONE',  ( 0.000000000000000000, 0.000000000000000000, -1.000000000000000000 ) ) ;
#972 = ORIENTED_EDGE ( 'NONE', *, *, #3579, .T. ) ;
#973 = DIRECTION ( 'NONE',  ( 0.000000000000000000, -1.000000000000000000, 0.000000000000000000 ) ) ;
#974 = ORIENTED_EDGE ( 'NONE', *, *, #4861, .T. ) ;
#975 = DIRECTION ( 'NONE',  ( 0.000000000000000000, 1.000000000000000000, 0.000000000000000000 ) ) ;
#976 = DIRECTION ( 'NONE',  ( -0.000000000000000000, -1.000000000000000000, -0.000000000000000000 ) ) ;
#977 = VERTEX_POINT ( 'NONE', #10100 ) ;
#978 = ADVANCED_FACE ( 'NONE', ( #4278 ), #3693, .T. ) ;
#979 = VERTEX_POINT ( 'NONE', #283 ) ;
#980 = CYLINDRICAL_SURFACE ( 'NONE', #1608, 1.025000000000000133 ) ;
#981 = VECTOR ( 'NONE', #6975, 1000.000000000000114 ) ;
#982 = EDGE_LOOP ( 'NONE', ( #3584, #4275, #8598, #10138 ) ) ;
#983 = CARTESIAN_POINT ( 'NONE',  ( 0.000000000000000000, 62.93591604948001361, 13.72980459382042717 ) ) ;
#984 = PLANE ( 'NONE',  #5617 ) ;
#985 = CARTESIAN_POINT ( 'NONE',  ( 6.499999433794410031, 41.23591604948001788, 8.933810752080319162 ) ) ;
#986 = ORIENTED_EDGE ( 'NONE', *, *, #9502, .T. ) ;
#987 = AXIS2_PLACEMENT_3D ( 'NONE', #6759, #3630, #6650 ) ;
#988 = ADVANCED_FACE ( 'NONE', ( #5115 ), #4333, .T. ) ;
#989 = DIRECTION ( 'NONE',  ( 0.000000000000000000, 0.000000000000000000, 1.000000000000000000 ) ) ;
#990 = ORIENTED_EDGE ( 'NONE', *, *, #6350, .F. ) ;
#991 = CARTESIAN_POINT ( 'NONE',  ( -6.448647734388108788, 66.00760842062844347, 8.908677493653094359 ) ) ;
#992 = VECTOR ( 'NONE', #8263, 1000.000000000000000 ) ;
#993 = DIRECTION ( 'NONE',  ( 0.000000000000000000, -1.000000000000000000, 0.000000000000000000 ) ) ;
#994 = EDGE_CURVE ( 'NONE', #3237, #6814, #5620, .T. ) ;
#995 = ORIENTED_EDGE ( 'NONE', *, *, #8266, .F. ) ;
#996 = ORIENTED_EDGE ( 'NONE', *, *, #7322, .F. ) ;
#997 = ADVANCED_FACE ( 'NONE', ( #9995 ), #9213, .F. ) ;
#998 = CARTESIAN_POINT ( 'NONE',  ( 1.836970198721030181E-16, 63.03591604948001503, 8.229804593820427172 ) ) ;
#999 = VERTEX_POINT ( 'NONE', #4539 ) ;
#1000 = CARTESIAN_POINT ( 'NONE',  ( -7.131618755195399117, 80.83389579592666507, -0.2302412861213531392 ) ) ;
#1001 = DIRECTION ( 'NONE',  ( 0.000000000000000000, 0.000000000000000000, -1.000000000000000000 ) ) ;
#1002 = EDGE_CURVE ( 'NONE', #9617, #9687, #7876, .T. ) ;
#1003 = CARTESIAN_POINT ( 'NONE',  ( 1.600000000000000533, 57.53591604948001503, -4.470195406179566788 ) ) ;
#1004 = CARTESIAN_POINT ( 'NONE',  ( 8.867759061886591354, 39.73591604948001077, 3.831894012917366421 ) ) ;
#1005 = DIRECTION ( 'NONE',  ( 0.000000000000000000, -1.000000000000000000, 0.000000000000000000 ) ) ;
#1006 = EDGE_CURVE ( 'NONE', #1672, #8603, #3106, .T. ) ;
#1007 = EDGE_CURVE ( 'NONE', #1546, #6139, #4635, .T. ) ;
#1008 = ORIENTED_EDGE ( 'NONE', *, *, #8367, .T. ) ;
#1009 = LINE ( 'NONE', #1590, #3597 ) ;
#1010 = ORIENTED_EDGE ( 'NONE', *, *, #9413, .T. ) ;
#1011 = VECTOR ( 'NONE', #1217, 1000.000000000000000 ) ;
#1012 = CARTESIAN_POINT ( 'NONE',  ( 4.000000000000000000, 59.13591604948001645, -4.412331029910525615 ) ) ;
#1013 = CARTESIAN_POINT ( 'NONE',  ( 1.198567462772482717, 66.80037962436777832, 0.3611621605927999301 ) ) ;
#1014 = CARTESIAN_POINT ( 'NONE',  ( 0.000000000000000000, 56.83591604948001930, 9.729804593820427172 ) ) ;
#1015 = CARTESIAN_POINT ( 'NONE',  ( 0.000000000000000000, 38.53591604948001503, 9.729804593820427172 ) ) ;
#1016 = CARTESIAN_POINT ( 'NONE',  ( -9.960045879941759495, 80.83389579592666507, 16.86142334901586537 ) ) ;
#1017 = CIRCLE ( 'NONE', #6590, 1.000000000000000000 ) ;
#1018 = VECTOR ( 'NONE', #4098, 1000.000000000000000 ) ;
#1019 = DIRECTION ( 'NONE',  ( 0.000000000000000000, -1.000000000000000000, 0.000000000000000000 ) ) ;
#1020 = ORIENTED_EDGE ( 'NONE', *, *, #1575, .T. ) ;
#1021 = VECTOR ( 'NONE', #8990, 1000.000000000000000 ) ;
#1022 = PLANE ( 'NONE',  #4186 ) ;
#1023 = AXIS2_PLACEMENT_3D ( 'NONE', #2640, #9271, #5867 ) ;
#1024 = VERTEX_POINT ( 'NONE', #10309 ) ;
#1025 = CARTESIAN_POINT ( 'NONE',  ( -7.838725536381959458, 37.23994810002849221, 0.4768654950651867175 ) ) ;
#1026 = PLANE ( 'NONE',  #8724 ) ;
#1027 = ORIENTED_EDGE ( 'NONE', *, *, #8087, .F. ) ;
#1028 = AXIS2_PLACEMENT_3D ( 'NONE', #1828, #4263, #1931 ) ;
#1029 = ORIENTED_EDGE ( 'NONE', *, *, #9457, .T. ) ;
#1030 = CARTESIAN_POINT ( 'NONE',  ( -7.571253563712570411, 40.23591604948001077, 0.7443374677345675483 ) ) ;
#1031 = AXIS2_PLACEMENT_3D ( 'NONE', #7861, #3241, #3350 ) ;
#1032 = VERTEX_POINT ( 'NONE', #3055 ) ;
#1033 = AXIS2_PLACEMENT_3D ( 'NONE', #5997, #4252, #9022 ) ;
#1034 = EDGE_CURVE ( 'NONE', #9202, #822, #6291, .T. ) ;
#1035 = CARTESIAN_POINT ( 'NONE',  ( -3.399999999999999467, 59.13591604948001645, -7.770195406179568387 ) ) ;
#1036 = VERTEX_POINT ( 'NONE', #4645 ) ;
#1037 = CARTESIAN_POINT ( 'NONE',  ( -0.4499999999999994560, 59.13591604948001645, -4.470195406179568565 ) ) ;
#1038 = CARTESIAN_POINT ( 'NONE',  ( 8.985467126085728395, 40.23591604948001077, 17.30105815753315923 ) ) ;
#1039 = VECTOR ( 'NONE', #8595, 1000.000000000000000 ) ;
#1040 = VERTEX_POINT ( 'NONE', #2953 ) ;
#1041 = CARTESIAN_POINT ( 'NONE',  ( 0.6505476239278856765, 63.83591604948001219, 8.433931224620417666 ) ) ;
#1042 = EDGE_LOOP ( 'NONE', ( #9346, #7784, #406, #7601 ) ) ;
#1043 = DIRECTION ( 'NONE',  ( 0.000000000000000000, 1.000000000000000000, 1.081498426419455997E-17 ) ) ;
#1044 = CARTESIAN_POINT ( 'NONE',  ( 0.000000000000000000, 44.75113973862977446, 9.729804593820427172 ) ) ;
#1045 = ADVANCED_FACE ( 'NONE', ( #2262 ), #640, .F. ) ;
#1046 = CIRCLE ( 'NONE', #7796, 3.499999999999999556 ) ;
#1047 = ORIENTED_EDGE ( 'NONE', *, *, #1956, .F. ) ;
#1048 = EDGE_CURVE ( 'NONE', #7579, #2621, #9523, .T. ) ;
#1049 = ORIENTED_EDGE ( 'NONE', *, *, #4467, .F. ) ;
#1050 = CARTESIAN_POINT ( 'NONE',  ( 0.1361304815822133862, 65.61091604948002498, 3.229804593820426728 ) ) ;
#1051 = ORIENTED_EDGE ( 'NONE', *, *, #3579, .F. ) ;
#1052 = FACE_OUTER_BOUND ( 'NONE', #5080, .T. ) ;
#1053 = DIRECTION ( 'NONE',  ( 0.000000000000000000, 1.000000000000000000, 0.000000000000000000 ) ) ;
#1054 = EDGE_CURVE ( 'NONE', #4082, #2621, #5478, .T. ) ;
#1055 = FACE_OUTER_BOUND ( 'NONE', #2292, .T. ) ;
#1056 = DIRECTION ( 'NONE',  ( 0.000000000000000000, 0.000000000000000000, -1.000000000000000000 ) ) ;
#1057 = AXIS2_PLACEMENT_3D ( 'NONE', #1406, #668, #6166 ) ;
#1058 = CARTESIAN_POINT ( 'NONE',  ( 0.6056822705535487295, 63.43591604948001361, 8.523301801806624667 ) ) ;
#1059 = EDGE_LOOP ( 'NONE', ( #8375, #5347, #830, #2177, #454, #10059, #8251, #5308, #5083, #7100 ) ) ;
#1060 = ADVANCED_FACE ( 'NONE', ( #1480 ), #5536, .F. ) ;
#1061 = CARTESIAN_POINT ( 'NONE',  ( 3.135322457671664953, 38.53591604948001503, 11.28536014937597720 ) ) ;
#1062 = EDGE_LOOP ( 'NONE', ( #2962, #3923, #4725, #3202 ) ) ;
#1063 = CARTESIAN_POINT ( 'NONE',  ( -1.024926760703540385, 66.49945740744844613, 3.311118969746404517 ) ) ;
#1064 = CARTESIAN_POINT ( 'NONE',  ( 0.9999999999999009681, 50.29182918005297154, 23.69404463758936785 ) ) ;
#1065 = DIRECTION ( 'NONE',  ( 0.000000000000000000, -1.000000000000000000, 0.000000000000000000 ) ) ;
#1066 = ADVANCED_FACE ( 'NONE', ( #735 ), #6192, .T. ) ;
#1067 = LINE ( 'NONE', #9161, #8353 ) ;
#1068 = ADVANCED_FACE ( 'NONE', ( #5436, #7130 ), #3852, .T. ) ;
#1069 = DIRECTION ( 'NONE',  ( 0.04386249709000760583, 0.000000000000000000, 0.9990375775460245134 ) ) ;
#1070 = CARTESIAN_POINT ( 'NONE',  ( 9.372464451446576916, 66.31322178728599681, 10.89955055418111129 ) ) ;
#1071 = EDGE_CURVE ( 'NONE', #5248, #9980, #6168, .T. ) ;
#1072 = CYLINDRICAL_SURFACE ( 'NONE', #1750, 3.499999999999999556 ) ;
#1073 = ORIENTED_EDGE ( 'NONE', *, *, #5149, .T. ) ;
#1074 = DIRECTION ( 'NONE',  ( 0.000000000000000000, 0.000000000000000000, 1.000000000000000000 ) ) ;
#1075 = ORIENTED_EDGE ( 'NONE', *, *, #4847, .T. ) ;
#1076 = LINE ( 'NONE', #242, #2273 ) ;
#1077 = LINE ( 'NONE', #344, #7541 ) ;
#1078 = ORIENTED_EDGE ( 'NONE', *, *, #4678, .T. ) ;
#1079 = VERTEX_POINT ( 'NONE', #10211 ) ;
#1080 = VECTOR ( 'NONE', #9533, 999.9999999999998863 ) ;
#1081 = CARTESIAN_POINT ( 'NONE',  ( 7.698402319198649479, 33.28616858117417365, 8.458534105914942813 ) ) ;
#1082 = VECTOR ( 'NONE', #647, 1000.000000000000000 ) ;
#1083 = ORIENTED_EDGE ( 'NONE', *, *, #1071, .T. ) ;
#1084 = LINE ( 'NONE', #1139, #1318 ) ;
#1085 = ORIENTED_EDGE ( 'NONE', *, *, #5878, .F. ) ;
#1086 = DIRECTION ( 'NONE',  ( 0.000000000000000000, 0.000000000000000000, 1.000000000000000000 ) ) ;
#1087 = CARTESIAN_POINT ( 'NONE',  ( 10.44090513317689961, 38.53591604948001503, 11.82980459382052629 ) ) ;
#1088 = VECTOR ( 'NONE', #1735, 1000.000000000000114 ) ;
#1089 = DIRECTION ( 'NONE',  ( 0.000000000000000000, -0.7071067811865460184, -0.7071067811865489050 ) ) ;
#1090 = VERTEX_POINT ( 'NONE', #8677 ) ;
#1091 = VECTOR ( 'NONE', #217, 1000.000000000000227 ) ;
#1092 = DIRECTION ( 'NONE',  ( -0.000000000000000000, 1.000000000000000000, 0.000000000000000000 ) ) ;
#1093 = ORIENTED_EDGE ( 'NONE', *, *, #2912, .F. ) ;
#1094 = CARTESIAN_POINT ( 'NONE',  ( -6.480465171878152297, 65.74165029450547593, 9.210745784777556011 ) ) ;
#1095 = EDGE_CURVE ( 'NONE', #5666, #6215, #7767, .T. ) ;
#1096 = DIRECTION ( 'NONE',  ( 0.000000000000000000, -1.000000000000000000, 0.000000000000000000 ) ) ;
#1097 = CIRCLE ( 'NONE', #8708, 1.000000000000000888 ) ;
#1098 = VERTEX_POINT ( 'NONE', #5327 ) ;
#1099 = VERTEX_POINT ( 'NONE', #8574 ) ;
#1100 = FACE_OUTER_BOUND ( 'NONE', #9867, .T. ) ;
#1101 = VERTEX_POINT ( 'NONE', #9426 ) ;
#1102 = CARTESIAN_POINT ( 'NONE',  ( 0.000000000000000000, 80.83389579592666507, 9.729804593820427172 ) ) ;
#1103 = FACE_BOUND ( 'NONE', #3053, .T. ) ;
#1104 = DIRECTION ( 'NONE',  ( 0.000000000000000000, -1.000000000000000000, 0.000000000000000000 ) ) ;
#1105 = CARTESIAN_POINT ( 'NONE',  ( 13.50696698006130347, 37.95821897075975926, 10.72980459382047513 ) ) ;
#1106 = VECTOR ( 'NONE', #5491, 1000.000000000000000 ) ;
#1107 = VECTOR ( 'NONE', #4929, 1000.000000000000000 ) ;
#1108 = VECTOR ( 'NONE', #7402, 1000.000000000000000 ) ;
#1109 = ADVANCED_FACE ( 'NONE', ( #536 ), #3631, .F. ) ;
#1110 = DIRECTION ( 'NONE',  ( 0.000000000000000000, 1.000000000000000000, 0.000000000000000000 ) ) ;
#1111 = VERTEX_POINT ( 'NONE', #6980 ) ;
#1112 = ADVANCED_FACE ( 'NONE', ( #3805 ), #10261, .T. ) ;
#1113 = CIRCLE ( 'NONE', #955, 1.000000000000000000 ) ;
#1114 = CARTESIAN_POINT ( 'NONE',  ( 4.608304801002010009, 50.29182918005297154, 10.72980459382042540 ) ) ;
#1115 = ORIENTED_EDGE ( 'NONE', *, *, #8426, .F. ) ;
#1116 = CARTESIAN_POINT ( 'NONE',  ( 0.000000000000000000, 59.13591604948001645, 9.729804593820427172 ) ) ;
#1117 = DIRECTION ( 'NONE',  ( 0.000000000000000000, -1.000000000000000000, 0.000000000000000000 ) ) ;
#1118 = CARTESIAN_POINT ( 'NONE',  ( -2.799999999999999378, 57.53491604948001736, -7.270195406179567499 ) ) ;
#1119 = DIRECTION ( 'NONE',  ( 0.000000000000000000, -1.000000000000000000, 0.000000000000000000 ) ) ;
#1120 = DIRECTION ( 'NONE',  ( 0.000000000000000000, 0.000000000000000000, -1.000000000000000000 ) ) ;
#1121 = EDGE_CURVE ( 'NONE', #4577, #8594, #438, .T. ) ;
#1122 = CARTESIAN_POINT ( 'NONE',  ( 9.382860346641077598, 66.08324860626316877, 8.647752712564292565 ) ) ;
#1123 = AXIS2_PLACEMENT_3D ( 'NONE', #9863, #8230, #8277 ) ;
#1124 = DIRECTION ( 'NONE',  ( 0.000000000000000000, 0.000000000000000000, -1.000000000000000000 ) ) ;
#1125 = VERTEX_POINT ( 'NONE', #6552 ) ;
#1126 = EDGE_CURVE ( 'NONE', #1546, #294, #8245, .T. ) ;
#1127 = DIRECTION ( 'NONE',  ( 0.000000000000000000, 1.000000000000000000, 0.000000000000000000 ) ) ;
#1128 = CARTESIAN_POINT ( 'NONE',  ( 0.000000000000000000, 39.23591604948001077, 9.729804593820427172 ) ) ;
#1129 = ORIENTED_EDGE ( 'NONE', *, *, #4071, .T. ) ;
#1130 = AXIS2_PLACEMENT_3D ( 'NONE', #816, #8055, #4926 ) ;
#1131 = EDGE_CURVE ( 'NONE', #9391, #2406, #10409, .T. ) ;
#1132 = CARTESIAN_POINT ( 'NONE',  ( 3.135322457671656071, 39.73591604948001077, 8.174249038264866485 ) ) ;
#1133 = CYLINDRICAL_SURFACE ( 'NONE', #6524, 1.000000000000000888 ) ;
#1134 = ORIENTED_EDGE ( 'NONE', *, *, #4023, .T. ) ;
#1135 = EDGE_CURVE ( 'NONE', #9174, #8462, #8988, .T. ) ;
#1136 = VERTEX_POINT ( 'NONE', #954 ) ;
#1137 = PLANE ( 'NONE',  #4303 ) ;
#1138 = ORIENTED_EDGE ( 'NONE', *, *, #9660, .T. ) ;
#1139 = CARTESIAN_POINT ( 'NONE',  ( -0.5463643482676924235, 63.83591604948001219, 7.453516826656086280 ) ) ;
#1140 = ORIENTED_EDGE ( 'NONE', *, *, #4335, .F. ) ;
#1141 = DIRECTION ( 'NONE',  ( -0.000000000000000000, 1.000000000000000000, -0.000000000000000000 ) ) ;
#1142 = DIRECTION ( 'NONE',  ( 0.000000000000000000, 0.000000000000000000, -1.000000000000000000 ) ) ;
#1143 = CARTESIAN_POINT ( 'NONE',  ( -1.000000000000000000, 40.23591604948001077, 20.17070972699732678 ) ) ;
#1144 = ORIENTED_EDGE ( 'NONE', *, *, #4071, .F. ) ;
#1145 = CARTESIAN_POINT ( 'NONE',  ( 1.500000000000000444, 59.14591604948001446, -4.470195406179568565 ) ) ;
#1146 = ORIENTED_EDGE ( 'NONE', *, *, #3558, .T. ) ;
#1147 = CARTESIAN_POINT ( 'NONE',  ( 0.000000000000000000, 39.23591604948001077, 9.729804593820427172 ) ) ;
#1148 = CARTESIAN_POINT ( 'NONE',  ( 10.58131561025231449, 38.98256680740168179, 0.5627025459412420272 ) ) ;
#1149 = ORIENTED_EDGE ( 'NONE', *, *, #2536, .F. ) ;
#1150 = ORIENTED_EDGE ( 'NONE', *, *, #171, .T. ) ;
#1151 = CYLINDRICAL_SURFACE ( 'NONE', #2871, 0.9999999999999991118 ) ;
#1152 = APPROVAL ( #3546, 'æœª' ) ;
#1153 = EDGE_LOOP ( 'NONE', ( #2858, #3478, #3763, #1350, #3265, #8332, #10119, #418, #5872, #9447, #3875, #2462, #8435, #10019, #3422, #5476, #6842, #9798, #2079, #224, #1551, #66, #2183, #4802 ) ) ;
#1154 = CARTESIAN_POINT ( 'NONE',  ( 2.800000000000000266, 57.53491604948001736, -7.270195406179567499 ) ) ;
#1155 = DIRECTION ( 'NONE',  ( 0.9981856432648151811, 0.000000000000000000, -0.06021147382357447397 ) ) ;
#1156 = CARTESIAN_POINT ( 'NONE',  ( 0.000000000000000000, 57.53491604948001736, 9.729804593820427172 ) ) ;
#1157 = ORIENTED_EDGE ( 'NONE', *, *, #6544, .F. ) ;
#1158 = DIRECTION ( 'NONE',  ( 0.000000000000000000, -1.000000000000000000, 0.000000000000000000 ) ) ;
#1159 = CARTESIAN_POINT ( 'NONE',  ( -0.9999999999999997780, 37.25604337872307070, 22.06939326755007968 ) ) ;
#1160 = CIRCLE ( 'NONE', #5201, 1.000000000000000888 ) ;
#1161 = VERTEX_POINT ( 'NONE', #4164 ) ;
#1162 = LINE ( 'NONE', #4378, #9854 ) ;
#1163 = EDGE_LOOP ( 'NONE', ( #2030, #410 ) ) ;
#1164 = ADVANCED_FACE ( 'NONE', ( #840 ), #3158, .T. ) ;
#1165 = DIRECTION ( 'NONE',  ( -1.577021341797096821E-15, 0.000000000000000000, 1.000000000000000000 ) ) ;
#1166 = LINE ( 'NONE', #2796, #67 ) ;
#1167 = CARTESIAN_POINT ( 'NONE',  ( 9.368633929408799688, 66.63591604948001645, 10.92843852322935305 ) ) ;
#1168 = DIRECTION ( 'NONE',  ( -1.776356839400250070E-15, 0.000000000000000000, 1.000000000000000000 ) ) ;
#1169 = CARTESIAN_POINT ( 'NONE',  ( 0.5000000000000004441, 59.13591604948001645, -7.770195406179568387 ) ) ;
#1170 = CARTESIAN_POINT ( 'NONE',  ( 9.445000019370166200, 65.36090844501475772, 9.811495738190259885 ) ) ;
#1171 = DIRECTION ( 'NONE',  ( 1.000000000000000000, 0.000000000000000000, 0.000000000000000000 ) ) ;
#1172 = LINE ( 'NONE', #3758, #908 ) ;
#1173 = ADVANCED_FACE ( 'NONE', ( #9776 ), #2568, .T. ) ;
#1174 = LINE ( 'NONE', #4550, #156 ) ;
#1175 = LINE ( 'NONE', #3495, #9881 ) ;
#1176 = VERTEX_POINT ( 'NONE', #3206 ) ;
#1177 = EDGE_CURVE ( 'NONE', #6180, #2613, #6443, .T. ) ;
#1178 = ORIENTED_EDGE ( 'NONE', *, *, #6947, .T. ) ;
#1179 = CARTESIAN_POINT ( 'NONE',  ( -0.3209136884547259538, 67.87655653685995105, 19.17055555046033533 ) ) ;
#1180 = ORIENTED_EDGE ( 'NONE', *, *, #1394, .T. ) ;
#1181 = AXIS2_PLACEMENT_3D ( 'NONE', #5630, #5684, #989 ) ;
#1182 = AXIS2_PLACEMENT_3D ( 'NONE', #3302, #9135, #5284 ) ;
#1183 = EDGE_CURVE ( 'NONE', #2441, #3812, #6497, .T. ) ;
#1184 = VERTEX_POINT ( 'NONE', #5744 ) ;
#1185 = DIRECTION ( 'NONE',  ( 0.000000000000000000, 0.000000000000000000, 1.000000000000000000 ) ) ;
#1186 = FACE_BOUND ( 'NONE', #6914, .T. ) ;
#1187 = DIRECTION ( 'NONE',  ( 0.000000000000000000, 0.000000000000000000, 1.000000000000000000 ) ) ;
#1188 = DIRECTION ( 'NONE',  ( 0.000000000000000000, -1.000000000000000000, 0.000000000000000000 ) ) ;
#1189 = VERTEX_POINT ( 'NONE', #8833 ) ;
#1190 = DIRECTION ( 'NONE',  ( -1.000000000000000000, -0.000000000000000000, -0.000000000000000000 ) ) ;
#1191 = EDGE_CURVE ( 'NONE', #4431, #8153, #1935, .T. ) ;
#1192 = ORIENTED_EDGE ( 'NONE', *, *, #4352, .T. ) ;
#1193 = EDGE_CURVE ( 'NONE', #10026, #1376, #1442, .T. ) ;
#1194 = VECTOR ( 'NONE', #6517, 1000.000000000000000 ) ;
#1195 = CARTESIAN_POINT ( 'NONE',  ( -1.000000000000075939, 39.73591604948001077, 21.81543655909222679 ) ) ;
#1196 = DIRECTION ( 'NONE',  ( 0.000000000000000000, 0.000000000000000000, -1.000000000000000000 ) ) ;
#1197 = ORIENTED_EDGE ( 'NONE', *, *, #9529, .F. ) ;
#1198 = AXIS2_PLACEMENT_3D ( 'NONE', #5540, #10412, #3162 ) ;
#1199 = ORIENTED_EDGE ( 'NONE', *, *, #4157, .F. ) ;
#1200 = CARTESIAN_POINT ( 'NONE',  ( 0.5187075396151521467, 65.74143524296076180, 3.249309499083941954 ) ) ;
#1201 = ORIENTED_EDGE ( 'NONE', *, *, #3178, .F. ) ;
#1202 = CARTESIAN_POINT ( 'NONE',  ( 0.000000000000000000, 69.13591604948000224, 9.729804593820427172 ) ) ;
#1203 = CARTESIAN_POINT ( 'NONE',  ( 0.9634034087125321610, 65.87331383521166117, 0.3339726976627253041 ) ) ;
#1204 = LINE ( 'NONE', #376, #1849 ) ;
#1205 = VERTEX_POINT ( 'NONE', #168 ) ;
#1206 = CARTESIAN_POINT ( 'NONE',  ( -1.274999999999975930, 66.63591604948001645, 0.2848045938204264438 ) ) ;
#1207 = LINE ( 'NONE', #2890, #4410 ) ;
#1208 = CIRCLE ( 'NONE', #7112, 6.250000000000000000 ) ;
#1209 = EDGE_LOOP ( 'NONE', ( #9651, #88, #2103, #7735 ) ) ;
#1210 = LINE ( 'NONE', #5168, #5278 ) ;
#1211 = ORIENTED_EDGE ( 'NONE', *, *, #5544, .F. ) ;
#1212 = LINE ( 'NONE', #2795, #10204 ) ;
#1213 = VECTOR ( 'NONE', #2081, 1000.000000000000000 ) ;
#1214 = DIRECTION ( 'NONE',  ( -0.000000000000000000, -1.000000000000000000, -0.000000000000000000 ) ) ;
#1215 = CARTESIAN_POINT ( 'NONE',  ( 9.368633929408618499, 66.63591604947636426, 8.531170664408573856 ) ) ;
#1216 = MANIFOLD_SOLID_BREP ( '04-Öá³Ð3-8-3-2-solid1', #6221 ) ;
#1217 = DIRECTION ( 'NONE',  ( 0.7071067811865470176, 8.659560562354919300E-17, -0.7071067811865480168 ) ) ;
#1218 = CARTESIAN_POINT ( 'NONE',  ( 1.555555555555555358, 39.73591604948001077, 6.594482136148767992 ) ) ;
#1219 = CARTESIAN_POINT ( 'NONE',  ( 9.440771249771295004, 65.39511284120618484, 9.409672546935942350 ) ) ;
#1220 = EDGE_CURVE ( 'NONE', #7754, #4454, #2365, .T. ) ;
#1221 = CARTESIAN_POINT ( 'NONE',  ( 6.549445795587730323, 37.23591604948001077, 0.5828236836698964529 ) ) ;
#1222 = ORIENTED_EDGE ( 'NONE', *, *, #7075, .F. ) ;
#1223 = CARTESIAN_POINT ( 'NONE',  ( -0.7071067811864829578, 39.73591604948001077, 9.022697812633923675 ) ) ;
#1224 = LINE ( 'NONE', #2010, #7734 ) ;
#1225 = CARTESIAN_POINT ( 'NONE',  ( 0.9989439727043898376, 66.36904633891650462, 16.15280058159468268 ) ) ;
#1226 = CARTESIAN_POINT ( 'NONE',  ( 6.418673928468420442, 66.63591604948001645, 8.704804593820524516 ) ) ;
#1227 = ORIENTED_EDGE ( 'NONE', *, *, #6549, .F. ) ;
#1228 = VERTEX_POINT ( 'NONE', #3367 ) ;
#1229 = EDGE_CURVE ( 'NONE', #4251, #8109, #325, .T. ) ;
#1230 = DIRECTION ( 'NONE',  ( 0.000000000000000000, -1.000000000000000000, 0.000000000000000000 ) ) ;
#1231 = VERTEX_POINT ( 'NONE', #895 ) ;
#1232 = EDGE_CURVE ( 'NONE', #1454, #2288, #5755, .T. ) ;
#1233 = AXIS2_PLACEMENT_3D ( 'NONE', #6740, #6586, #9962 ) ;
#1234 = EDGE_LOOP ( 'NONE', ( #6173, #6429 ) ) ;
#1235 = CARTESIAN_POINT ( 'NONE',  ( -0.3981084587963603649, 67.84135429363402636, 0.2929096486560344159 ) ) ;
#1236 = DIRECTION ( 'NONE',  ( -0.000000000000000000, -1.000000000000000000, -0.000000000000000000 ) ) ;
#1237 = FACE_OUTER_BOUND ( 'NONE', #810, .T. ) ;
#1238 = ORIENTED_EDGE ( 'NONE', *, *, #2266, .T. ) ;
#1239 = AXIS2_PLACEMENT_3D ( 'NONE', #3266, #2527, #6510 ) ;
#1240 = EDGE_CURVE ( 'NONE', #9980, #8622, #7285, .T. ) ;
#1241 = CARTESIAN_POINT ( 'NONE',  ( 2.025689090279039975E-15, 65.36091604948001077, 19.17480459382042568 ) ) ;
#1242 = VERTEX_POINT ( 'NONE', #6811 ) ;
#1243 = EDGE_CURVE ( 'NONE', #9657, #2480, #10033, .T. ) ;
#1244 = DIRECTION ( 'NONE',  ( -0.000000000000000000, 1.000000000000000000, -0.000000000000000000 ) ) ;
#1245 = DIRECTION ( 'NONE',  ( 0.000000000000000000, 0.000000000000000000, -1.000000000000000000 ) ) ;
#1246 = VECTOR ( 'NONE', #2926, 1000.000000000000000 ) ;
#1247 = EDGE_LOOP ( 'NONE', ( #5038, #7860, #10228, #6281 ) ) ;
#1248 = ADVANCED_FACE ( 'NONE', ( #7550 ), #5260, .F. ) ;
#1249 = VECTOR ( 'NONE', #9431, 1000.000000000000000 ) ;
#1250 = ORIENTED_EDGE ( 'NONE', *, *, #7185, .F. ) ;
#1251 = CARTESIAN_POINT ( 'NONE',  ( 1.000000000000000000, 37.95821897075988005, -3.777162386240719538 ) ) ;
#1252 = ORIENTED_EDGE ( 'NONE', *, *, #10360, .F. ) ;
#1253 = ORIENTED_EDGE ( 'NONE', *, *, #8687, .F. ) ;
#1254 = ADVANCED_FACE ( 'NONE', ( #4215, #1103 ), #7599, .T. ) ;
#1255 = CARTESIAN_POINT ( 'NONE',  ( -9.168207402386109095, 37.23591604948001077, 1.987455271629356091 ) ) ;
#1256 = ORIENTED_EDGE ( 'NONE', *, *, #2336, .T. ) ;
#1257 = DIRECTION ( 'NONE',  ( 1.049727191138620421E-16, -0.5150380749100518241, 0.8571673007021137769 ) ) ;
#1258 = CARTESIAN_POINT ( 'NONE',  ( -0.9999999999999991118, 38.73069151434196300, 23.64528253203944885 ) ) ;
#1259 = VECTOR ( 'NONE', #9583, 1000.000000000000000 ) ;
#1260 = AXIS2_PLACEMENT_3D ( 'NONE', #9993, #9316, #1165 ) ;
#1261 = ORIENTED_EDGE ( 'NONE', *, *, #1002, .T. ) ;
#1262 = EDGE_CURVE ( 'NONE', #1189, #9872, #8590, .T. ) ;
#1263 = DIRECTION ( 'NONE',  ( 1.577021341797096821E-15, 0.000000000000000000, 1.000000000000000000 ) ) ;
#1264 = DIRECTION ( 'NONE',  ( 0.000000000000000000, 1.000000000000000000, 0.000000000000000000 ) ) ;
#1265 = CARTESIAN_POINT ( 'NONE',  ( -3.953542708762605162, 39.73591604948001077, 13.68334730258301235 ) ) ;
#1266 = DIRECTION ( 'NONE',  ( 1.000000000000000000, 0.000000000000000000, 0.000000000000000000 ) ) ;
#1267 = AXIS2_PLACEMENT_3D ( 'NONE', #5380, #5438, #8834 ) ;
#1268 = VECTOR ( 'NONE', #2813, 1000.000000000000000 ) ;
#1269 = CARTESIAN_POINT ( 'NONE',  ( 0.5511876865852632923, 63.83591604948001219, 8.422635081417086056 ) ) ;
#1270 = DIRECTION ( 'NONE',  ( 0.000000000000000000, 0.000000000000000000, -1.000000000000000000 ) ) ;
#1271 = CYLINDRICAL_SURFACE ( 'NONE', #5400, 1.749999999999999778 ) ;
#1272 = DIRECTION ( 'NONE',  ( 0.000000000000000000, -1.000000000000000000, 0.000000000000000000 ) ) ;
#1273 = AXIS2_PLACEMENT_3D ( 'NONE', #5706, #9684, #9741 ) ;
#1274 = ORIENTED_EDGE ( 'NONE', *, *, #10106, .F. ) ;
#1275 = DIRECTION ( 'NONE',  ( -0.000000000000000000, 1.000000000000000000, -0.000000000000000000 ) ) ;
#1276 = CARTESIAN_POINT ( 'NONE',  ( -10.58131561025219902, 50.29182918005297154, 0.5627025459410874841 ) ) ;
#1277 = DIRECTION ( 'NONE',  ( 0.000000000000000000, 0.000000000000000000, 1.000000000000000000 ) ) ;
#1278 = PRODUCT_RELATED_PRODUCT_CATEGORY ( 'detail', '', ( #5412 ) ) ;
#1279 = COORDINATED_UNIVERSAL_TIME_OFFSET ( 8, 0, .AHEAD. ) ;
#1280 = CARTESIAN_POINT ( 'NONE',  ( 1.156678901794674034E-15, 59.13591604948001645, 19.17480459382042568 ) ) ;
#1281 = ORIENTED_EDGE ( 'NONE', *, *, #5369, .T. ) ;
#1282 = AXIS2_PLACEMENT_3D ( 'NONE', #7424, #4198, #205 ) ;
#1283 = CARTESIAN_POINT ( 'NONE',  ( -8.867759061886511418, 39.73591604948001077, 3.831894012917236303 ) ) ;
#1284 = ORIENTED_EDGE ( 'NONE', *, *, #2141, .F. ) ;
#1285 = CARTESIAN_POINT ( 'NONE',  ( 0.000000000000000000, 62.93591604948001361, 9.729804593820427172 ) ) ;
#1286 = ORIENTED_EDGE ( 'NONE', *, *, #477, .T. ) ;
#1287 = VECTOR ( 'NONE', #6467, 1000.000000000000000 ) ;
#1288 = ORIENTED_EDGE ( 'NONE', *, *, #8960, .F. ) ;
#1289 = DIRECTION ( 'NONE',  ( 0.000000000000000000, 0.000000000000000000, -1.000000000000000000 ) ) ;
#1290 = DIRECTION ( 'NONE',  ( 0.000000000000000000, 1.000000000000000000, 0.000000000000000000 ) ) ;
#1291 = EDGE_CURVE ( 'NONE', #8512, #5742, #6383, .T. ) ;
#1292 = CARTESIAN_POINT ( 'NONE',  ( 2.449293598294706414E-16, 59.13591604948001645, 11.72980459382042717 ) ) ;
#1293 = DIRECTION ( 'NONE',  ( 0.000000000000000000, -1.000000000000000000, 0.000000000000000000 ) ) ;
#1294 = VERTEX_POINT ( 'NONE', #269 ) ;
#1295 = CARTESIAN_POINT ( 'NONE',  ( -1.599999999999999867, 57.53591604948001503, -7.270195406179567499 ) ) ;
#1296 = EDGE_LOOP ( 'NONE', ( #9847, #5416, #4424, #4632, #4138, #5834, #25, #5715, #4921, #8327, #9584, #6903, #8506, #2664, #9020, #6149, #2619, #3574, #1192, #5822, #708, #8723, #8944, #5896, #3971, #3639, #4125, #4993, #1865 ) ) ;
#1297 = CIRCLE ( 'NONE', #3487, 1.100000000000000311 ) ;
#1298 = CARTESIAN_POINT ( 'NONE',  ( 0.000000000000000000, 59.13591604948001645, 9.729804593820427172 ) ) ;
#1299 = CARTESIAN_POINT ( 'NONE',  ( 4.660649489949149960, 31.87054094663176329, 5.069155103871286983 ) ) ;
#1300 = EDGE_LOOP ( 'NONE', ( #1361, #3099, #1745, #5079 ) ) ;
#1301 = ORIENTED_EDGE ( 'NONE', *, *, #8553, .T. ) ;
#1302 = DIRECTION ( 'NONE',  ( 0.000000000000000000, 0.000000000000000000, -1.000000000000000000 ) ) ;
#1303 = ADVANCED_FACE ( 'NONE', ( #1986 ), #2676, .F. ) ;
#1304 = ORIENTED_EDGE ( 'NONE', *, *, #9048, .T. ) ;
#1305 = CARTESIAN_POINT ( 'NONE',  ( 7.742349322190980487, 37.23591604948001077, 0.5615971914342370308 ) ) ;
#1307 = ORIENTED_EDGE ( 'NONE', *, *, #2405, .T. ) ;
#1306 = PERSON ( 'æœª', 'æœª', 'æœª', ('æœª'), ('æœª'), ('æœª') ) ;
#1308 = PLANE ( 'NONE',  #5224 ) ;
#1309 = ORIENTED_EDGE ( 'NONE', *, *, #4467, .T. ) ;
#1310 = CARTESIAN_POINT ( 'NONE',  ( -0.6292429124076306390, 65.81551133023630484, 16.19999373934730258 ) ) ;
#1311 = EDGE_CURVE ( 'NONE', #5062, #5402, #9269, .T. ) ;
#1312 = CARTESIAN_POINT ( 'NONE',  ( 0.000000000000000000, 59.13591604948001645, 9.729804593820427172 ) ) ;
#1313 = EDGE_CURVE ( 'NONE', #1930, #7696, #151, .T. ) ;
#1314 = ORIENTED_EDGE ( 'NONE', *, *, #9830, .T. ) ;
#1315 = B_SPLINE_CURVE_WITH_KNOTS ( 'NONE', 3,
 ( #8689, #3814, #7041, #10365 ),
 .UNSPECIFIED., .F., .F.,
 ( 4, 4 ),
 ( 8.470329472542999629E-22, 0.0001283903908514712059 ),
 .UNSPECIFIED. ) ;
#1316 = CARTESIAN_POINT ( 'NONE',  ( 8.867759061886641092, 38.53591604948001503, 3.831894012917426373 ) ) ;
#1317 = DIRECTION ( 'NONE',  ( -0.000000000000000000, -1.000000000000000000, -0.000000000000000000 ) ) ;
#1318 = VECTOR ( 'NONE', #3254, 1000.000000000000227 ) ;
#1319 = EDGE_CURVE ( 'NONE', #7994, #3869, #6029, .T. ) ;
#1320 = ORIENTED_EDGE ( 'NONE', *, *, #8826, .T. ) ;
#1321 = DIRECTION ( 'NONE',  ( 0.000000000000000000, -1.000000000000000000, 0.000000000000000000 ) ) ;
#1322 = DIRECTION ( 'NONE',  ( 0.000000000000000000, 0.000000000000000000, 1.000000000000000000 ) ) ;
#1323 = CARTESIAN_POINT ( 'NONE',  ( 9.386880878670256223, 67.26166588217920150, 8.682773795599757705 ) ) ;
#1324 = DIRECTION ( 'NONE',  ( 0.000000000000000000, 1.000000000000000000, 0.000000000000000000 ) ) ;
#1325 = DIRECTION ( 'NONE',  ( 0.000000000000000000, 1.000000000000000000, 1.084202172485503972E-17 ) ) ;
#1326 = AXIS2_PLACEMENT_3D ( 'NONE', #5854, #2833, #1001 ) ;
#1327 = ADVANCED_FACE ( 'NONE', ( #3578 ), #7649, .F. ) ;
#1328 = CARTESIAN_POINT ( 'NONE',  ( -11.70736947396810024, 40.23591604948001077, 8.729804593820304603 ) ) ;
#1329 = EDGE_CURVE ( 'NONE', #9202, #6546, #6895, .T. ) ;
#1330 = AXIS2_PLACEMENT_3D ( 'NONE', #2492, #973, #5821 ) ;
#1331 = FACE_OUTER_BOUND ( 'NONE', #1556, .T. ) ;
#1332 = ORIENTED_EDGE ( 'NONE', *, *, #302, .T. ) ;
#1333 = AXIS2_PLACEMENT_3D ( 'NONE', #911, #4963, #8203 ) ;
#1334 = FACE_OUTER_BOUND ( 'NONE', #10256, .T. ) ;
#1335 = DIRECTION ( 'NONE',  ( 0.000000000000000000, 1.000000000000000000, 0.000000000000000000 ) ) ;
#1336 = CARTESIAN_POINT ( 'NONE',  ( 0.000000000000000000, 63.13591604948001645, 9.729804593820427172 ) ) ;
#1337 = DIRECTION ( 'NONE',  ( 0.7071067811865420216, 0.000000000000000000, 0.7071067811865531239 ) ) ;
#1338 = VERTEX_POINT ( 'NONE', #9306 ) ;
#1339 = PLANE ( 'NONE',  #9123 ) ;
#1340 = VERTEX_POINT ( 'NONE', #2623 ) ;
#1341 = DIRECTION ( 'NONE',  ( 0.000000000000000000, 0.000000000000000000, -1.000000000000000000 ) ) ;
#1342 = ORIENTED_EDGE ( 'NONE', *, *, #3186, .T. ) ;
#1343 = AXIS2_PLACEMENT_3D ( 'NONE', #8297, #7492, #6235 ) ;
#1344 = VERTEX_POINT ( 'NONE', #9093 ) ;
#1345 = CARTESIAN_POINT ( 'NONE',  ( 13.91692152472826649, 38.73517269221109416, 8.729804593820475134 ) ) ;
#1346 = LINE ( 'NONE', #3329, #3657 ) ;
#1347 = CARTESIAN_POINT ( 'NONE',  ( -0.1632572503440170575, 65.36091604948001077, 0.2848045938204257221 ) ) ;
#1348 = ORIENTED_EDGE ( 'NONE', *, *, #6624, .T. ) ;
#1349 = DIRECTION ( 'NONE',  ( 1.000000000000000000, 0.000000000000000000, 0.000000000000000000 ) ) ;
#1350 = ORIENTED_EDGE ( 'NONE', *, *, #4545, .T. ) ;
#1351 = LINE ( 'NONE', #8658, #4594 ) ;
#1352 = AXIS2_PLACEMENT_3D ( 'NONE', #3194, #4937, #6431 ) ;
#1353 = VECTOR ( 'NONE', #9666, 1000.000000000000000 ) ;
#1354 = ADVANCED_FACE ( 'NONE', ( #8402 ), #5052, .F. ) ;
#1355 = B_SPLINE_CURVE_WITH_KNOTS ( 'NONE', 3,
 ( #273, #5905, #1786, #6762, #2734, #7602, #5857, #6604, #9150, #9203 ),
 .UNSPECIFIED., .F., .F.,
 ( 4, 2, 2, 2, 4 ),
 ( 0.000000000000000000, 0.2500000000000000000, 0.5000000000000000000, 0.7500000000000000000, 1.000000000000000000 ),
 .UNSPECIFIED. ) ;
#1356 = ORIENTED_EDGE ( 'NONE', *, *, #8484, .T. ) ;
#1357 = ORIENTED_EDGE ( 'NONE', *, *, #2690, .T. ) ;
#1358 = CYLINDRICAL_SURFACE ( 'NONE', #1535, 1.950000000000001510 ) ;
#1359 = DIRECTION ( 'NONE',  ( 1.000000000000000000, -0.000000000000000000, 0.000000000000000000 ) ) ;
#1360 = CONICAL_SURFACE ( 'NONE', #7604, 13.79999999999999716, 0.7853981633974659315 ) ;
#1361 = ORIENTED_EDGE ( 'NONE', *, *, #607, .T. ) ;
#1362 = CARTESIAN_POINT ( 'NONE',  ( 0.6056822705535487295, 63.83591604948001219, 8.523301801806624667 ) ) ;
#1363 = AXIS2_PLACEMENT_3D ( 'NONE', #1016, #4234, #9999 ) ;
#1364 = ORIENTED_EDGE ( 'NONE', *, *, #3000, .F. ) ;
#1365 = DIRECTION ( 'NONE',  ( 0.000000000000000000, 1.000000000000000000, 0.000000000000000000 ) ) ;
#1366 = ORIENTED_EDGE ( 'NONE', *, *, #5948, .F. ) ;
#1367 = CARTESIAN_POINT ( 'NONE',  ( 0.5719301266378774562, 63.43591604948001361, 8.240186301611155173 ) ) ;
#1368 = DIRECTION ( 'NONE',  ( 0.000000000000000000, 1.000000000000000000, 0.000000000000000000 ) ) ;
#1369 = ADVANCED_FACE ( 'NONE', ( #5472 ), #7751, .F. ) ;
#1370 = AXIS2_PLACEMENT_3D ( 'NONE', #1765, #3189, #4826 ) ;
#1371 = ORIENTED_EDGE ( 'NONE', *, *, #3638, .F. ) ;
#1372 = LINE ( 'NONE', #7028, #4353 ) ;
#1373 = DIRECTION ( 'NONE',  ( -0.000000000000000000, 0.000000000000000000, -1.000000000000000000 ) ) ;
#1374 = AXIS2_PLACEMENT_3D ( 'NONE', #8815, #8973, #4090 ) ;
#1375 = EDGE_CURVE ( 'NONE', #6846, #6945, #7808, .T. ) ;
#1376 = VERTEX_POINT ( 'NONE', #1305 ) ;
#1377 = FACE_OUTER_BOUND ( 'NONE', #186, .T. ) ;
#1378 = DIRECTION ( 'NONE',  ( -0.000000000000000000, -0.000000000000000000, 1.000000000000000000 ) ) ;
#1379 = CARTESIAN_POINT ( 'NONE',  ( -0.03388842960999357418, 63.43591604948001361, 10.02788440584829388 ) ) ;
#1380 = CARTESIAN_POINT ( 'NONE',  ( 0.000000000000000000, 74.83591604948000509, 9.729804593820427172 ) ) ;
#1381 = CIRCLE ( 'NONE', #7278, 1.000000000000000888 ) ;
#1382 = EDGE_CURVE ( 'NONE', #8555, #1611, #9507, .T. ) ;
#1383 = FACE_OUTER_BOUND ( 'NONE', #4872, .T. ) ;
#1384 = EDGE_CURVE ( 'NONE', #7149, #9343, #2248, .T. ) ;
#1385 = DIRECTION ( 'NONE',  ( 0.000000000000000000, 0.000000000000000000, 1.000000000000000000 ) ) ;
#1386 = EDGE_LOOP ( 'NONE', ( #9592, #10140 ) ) ;
#1387 = CIRCLE ( 'NONE', #7288, 14.00000000000000000 ) ;
#1388 = CARTESIAN_POINT ( 'NONE',  ( -2.100000000000000089, 39.73591604948001077, -0.7111005393564736599 ) ) ;
#1389 = EDGE_CURVE ( 'NONE', #2124, #5353, #3510, .T. ) ;
#1390 = CARTESIAN_POINT ( 'NONE',  ( 4.000000000000000000, 57.53591604948001503, -4.412331029910525615 ) ) ;
#1391 = LINE ( 'NONE', #3017, #2107 ) ;
#1392 = CARTESIAN_POINT ( 'NONE',  ( 0.000000000000000000, 56.83591604948001930, 9.729804593820427172 ) ) ;
#1393 = VERTEX_POINT ( 'NONE', #2301 ) ;
#1394 = EDGE_CURVE ( 'NONE', #7428, #6645, #6226, .T. ) ;
#1395 = DIRECTION ( 'NONE',  ( 0.000000000000000000, 0.000000000000000000, 1.000000000000000000 ) ) ;
#1396 = AXIS2_PLACEMENT_3D ( 'NONE', #1508, #6270, #9403 ) ;
#1397 = DIRECTION ( 'NONE',  ( 0.000000000000000000, 1.000000000000000000, 0.000000000000000000 ) ) ;
#1398 = EDGE_LOOP ( 'NONE', ( #195, #10362, #2727, #8906 ) ) ;
#1399 = CARTESIAN_POINT ( 'NONE',  ( 1.500000000000000444, 59.14591604948001446, -7.770195406179568387 ) ) ;
#1400 = VERTEX_POINT ( 'NONE', #8608 ) ;
#1401 = CARTESIAN_POINT ( 'NONE',  ( 7.838725536382019854, 37.23994810002849221, 18.98274369257561744 ) ) ;
#1402 = CARTESIAN_POINT ( 'NONE',  ( -6.499999897834149998, 37.46091604948001219, 8.930957050364341399 ) ) ;
#1403 = ORIENTED_EDGE ( 'NONE', *, *, #12, .F. ) ;
#1404 = CARTESIAN_POINT ( 'NONE',  ( -0.5999999999999999778, 57.53491604948001736, -7.270195406179567499 ) ) ;
#1405 = VERTEX_POINT ( 'NONE', #1362 ) ;
#1406 = CARTESIAN_POINT ( 'NONE',  ( 0.000000000000000000, 74.83591604948000509, 9.729804593820427172 ) ) ;
#1407 = AXIS2_PLACEMENT_3D ( 'NONE', #6026, #2685, #1841 ) ;
#1408 = VERTEX_POINT ( 'NONE', #7019 ) ;
#1409 = AXIS2_PLACEMENT_3D ( 'NONE', #5837, #2026, #5090 ) ;
#1410 = ORIENTED_EDGE ( 'NONE', *, *, #389, .T. ) ;
#1411 = FACE_OUTER_BOUND ( 'NONE', #10122, .T. ) ;
#1412 = CARTESIAN_POINT ( 'NONE',  ( -0.2917801380881104301, 63.83591604948001219, 7.482460279846669060 ) ) ;
#1413 = CARTESIAN_POINT ( 'NONE',  ( 0.000000000000000000, 39.23591604948001077, 9.729804593820427172 ) ) ;
#1414 = ORIENTED_EDGE ( 'NONE', *, *, #7431, .T. ) ;
#1415 = DIRECTION ( 'NONE',  ( -3.384826294588892334E-15, 0.000000000000000000, 1.000000000000000000 ) ) ;
#1416 = EDGE_LOOP ( 'NONE', ( #7908, #3236 ) ) ;
#1417 = DIRECTION ( 'NONE',  ( 0.000000000000000000, 0.000000000000000000, -1.000000000000000000 ) ) ;
#1418 = DIRECTION ( 'NONE',  ( -0.7071067811865574537, 0.000000000000000000, 0.7071067811865374697 ) ) ;
#1419 = AXIS2_PLACEMENT_3D ( 'NONE', #4171, #3325, #9886 ) ;
#1420 = CIRCLE ( 'NONE', #9537, 1.000000000000000000 ) ;
#1421 = ORIENTED_EDGE ( 'NONE', *, *, #2404, .F. ) ;
#1422 = FACE_OUTER_BOUND ( 'NONE', #2546, .T. ) ;
#1423 = CARTESIAN_POINT ( 'NONE',  ( -4.660649489949130420, 39.73591604948001077, 6.069155103871266554 ) ) ;
#1424 = VERTEX_POINT ( 'NONE', #9458 ) ;
#1425 = DIRECTION ( 'NONE',  ( -1.000000000000000000, 0.000000000000000000, -1.724422441570269993E-14 ) ) ;
#1426 = CARTESIAN_POINT ( 'NONE',  ( 0.000000000000000000, 59.13591604948001645, 9.729804593820427172 ) ) ;
#1427 = ADVANCED_FACE ( 'NONE', ( #3931 ), #7166, .F. ) ;
#1428 = DIRECTION ( 'NONE',  ( -0.000000000000000000, -1.000000000000000000, -0.000000000000000000 ) ) ;
#1429 = LOCAL_TIME ( 10, 53, 11.00000000000000000, #6321 ) ;
#1430 = VECTOR ( 'NONE', #5914, 1000.000000000000000 ) ;
#1431 = CARTESIAN_POINT ( 'NONE',  ( 1.024999999999970157, 66.63591604948001645, 16.14847852228883696 ) ) ;
#1432 = CARTESIAN_POINT ( 'NONE',  ( -4.660649489949130420, 38.53591604948001503, 6.069155103871267443 ) ) ;
#1433 = ORIENTED_EDGE ( 'NONE', *, *, #1520, .T. ) ;
#1434 = CIRCLE ( 'NONE', #7342, 14.00000000000000000 ) ;
#1435 = AXIS2_PLACEMENT_3D ( 'NONE', #6577, #8159, #6525 ) ;
#1436 = LINE ( 'NONE', #4603, #7318 ) ;
#1437 = CYLINDRICAL_SURFACE ( 'NONE', #5120, 1.000000000000000000 ) ;
#1438 = PLANE ( 'NONE',  #1941 ) ;
#1439 = ADVANCED_FACE ( 'NONE', ( #10249 ), #9562, .F. ) ;
#1440 = LINE ( 'NONE', #3708, #8903 ) ;
#1441 = VERTEX_POINT ( 'NONE', #10394 ) ;
#1442 = CIRCLE ( 'NONE', #2783, 1.000000000000000000 ) ;
#1443 = DIRECTION ( 'NONE',  ( 0.000000000000000000, -1.000000000000000000, 0.000000000000000000 ) ) ;
#1444 = AXIS2_PLACEMENT_3D ( 'NONE', #9896, #5022, #1903 ) ;
#1445 = AXIS2_PLACEMENT_3D ( 'NONE', #124, #802, #5602 ) ;
#1446 = CARTESIAN_POINT ( 'NONE',  ( 0.000000000000000000, 63.83591604948001219, 9.729804593820427172 ) ) ;
#1447 = EDGE_CURVE ( 'NONE', #9663, #1486, #7066, .T. ) ;
#1448 = ORIENTED_EDGE ( 'NONE', *, *, #5415, .T. ) ;
#1449 = EDGE_CURVE ( 'NONE', #6139, #7754, #1823, .T. ) ;
#1450 = VERTEX_POINT ( 'NONE', #3885 ) ;
#1451 = DIRECTION ( 'NONE',  ( 0.000000000000000000, 1.000000000000000000, 0.000000000000000000 ) ) ;
#1452 = ADVANCED_FACE ( 'NONE', ( #9411 ), #7740, .T. ) ;
#1453 = LINE ( 'NONE', #2923, #7187 ) ;
#1454 = VERTEX_POINT ( 'NONE', #3088 ) ;
#1455 = DIRECTION ( 'NONE',  ( 0.000000000000000000, 0.000000000000000000, -1.000000000000000000 ) ) ;
#1456 = ORIENTED_EDGE ( 'NONE', *, *, #781, .T. ) ;
#1457 = DIRECTION ( 'NONE',  ( 0.000000000000000000, 1.000000000000000000, 0.000000000000000000 ) ) ;
#1458 = EDGE_CURVE ( 'NONE', #7575, #5167, #3359, .T. ) ;
#1459 = EDGE_CURVE ( 'NONE', #2310, #3785, #5539, .T. ) ;
#1461 = AXIS2_PLACEMENT_3D ( 'NONE', #2228, #10225, #9539 ) ;
#1460 = PERSON_AND_ORGANIZATION_ROLE ( 'design_owner' ) ;
#1462 = ORIENTED_EDGE ( 'NONE', *, *, #8818, .T. ) ;
#1463 = CARTESIAN_POINT ( 'NONE',  ( -13.03720823839170606, 37.54475081683169435, 10.72980459382029039 ) ) ;
#1464 = LINE ( 'NONE', #7910, #6936 ) ;
#1465 = CIRCLE ( 'NONE', #7035, 1.350000000000000533 ) ;
#1466 = CARTESIAN_POINT ( 'NONE',  ( -0.1489245988972030255, 63.83591604948001219, 7.498701399469410944 ) ) ;
#1467 = ORIENTED_EDGE ( 'NONE', *, *, #768, .T. ) ;
#1468 = CIRCLE ( 'NONE', #9419, 1.749999999999999778 ) ;
#1469 = LINE ( 'NONE', #5526, #7251 ) ;
#1470 = ORIENTED_EDGE ( 'NONE', *, *, #4791, .F. ) ;
#1471 = FACE_OUTER_BOUND ( 'NONE', #311, .T. ) ;
#1472 = CIRCLE ( 'NONE', #5855, 12.00000000000000000 ) ;
#1473 = LINE ( 'NONE', #579, #9994 ) ;
#1474 = ORIENTED_EDGE ( 'NONE', *, *, #3643, .T. ) ;
#1475 = VERTEX_POINT ( 'NONE', #4879 ) ;
#1476 = CARTESIAN_POINT ( 'NONE',  ( 0.1621609047732981701, 67.90231420454875888, 19.17374011489080843 ) ) ;
#1477 = CARTESIAN_POINT ( 'NONE',  ( 8.969675008373640068, 39.73591604948001077, 16.72298369880864755 ) ) ;
#1478 = ORIENTED_EDGE ( 'NONE', *, *, #174, .T. ) ;
#1479 = PLANE ( 'NONE',  #1593 ) ;
#1480 = FACE_OUTER_BOUND ( 'NONE', #9521, .T. ) ;
#1481 = DIRECTION ( 'NONE',  ( 8.659560562354918067E-17, 0.7071067811865489050, -0.7071067811865460184 ) ) ;
#1482 = CARTESIAN_POINT ( 'NONE',  ( 8.205133554287308963E-16, 69.13591604948000224, 3.029804593820426550 ) ) ;
#1483 = FACE_OUTER_BOUND ( 'NONE', #4351, .T. ) ;
#1484 = PLANE ( 'NONE',  #3097 ) ;
#1485 = CONICAL_SURFACE ( 'NONE', #6891, 1.499999999999999556, 0.7853981633974365106 ) ;
#1486 = VERTEX_POINT ( 'NONE', #9661 ) ;
#1487 = ADVANCED_FACE ( 'NONE', ( #4197 ), #7214, .F. ) ;
#1488 = CARTESIAN_POINT ( 'NONE',  ( -6.549445795587789831, 80.83389579592666507, 18.87678550397091826 ) ) ;
#1489 = DIRECTION ( 'NONE',  ( 0.000000000000000000, 0.000000000000000000, 1.000000000000000000 ) ) ;
#1490 = DIRECTION ( 'NONE',  ( -0.000000000000000000, 1.000000000000000000, -0.000000000000000000 ) ) ;
#1491 = DIRECTION ( 'NONE',  ( 0.000000000000000000, -1.000000000000000000, 0.000000000000000000 ) ) ;
#1492 = DIRECTION ( 'NONE',  ( 1.000000000000000000, 0.000000000000000000, 0.000000000000000000 ) ) ;
#1493 = VERTEX_POINT ( 'NONE', #5576 ) ;
#1494 = VECTOR ( 'NONE', #443, 1000.000000000000000 ) ;
#1495 = CARTESIAN_POINT ( 'NONE',  ( 0.000000000000000000, 39.73591604948001077, 9.729804593820427172 ) ) ;
#1496 = DIRECTION ( 'NONE',  ( 0.000000000000000000, -1.000000000000000000, 0.000000000000000000 ) ) ;
#1497 = AXIS2_PLACEMENT_3D ( 'NONE', #7913, #6376, #673 ) ;
#1498 = ORIENTED_EDGE ( 'NONE', *, *, #2468, .F. ) ;
#1499 = EDGE_CURVE ( 'NONE', #1922, #349, #8329, .T. ) ;
#1500 = CONICAL_SURFACE ( 'NONE', #5711, 4.000000000000000000, 0.7853981633974461696 ) ;
#1501 = ORIENTED_EDGE ( 'NONE', *, *, #8301, .T. ) ;
#1502 = LINE ( 'NONE', #9495, #5925 ) ;
#1503 = EDGE_CURVE ( 'NONE', #8775, #9616, #7373, .T. ) ;
#1504 = CARTESIAN_POINT ( 'NONE',  ( -1.162288625288259380, 66.31588765324991641, 0.3565808026920387896 ) ) ;
#1505 = VERTEX_POINT ( 'NONE', #4934 ) ;
#1506 = CARTESIAN_POINT ( 'NONE',  ( 0.000000000000000000, 55.08591604948001930, 15.12980459382042753 ) ) ;
#1507 = ORIENTED_EDGE ( 'NONE', *, *, #8095, .T. ) ;
#1508 = CARTESIAN_POINT ( 'NONE',  ( -9.960045879941709757, 39.73591604948001077, 2.598185838624917032 ) ) ;
#1509 = ADVANCED_FACE ( 'NONE', ( #3983 ), #3297, .F. ) ;
#1510 = ORIENTED_EDGE ( 'NONE', *, *, #7174, .T. ) ;
#1511 = DIRECTION ( 'NONE',  ( 0.000000000000000000, -1.000000000000000000, 0.000000000000000000 ) ) ;
#1512 = EDGE_CURVE ( 'NONE', #8302, #5283, #2453, .T. ) ;
#1513 = EDGE_CURVE ( 'NONE', #2699, #8129, #203, .T. ) ;
#1514 = CARTESIAN_POINT ( 'NONE',  ( -6.495726004657892183, 67.63479004931792815, 9.996944607364063984 ) ) ;
#1515 = ORIENTED_EDGE ( 'NONE', *, *, #4204, .F. ) ;
#1516 = CARTESIAN_POINT ( 'NONE',  ( 6.499999433794410031, 37.23591604948001077, 8.708810752080317741 ) ) ;
#1517 = ORIENTED_EDGE ( 'NONE', *, *, #4086, .F. ) ;
#1518 = LINE ( 'NONE', #2306, #1353 ) ;
#1519 = CIRCLE ( 'NONE', #8104, 14.00000000000000355 ) ;
#1520 = EDGE_CURVE ( 'NONE', #327, #303, #8229, .T. ) ;
#1521 = LINE ( 'NONE', #3936, #7968 ) ;
#1522 = ORIENTED_EDGE ( 'NONE', *, *, #4771, .T. ) ;
#1523 = VECTOR ( 'NONE', #4779, 1000.000000000000000 ) ;
#1524 = AXIS2_PLACEMENT_3D ( 'NONE', #6136, #7720, #4599 ) ;
#1525 = ORIENTED_EDGE ( 'NONE', *, *, #6178, .F. ) ;
#1526 = CARTESIAN_POINT ( 'NONE',  ( 1.083278901089033575, 67.18709990028777668, 19.11252138811275003 ) ) ;
#1527 = CARTESIAN_POINT ( 'NONE',  ( -9.444970578312387843, 65.36117049168167625, 9.893139690104858275 ) ) ;
#1528 = VERTEX_POINT ( 'NONE', #3402 ) ;
#1529 = DIRECTION ( 'NONE',  ( 0.000000000000000000, 0.000000000000000000, -1.000000000000000000 ) ) ;
#1530 = DIRECTION ( 'NONE',  ( -0.000000000000000000, -1.000000000000000000, -0.000000000000000000 ) ) ;
#1531 = CARTESIAN_POINT ( 'NONE',  ( 8.654635303044456052, 37.69137366613406925, -0.3390442715970873322 ) ) ;
#1532 = VECTOR ( 'NONE', #1428, 1000.000000000000000 ) ;
#1533 = CARTESIAN_POINT ( 'NONE',  ( -11.95756933358828178, 37.23591604948001077, 8.721570676304631675 ) ) ;
#1534 = DIRECTION ( 'NONE',  ( 0.000000000000000000, 0.000000000000000000, -1.000000000000000000 ) ) ;
#1535 = AXIS2_PLACEMENT_3D ( 'NONE', #4578, #7806, #2246 ) ;
#1536 = CARTESIAN_POINT ( 'NONE',  ( -0.3256685676981038724, 63.43591604948001361, 7.780540091874536657 ) ) ;
#1537 = CIRCLE ( 'NONE', #1857, 1.500000000000001332 ) ;
#1538 = ORIENTED_EDGE ( 'NONE', *, *, #9278, .T. ) ;
#1539 = FACE_OUTER_BOUND ( 'NONE', #2934, .T. ) ;
#1540 = CARTESIAN_POINT ( 'NONE',  ( 4.608304801002010009, 39.73591604948001077, 11.72980459382042717 ) ) ;
#1541 = AXIS2_PLACEMENT_3D ( 'NONE', #2476, #5906, #9933 ) ;
#1542 = PLANE ( 'NONE',  #1577 ) ;
#1543 = DIRECTION ( 'NONE',  ( 0.000000000000000000, 0.000000000000000000, 1.000000000000000000 ) ) ;
#1544 = DIRECTION ( 'NONE',  ( 0.000000000000000000, -1.000000000000000000, 0.000000000000000000 ) ) ;
#1545 = DIRECTION ( 'NONE',  ( -0.1129614320333120481, 0.000000000000000000, 0.9935993734262233978 ) ) ;
#1546 = VERTEX_POINT ( 'NONE', #4828 ) ;
#1547 = EDGE_CURVE ( 'NONE', #7575, #1658, #7323, .T. ) ;
#1548 = DIRECTION ( 'NONE',  ( -0.000000000000000000, 1.000000000000000000, 0.000000000000000000 ) ) ;
#1549 = CARTESIAN_POINT ( 'NONE',  ( 3.953542708762599833, 38.53591604948001503, 4.362048322684737300 ) ) ;
#1550 = AXIS2_PLACEMENT_3D ( 'NONE', #6594, #2615, #2461 ) ;
#1551 = ORIENTED_EDGE ( 'NONE', *, *, #6127, .T. ) ;
#1552 = VERTEX_POINT ( 'NONE', #9610 ) ;
#1553 = CARTESIAN_POINT ( 'NONE',  ( -12.58221522705401263, 37.31829136155913318, 8.729804593820293945 ) ) ;
#1554 = VECTOR ( 'NONE', #1457, 1000.000000000000000 ) ;
#1555 = DIRECTION ( 'NONE',  ( 0.000000000000000000, -1.000000000000000000, 0.000000000000000000 ) ) ;
#1556 = EDGE_LOOP ( 'NONE', ( #1829, #6727, #4020, #5146 ) ) ;
#1557 = EDGE_CURVE ( 'NONE', #8493, #584, #1905, .T. ) ;
#1558 = ORIENTED_EDGE ( 'NONE', *, *, #2983, .T. ) ;
#1559 = CARTESIAN_POINT ( 'NONE',  ( 8.969675008373709346, 36.84381467316708836, 2.736625488832286734 ) ) ;
#1560 = ADVANCED_FACE ( 'NONE', ( #825 ), #8918, .F. ) ;
#1561 = ORIENTED_EDGE ( 'NONE', *, *, #339, .T. ) ;
#1562 = CARTESIAN_POINT ( 'NONE',  ( 0.000000000000000000, 63.83591604948001219, 9.729804593820427172 ) ) ;
#1563 = LINE ( 'NONE', #44, #32 ) ;
#1564 = CARTESIAN_POINT ( 'NONE',  ( 0.000000000000000000, 39.23591604948001077, 9.729804593820427172 ) ) ;
#1565 = VERTEX_POINT ( 'NONE', #8974 ) ;
#1566 = EDGE_CURVE ( 'NONE', #5985, #2590, #8062, .T. ) ;
#1567 = CARTESIAN_POINT ( 'NONE',  ( 0.000000000000000000, 68.93591604948001361, 0.2848045938204264438 ) ) ;
#1568 = ORIENTED_EDGE ( 'NONE', *, *, #6954, .F. ) ;
#1569 = DIRECTION ( 'NONE',  ( 0.000000000000000000, 0.000000000000000000, -1.000000000000000000 ) ) ;
#1570 = CARTESIAN_POINT ( 'NONE',  ( 0.000000000000000000, 38.53591604948001503, 9.729804593820427172 ) ) ;
#1571 = EDGE_CURVE ( 'NONE', #8302, #6000, #10016, .T. ) ;
#1572 = ORIENTED_EDGE ( 'NONE', *, *, #12, .T. ) ;
#1573 = ORIENTED_EDGE ( 'NONE', *, *, #5230, .F. ) ;
#1574 = CARTESIAN_POINT ( 'NONE',  ( 5.296193758381059880, 39.73591604948001077, 11.00398865136947535 ) ) ;
#1575 = EDGE_CURVE ( 'NONE', #515, #1707, #2557, .T. ) ;
#1576 = LINE ( 'NONE', #8024, #8769 ) ;
#1577 = AXIS2_PLACEMENT_3D ( 'NONE', #8543, #7633, #7936 ) ;
#1578 = ORIENTED_EDGE ( 'NONE', *, *, #7448, .T. ) ;
#1579 = DIRECTION ( 'NONE',  ( 0.000000000000000000, 0.000000000000000000, 1.000000000000000000 ) ) ;
#1580 = DIRECTION ( 'NONE',  ( -1.734723475976805517E-15, 0.000000000000000000, -1.000000000000000000 ) ) ;
#1581 = DIRECTION ( 'NONE',  ( 0.000000000000000000, -1.000000000000000000, 0.000000000000000000 ) ) ;
#1582 = DIRECTION ( 'NONE',  ( 1.088453945710937704E-14, 0.000000000000000000, -1.000000000000000000 ) ) ;
#1583 = AXIS2_PLACEMENT_3D ( 'NONE', #176, #1688, #4117 ) ;
#1584 = FACE_OUTER_BOUND ( 'NONE', #689, .T. ) ;
#1585 = VECTOR ( 'NONE', #3759, 1000.000000000000000 ) ;
#1586 = DIRECTION ( 'NONE',  ( -1.000000000000000000, 0.000000000000000000, 0.000000000000000000 ) ) ;
#1587 = ADVANCED_FACE ( 'NONE', ( #7268 ), #984, .F. ) ;
#1588 = EDGE_LOOP ( 'NONE', ( #1666, #6372, #4093, #1371 ) ) ;
#1589 = VECTOR ( 'NONE', #4443, 1000.000000000000000 ) ;
#1590 = CARTESIAN_POINT ( 'NONE',  ( 0.000000000000000000, 59.13591604948001645, 8.129804593820425751 ) ) ;
#1591 = DIRECTION ( 'NONE',  ( 0.000000000000000000, -1.000000000000000000, 0.000000000000000000 ) ) ;
#1592 = LINE ( 'NONE', #6565, #3594 ) ;
#1593 = AXIS2_PLACEMENT_3D ( 'NONE', #8729, #3007, #8779 ) ;
#1594 = FACE_OUTER_BOUND ( 'NONE', #1604, .T. ) ;
#1595 = LINE ( 'NONE', #1292, #8737 ) ;
#1596 = CARTESIAN_POINT ( 'NONE',  ( -7.571253563712760482, 40.23591604948001077, 18.71527171990613780 ) ) ;
#1597 = ORIENTED_EDGE ( 'NONE', *, *, #8670, .F. ) ;
#1598 = LINE ( 'NONE', #3383, #7772 ) ;
#1599 = DIRECTION ( 'NONE',  ( 0.000000000000000000, -1.000000000000000000, 0.000000000000000000 ) ) ;
#1600 = AXIS2_PLACEMENT_3D ( 'NONE', #8832, #7975, #10260 ) ;
#1601 = EDGE_LOOP ( 'NONE', ( #972, #4625, #4061, #760 ) ) ;
#1602 = ORIENTED_EDGE ( 'NONE', *, *, #2704, .F. ) ;
#1603 = EDGE_CURVE ( 'NONE', #7618, #9821, #4611, .T. ) ;
#1604 = EDGE_LOOP ( 'NONE', ( #6706, #5852, #6450, #865 ) ) ;
#1605 = CARTESIAN_POINT ( 'NONE',  ( -13.91547793821877121, 38.73069151433853818, 8.729804593820281511 ) ) ;
#1606 = CARTESIAN_POINT ( 'NONE',  ( 4.898587196589410857E-16, 62.93591604948001361, 5.729804593820426284 ) ) ;
#1607 = ORIENTED_EDGE ( 'NONE', *, *, #160, .T. ) ;
#1608 = AXIS2_PLACEMENT_3D ( 'NONE', #819, #4192, #9654 ) ;
#1609 = CIRCLE ( 'NONE', #8360, 2.000000000000000000 ) ;
#1610 = B_SPLINE_CURVE_WITH_KNOTS ( 'NONE', 3,
 ( #1741, #1013, #9740, #2580, #7351, #4806, #2530, #851, #71, #963, #8146, #1791, #4173, #4960 ),
 .UNSPECIFIED., .F., .F.,
 ( 4, 2, 2, 2, 2, 2, 4 ),
 ( 0.000000000000000000, 0.2500000000000173750, 0.5000000000000347500, 0.6250000000000354161, 0.6875000000000295319, 0.7500000000000236478, 1.000000000000000000 ),
 .UNSPECIFIED. ) ;
#1611 = VERTEX_POINT ( 'NONE', #3562 ) ;
#1612 = CARTESIAN_POINT ( 'NONE',  ( -0.7465046583024097515, 67.63627255632968627, 19.14549186016888882 ) ) ;
#1613 = CIRCLE ( 'NONE', #2961, 1.000000000000000000 ) ;
#1614 = ADVANCED_FACE ( 'NONE', ( #3457 ), #2660, .F. ) ;
#1615 = VERTEX_POINT ( 'NONE', #7634 ) ;
#1616 = LINE ( 'NONE', #6476, #6427 ) ;
#1617 = CARTESIAN_POINT ( 'NONE',  ( -6.470258652507329344, 67.45688608965680544, 9.101217907822686470 ) ) ;
#1618 = CARTESIAN_POINT ( 'NONE',  ( 8.189862928211070425, 37.31829136155796789, 19.33388108440468400 ) ) ;
#1619 = ORIENTED_EDGE ( 'NONE', *, *, #8755, .F. ) ;
#1620 = DIRECTION ( 'NONE',  ( 1.015447888376667621E-14, 0.000000000000000000, -1.000000000000000000 ) ) ;
#1621 = EDGE_LOOP ( 'NONE', ( #9293, #9121, #4660, #4286, #7556 ) ) ;
#1622 = CYLINDRICAL_SURFACE ( 'NONE', #2525, 0.2999999999999995448 ) ;
#1623 = AXIS2_PLACEMENT_3D ( 'NONE', #873, #3974, #4137 ) ;
#1624 = DIRECTION ( 'NONE',  ( 0.000000000000000000, 1.000000000000000000, 0.000000000000000000 ) ) ;
#1625 = ORIENTED_EDGE ( 'NONE', *, *, #7698, .T. ) ;
#1626 = EDGE_CURVE ( 'NONE', #2815, #7864, #5886, .T. ) ;
#1627 = ORIENTED_EDGE ( 'NONE', *, *, #5369, .F. ) ;
#1628 = VECTOR ( 'NONE', #10005, 1000.000000000000000 ) ;
#1629 = DIRECTION ( 'NONE',  ( 0.000000000000000000, 0.000000000000000000, -1.000000000000000000 ) ) ;
#1630 = CARTESIAN_POINT ( 'NONE',  ( 9.252939098755110336, 37.23994810002849221, 17.56853013020252874 ) ) ;
#1631 = ORIENTED_EDGE ( 'NONE', *, *, #8132, .T. ) ;
#1632 = DIRECTION ( 'NONE',  ( -0.000000000000000000, 1.000000000000000000, 0.000000000000000000 ) ) ;
#1633 = DIRECTION ( 'NONE',  ( -0.7071067811865335839, 0.000000000000000000, -0.7071067811865615615 ) ) ;
#1634 = ADVANCED_FACE ( 'NONE', ( #2610 ), #6850, .F. ) ;
#1635 = CYLINDRICAL_SURFACE ( 'NONE', #5907, 1.350000000000000533 ) ;
#1636 = CARTESIAN_POINT ( 'NONE',  ( -0.2541632220749516224, 63.83591604948001219, 11.96540318402942837 ) ) ;
#1637 = FACE_OUTER_BOUND ( 'NONE', #3339, .T. ) ;
#1638 = DIRECTION ( 'NONE',  ( 0.000000000000000000, 0.000000000000000000, 1.000000000000000000 ) ) ;
#1639 = VERTEX_POINT ( 'NONE', #9078 ) ;
#1640 = EDGE_CURVE ( 'NONE', #9117, #5402, #8388, .T. ) ;
#1641 = EDGE_CURVE ( 'NONE', #2811, #5424, #9183, .T. ) ;
#1642 = CYLINDRICAL_SURFACE ( 'NONE', #247, 1.100000000000000089 ) ;
#1643 = CARTESIAN_POINT ( 'NONE',  ( 7.131618755195469284, 80.83389579592666507, 19.68985047376215647 ) ) ;
#1644 = CARTESIAN_POINT ( 'NONE',  ( -9.400754946360649456, 67.46324985037499289, 10.64459810547909058 ) ) ;
#1645 = PLANE ( 'NONE',  #9885 ) ;
#1646 = ADVANCED_FACE ( 'NONE', ( #2818, #255 ), #1920, .F. ) ;
#1647 = CARTESIAN_POINT ( 'NONE',  ( 2.449293598294705428E-16, 59.23591604948001788, 11.72980459382042717 ) ) ;
#1648 = DIRECTION ( 'NONE',  ( -0.7071067811865420216, 0.000000000000000000, -0.7071067811865531239 ) ) ;
#1649 = ORIENTED_EDGE ( 'NONE', *, *, #4415, .T. ) ;
#1650 = LINE ( 'NONE', #4811, #7099 ) ;
#1651 = CARTESIAN_POINT ( 'NONE',  ( -6.549445795587620189, 37.23591604948001077, 0.5828236836698166279 ) ) ;
#1652 = ORIENTED_EDGE ( 'NONE', *, *, #2008, .F. ) ;
#1653 = ORIENTED_EDGE ( 'NONE', *, *, #6750, .F. ) ;
#1654 = EDGE_LOOP ( 'NONE', ( #995, #9935, #6733, #4399, #2285, #817, #848 ) ) ;
#1655 = CARTESIAN_POINT ( 'NONE',  ( 0.000000000000000000, 37.23591604948001077, 9.729804593820427172 ) ) ;
#1656 = VECTOR ( 'NONE', #835, 1000.000000000000000 ) ;
#1657 = FACE_OUTER_BOUND ( 'NONE', #208, .T. ) ;
#1658 = VERTEX_POINT ( 'NONE', #5144 ) ;
#1659 = VERTEX_POINT ( 'NONE', #4356 ) ;
#1660 = LINE ( 'NONE', #9855, #3956 ) ;
#1661 = ORIENTED_EDGE ( 'NONE', *, *, #4764, .T. ) ;
#1662 = B_SPLINE_CURVE_WITH_KNOTS ( 'NONE', 3,
 ( #2456, #207, #4883, #9081 ),
 .UNSPECIFIED., .F., .F.,
 ( 4, 4 ),
 ( 8.470329472542999629E-22, 0.0001283903908514636165 ),
 .UNSPECIFIED. ) ;
#1663 = CARTESIAN_POINT ( 'NONE',  ( 11.09904976402513910, 37.23591604948001077, 7.893069899942910972 ) ) ;
#1664 = DIRECTION ( 'NONE',  ( 0.1129614320333117289, 0.000000000000000000, -0.9935993734262232868 ) ) ;
#1665 = CARTESIAN_POINT ( 'NONE',  ( 0.7453148371863976829, 63.83591604948001219, 7.600366688299390105 ) ) ;
#1666 = ORIENTED_EDGE ( 'NONE', *, *, #6800, .F. ) ;
#1667 = CARTESIAN_POINT ( 'NONE',  ( -0.7579821375701850661, 63.83591604948001219, 8.217307618718717066 ) ) ;
#1668 = ORIENTED_EDGE ( 'NONE', *, *, #5445, .F. ) ;
#1669 = DIRECTION ( 'NONE',  ( 0.000000000000000000, -0.000000000000000000, 1.000000000000000000 ) ) ;
#1670 = EDGE_CURVE ( 'NONE', #7428, #2756, #6053, .T. ) ;
#1671 = PLANE ( 'NONE',  #4751 ) ;
#1672 = VERTEX_POINT ( 'NONE', #7688 ) ;
#1673 = ORIENTED_EDGE ( 'NONE', *, *, #6812, .T. ) ;
#1674 = CARTESIAN_POINT ( 'NONE',  ( 0.000000000000000000, 63.83591604948001219, 9.729804593820427172 ) ) ;
#1675 = CARTESIAN_POINT ( 'NONE',  ( 0.000000000000000000, 62.93591604948001361, 9.729804593820427172 ) ) ;
#1676 = VERTEX_POINT ( 'NONE', #5196 ) ;
#1677 = LINE ( 'NONE', #9092, #5636 ) ;
#1678 = AXIS2_PLACEMENT_3D ( 'NONE', #8137, #7132, #1582 ) ;
#1679 = CARTESIAN_POINT ( 'NONE',  ( -4.660649489949149960, 39.73591604948001077, 14.39045408376955848 ) ) ;
#1680 = DIRECTION ( 'NONE',  ( 0.000000000000000000, 1.000000000000000000, 0.000000000000000000 ) ) ;
#1681 = DIRECTION ( 'NONE',  ( 0.000000000000000000, 1.000000000000000000, 0.000000000000000000 ) ) ;
#1682 = ADVANCED_FACE ( 'NONE', ( #9963 ), #2973, .T. ) ;
#1683 = CARTESIAN_POINT ( 'NONE',  ( 1.000000000000001110, 38.98155058613253487, 23.69404463758938917 ) ) ;
#1684 = CARTESIAN_POINT ( 'NONE',  ( 3.953542708762599833, 38.53591604948001503, 4.362048322684737300 ) ) ;
#1685 = VECTOR ( 'NONE', #7966, 1000.000000000000000 ) ;
#1686 = ORIENTED_EDGE ( 'NONE', *, *, #7448, .F. ) ;
#1687 = ADVANCED_FACE ( 'NONE', ( #8438 ), #457, .F. ) ;
#1688 = DIRECTION ( 'NONE',  ( 0.000000000000000000, -1.000000000000000000, 0.000000000000000000 ) ) ;
#1689 = DIRECTION ( 'NONE',  ( 0.000000000000000000, -1.000000000000000000, 0.000000000000000000 ) ) ;
#1690 = DIRECTION ( 'NONE',  ( -0.000000000000000000, 1.000000000000000000, -0.000000000000000000 ) ) ;
#1691 = DIRECTION ( 'NONE',  ( 0.000000000000000000, -1.000000000000000000, 0.000000000000000000 ) ) ;
#1693 = CARTESIAN_POINT ( 'NONE',  ( 0.000000000000000000, 37.23591604948001077, 12.22980459382042717 ) ) ;
#1692 = AXIS2_PLACEMENT_3D ( 'NONE', #6709, #8936, #8136 ) ;
#1694 = DIRECTION ( 'NONE',  ( 8.659560562354932858E-17, 0.7071067811865474617, -0.7071067811865474617 ) ) ;
#1695 = VERTEX_POINT ( 'NONE', #4409 ) ;
#1696 = AXIS2_PLACEMENT_3D ( 'NONE', #8096, #183, #1698 ) ;
#1697 = EDGE_CURVE ( 'NONE', #9211, #8622, #5165, .T. ) ;
#1698 = DIRECTION ( 'NONE',  ( 0.000000000000000000, 0.000000000000000000, -1.000000000000000000 ) ) ;
#1699 = CIRCLE ( 'NONE', #6263, 0.09999999999999983902 ) ;
#1700 = DIRECTION ( 'NONE',  ( 0.000000000000000000, 0.000000000000000000, -1.000000000000000000 ) ) ;
#1701 = ORIENTED_EDGE ( 'NONE', *, *, #7871, .T. ) ;
#1702 = ADVANCED_FACE ( 'NONE', ( #356 ), #6636, .F. ) ;
#1703 = AXIS2_PLACEMENT_3D ( 'NONE', #3560, #7582, #9860 ) ;
#1704 = ORIENTED_EDGE ( 'NONE', *, *, #1191, .F. ) ;
#1705 = VECTOR ( 'NONE', #3683, 1000.000000000000000 ) ;
#1706 = DIRECTION ( 'NONE',  ( -0.000000000000000000, -1.000000000000000000, -0.000000000000000000 ) ) ;
#1707 = VERTEX_POINT ( 'NONE', #8330 ) ;
#1708 = EDGE_CURVE ( 'NONE', #3073, #3344, #6019, .T. ) ;
#1709 = CARTESIAN_POINT ( 'NONE',  ( -1.000000000000073941, 37.23724115402390566, 21.77272545664158443 ) ) ;
#1710 = CARTESIAN_POINT ( 'NONE',  ( -1.723387009752960015E-14, 50.29182918005297154, 10.72980459382052132 ) ) ;
#1711 = ORIENTED_EDGE ( 'NONE', *, *, #9777, .F. ) ;
#1712 = VERTEX_POINT ( 'NONE', #3963 ) ;
#1713 = AXIS2_PLACEMENT_3D ( 'NONE', #5403, #5293, #7004 ) ;
#1714 = CARTESIAN_POINT ( 'NONE',  ( -0.9692941352504245156, 67.40341934133465429, 19.12557389782649864 ) ) ;
#1715 = VECTOR ( 'NONE', #7331, 1000.000000000000000 ) ;
#1716 = ORIENTED_EDGE ( 'NONE', *, *, #5651, .F. ) ;
#1717 = CARTESIAN_POINT ( 'NONE',  ( 9.445000000000000284, 66.63591604948001645, 10.75480459382054121 ) ) ;
#1718 = CARTESIAN_POINT ( 'NONE',  ( 0.000000000000000000, 37.23591604948001077, 9.729804593820427172 ) ) ;
#1719 = CARTESIAN_POINT ( 'NONE',  ( 7.131618755195460402, 38.53591604948001503, 19.68985047376215647 ) ) ;
#1720 = ORIENTED_EDGE ( 'NONE', *, *, #9589, .F. ) ;
#1721 = CARTESIAN_POINT ( 'NONE',  ( 1.024999999999970157, 66.63591604948001645, 16.14847852228883696 ) ) ;
#1722 = ORIENTED_EDGE ( 'NONE', *, *, #236, .F. ) ;
#1723 = CARTESIAN_POINT ( 'NONE',  ( 0.000000000000000000, 80.83389579592666507, 9.729804593820427172 ) ) ;
#1724 = DIRECTION ( 'NONE',  ( 0.000000000000000000, 0.000000000000000000, 1.000000000000000000 ) ) ;
#1725 = EDGE_LOOP ( 'NONE', ( #2314, #2986, #9493, #6965 ) ) ;
#1726 = EDGE_LOOP ( 'NONE', ( #8123, #7156, #4272, #2896, #8728, #9924, #7045, #6751 ) ) ;
#1727 = CARTESIAN_POINT ( 'NONE',  ( -9.400555629749101527, 65.81106046823222755, 10.64670937175906218 ) ) ;
#1728 = ADVANCED_FACE ( 'NONE', ( #7194, #4512, #6901, #8794 ), #4009, .T. ) ;
#1729 = ORIENTED_EDGE ( 'NONE', *, *, #6416, .T. ) ;
#1730 = DIRECTION ( 'NONE',  ( 0.000000000000000000, 1.000000000000000000, 0.000000000000000000 ) ) ;
#1731 = DIRECTION ( 'NONE',  ( 0.000000000000000000, 0.000000000000000000, 1.000000000000000000 ) ) ;
#1732 = PLANE ( 'NONE',  #2196 ) ;
#1733 = CARTESIAN_POINT ( 'NONE',  ( 0.5000000000000004441, 59.14591604948001446, -7.770195406179568387 ) ) ;
#1734 = CARTESIAN_POINT ( 'NONE',  ( 0.000000000000000000, 59.13591604948001645, -3.170195406179573183 ) ) ;
#1735 = DIRECTION ( 'NONE',  ( 0.7071067811865495711, 0.000000000000000000, -0.7071067811865455743 ) ) ;
#1736 = EDGE_LOOP ( 'NONE', ( #9242, #9069, #4716, #6071 ) ) ;
#1737 = CARTESIAN_POINT ( 'NONE',  ( -0.2229493721031010067, 63.83591604948001219, 8.149817155984505845 ) ) ;
#1738 = EDGE_CURVE ( 'NONE', #3995, #5690, #6531, .T. ) ;
#1739 = LINE ( 'NONE', #8896, #3607 ) ;
#1740 = AXIS2_PLACEMENT_3D ( 'NONE', #8527, #7568, #5926 ) ;
#1741 = CARTESIAN_POINT ( 'NONE',  ( 1.198633929408829957, 66.63591604948001645, 0.3611706644116169374 ) ) ;
#1742 = DIRECTION ( 'NONE',  ( 0.000000000000000000, 1.000000000000000000, 0.000000000000000000 ) ) ;
#1743 = LINE ( 'NONE', #3428, #3084 ) ;
#1744 = CARTESIAN_POINT ( 'NONE',  ( -1.449999999999999512, 59.14591604948001446, -4.470195406179568565 ) ) ;
#1745 = ORIENTED_EDGE ( 'NONE', *, *, #4222, .F. ) ;
#1746 = LINE ( 'NONE', #2585, #5739 ) ;
#1747 = CARTESIAN_POINT ( 'NONE',  ( 0.000000000000000000, 69.13591604948000224, 16.42980459382042469 ) ) ;
#1748 = CIRCLE ( 'NONE', #9858, 1.000000000000000000 ) ;
#1749 = ORIENTED_EDGE ( 'NONE', *, *, #304, .T. ) ;
#1750 = AXIS2_PLACEMENT_3D ( 'NONE', #4285, #6722, #2693 ) ;
#1751 = ORIENTED_EDGE ( 'NONE', *, *, #3110, .T. ) ;
#1752 = EDGE_CURVE ( 'NONE', #4082, #4474, #4756, .T. ) ;
#1753 = CARTESIAN_POINT ( 'NONE',  ( 0.000000000000000000, 59.13591604948001645, 9.729804593820427172 ) ) ;
#1754 = ORIENTED_EDGE ( 'NONE', *, *, #1458, .T. ) ;
#1755 = FACE_OUTER_BOUND ( 'NONE', #8778, .T. ) ;
#1756 = CARTESIAN_POINT ( 'NONE',  ( -5.367756271135689872, 38.53591604948001503, 5.776261885057802026 ) ) ;
#1757 = ORIENTED_EDGE ( 'NONE', *, *, #7640, .T. ) ;
#1758 = EDGE_CURVE ( 'NONE', #3073, #2102, #8900, .T. ) ;
#1759 = ORIENTED_EDGE ( 'NONE', *, *, #8079, .T. ) ;
#1760 = AXIS2_PLACEMENT_3D ( 'NONE', #10153, #6771, #9212 ) ;
#1761 = PLANE ( 'NONE',  #5304 ) ;
#1762 = ADVANCED_FACE ( 'NONE', ( #8043 ), #4666, .T. ) ;
#1763 = ADVANCED_FACE ( 'NONE', ( #8544 ), #563, .T. ) ;
#1764 = ORIENTED_EDGE ( 'NONE', *, *, #5429, .F. ) ;
#1765 = CARTESIAN_POINT ( 'NONE',  ( -9.195000000000000284, 66.63591604948001645, 9.729804593820372105 ) ) ;
#1766 = CARTESIAN_POINT ( 'NONE',  ( -2.269462866248204551E-14, 66.63591604948001645, 18.92480459382042568 ) ) ;
#1767 = DIRECTION ( 'NONE',  ( 0.000000000000000000, -1.000000000000000000, 0.000000000000000000 ) ) ;
#1768 = DIRECTION ( 'NONE',  ( 0.000000000000000000, 0.000000000000000000, 1.000000000000000000 ) ) ;
#1769 = ORIENTED_EDGE ( 'NONE', *, *, #872, .T. ) ;
#1770 = DIRECTION ( 'NONE',  ( -0.000000000000000000, -1.000000000000000000, -0.000000000000000000 ) ) ;
#1771 = EDGE_CURVE ( 'NONE', #8591, #3331, #1465, .T. ) ;
#1772 = ORIENTED_EDGE ( 'NONE', *, *, #9270, .F. ) ;
#1773 = EDGE_CURVE ( 'NONE', #616, #5928, #6875, .T. ) ;
#1774 = FACE_OUTER_BOUND ( 'NONE', #5883, .T. ) ;
#1775 = DIRECTION ( 'NONE',  ( 0.000000000000000000, 0.000000000000000000, -1.000000000000000000 ) ) ;
#1776 = CIRCLE ( 'NONE', #2086, 1.000000000000000000 ) ;
#1777 = AXIS2_PLACEMENT_3D ( 'NONE', #8012, #7662, #8518 ) ;
#1778 = ORIENTED_EDGE ( 'NONE', *, *, #6406, .F. ) ;
#1779 = EDGE_LOOP ( 'NONE', ( #9179, #8086, #605, #10379 ) ) ;
#1780 = DIRECTION ( 'NONE',  ( 1.000000000000000000, 0.000000000000000000, -0.000000000000000000 ) ) ;
#1781 = VERTEX_POINT ( 'NONE', #3122 ) ;
#1782 = CARTESIAN_POINT ( 'NONE',  ( 7.131618755195509252, 39.73591604948001077, -0.2302412861212837503 ) ) ;
#1783 = DIRECTION ( 'NONE',  ( 1.000000000000000000, 0.000000000000000000, 0.000000000000000000 ) ) ;
#1784 = VECTOR ( 'NONE', #4411, 1000.000000000000114 ) ;
#1785 = CARTESIAN_POINT ( 'NONE',  ( 7.703805109207739754, 33.28616858117417365, 11.00398865136948956 ) ) ;
#1786 = CARTESIAN_POINT ( 'NONE',  ( 0.2669756689115584947, 67.63481559052966929, 3.234072191371364369 ) ) ;
#1787 = CARTESIAN_POINT ( 'NONE',  ( -9.167102047879078341, 50.29182918005297154, -0.8515110164319730224 ) ) ;
#1788 = VECTOR ( 'NONE', #976, 1000.000000000000000 ) ;
#1789 = LINE ( 'NONE', #2576, #9191 ) ;
#1790 = DIRECTION ( 'NONE',  ( 0.000000000000000000, 1.000000000000000000, 0.000000000000000000 ) ) ;
#1791 = CARTESIAN_POINT ( 'NONE',  ( 0.3209428795821199221, 67.87655029095120085, 0.2890544390125102669 ) ) ;
#1792 = DIRECTION ( 'NONE',  ( -0.2670038758024720349, 0.000000000000000000, 0.9636954551654055567 ) ) ;
#1793 = CARTESIAN_POINT ( 'NONE',  ( -9.960045879941759495, 38.53591604948001503, 16.86142334901585826 ) ) ;
#1794 = CONICAL_SURFACE ( 'NONE', #8394, 6.500000000000000888, 0.7853981633974335130 ) ;
#1795 = FACE_OUTER_BOUND ( 'NONE', #3336, .T. ) ;
#1796 = EDGE_CURVE ( 'NONE', #4170, #1032, #1472, .T. ) ;
#1797 = CARTESIAN_POINT ( 'NONE',  ( 0.000000000000000000, 63.13591604948001645, 9.729804593820427172 ) ) ;
#1798 = ORIENTED_EDGE ( 'NONE', *, *, #6448, .T. ) ;
#1799 = CARTESIAN_POINT ( 'NONE',  ( 1.500000000000000444, 59.14591604948001446, -4.470195406179568565 ) ) ;
#1800 = ORIENTED_EDGE ( 'NONE', *, *, #339, .F. ) ;
#1801 = CARTESIAN_POINT ( 'NONE',  ( 6.418685628708382218, 66.49940239646876705, 8.704877862137800903 ) ) ;
#1802 = CARTESIAN_POINT ( 'NONE',  ( 1.397593656271310714, 39.73591604948001077, -1.557637796829347554 ) ) ;
#1803 = ORIENTED_EDGE ( 'NONE', *, *, #9534, .F. ) ;
#1804 = EDGE_CURVE ( 'NONE', #3972, #7106, #5603, .T. ) ;
#1805 = ORIENTED_EDGE ( 'NONE', *, *, #9330, .F. ) ;
#1806 = EDGE_CURVE ( 'NONE', #7917, #7040, #1595, .T. ) ;
#1807 = CARTESIAN_POINT ( 'NONE',  ( 0.000000000000000000, 63.13591604948001645, 9.729804593820427172 ) ) ;
#1808 = ORIENTED_EDGE ( 'NONE', *, *, #1291, .F. ) ;
#1809 = AXIS2_PLACEMENT_3D ( 'NONE', #5882, #5938, #8829 ) ;
#1810 = EDGE_CURVE ( 'NONE', #92, #81, #9397, .T. ) ;
#1811 = ORIENTED_EDGE ( 'NONE', *, *, #2266, .F. ) ;
#1812 = LINE ( 'NONE', #5940, #7269 ) ;
#1813 = CARTESIAN_POINT ( 'NONE',  ( -0.2259228640666239851, 63.13591604948001645, 11.71700334067287308 ) ) ;
#1814 = CARTESIAN_POINT ( 'NONE',  ( -1.599999999999999645, 57.53491604948001736, -7.270195406179567499 ) ) ;
#1815 = ORIENTED_EDGE ( 'NONE', *, *, #3426, .F. ) ;
#1816 = AXIS2_PLACEMENT_3D ( 'NONE', #6229, #7863, #2092 ) ;
#1817 = CARTESIAN_POINT ( 'NONE',  ( 1.002753247070578002, 37.23591604948001077, -2.270209151422314164 ) ) ;
#1818 = ORIENTED_EDGE ( 'NONE', *, *, #3611, .T. ) ;
#1819 = CARTESIAN_POINT ( 'NONE',  ( -6.418673928468400014, 66.63591604948001645, 8.704804593820389513 ) ) ;
#1820 = AXIS2_PLACEMENT_3D ( 'NONE', #2545, #240, #189 ) ;
#1821 = EDGE_CURVE ( 'NONE', #5320, #2780, #2641, .T. ) ;
#1822 = LINE ( 'NONE', #3358, #3063 ) ;
#1823 = CIRCLE ( 'NONE', #1497, 0.9999999999999991118 ) ;
#1824 = ORIENTED_EDGE ( 'NONE', *, *, #2181, .T. ) ;
#1825 = EDGE_CURVE ( 'NONE', #5298, #9481, #2132, .T. ) ;
#1826 = EDGE_CURVE ( 'NONE', #2154, #6534, #9590, .T. ) ;
#1827 = ORIENTED_EDGE ( 'NONE', *, *, #4083, .F. ) ;
#1828 = CARTESIAN_POINT ( 'NONE',  ( -1.000000000000000000, 50.29182918005297154, 9.729804593820427172 ) ) ;
#1829 = ORIENTED_EDGE ( 'NONE', *, *, #2975, .T. ) ;
#1830 = FACE_OUTER_BOUND ( 'NONE', #2170, .T. ) ;
#1831 = CARTESIAN_POINT ( 'NONE',  ( 0.000000000000000000, 57.53591604948001503, 9.729804593820427172 ) ) ;
#1832 = ADVANCED_FACE ( 'NONE', ( #2425 ), #1967, .F. ) ;
#1833 = B_SPLINE_CURVE_WITH_KNOTS ( 'NONE', 3,
 ( #7064, #10338, #572, #7959, #7748, #10291, #516, #1463, #5309, #3732, #10193, #2938 ),
 .UNSPECIFIED., .F., .F.,
 ( 4, 2, 2, 2, 2, 4 ),
 ( 0.000000000000000000, 0.2500000000000028311, 0.5000000000000056621, 0.6250000000000046629, 0.7500000000000035527, 1.000000000000000000 ),
 .UNSPECIFIED. ) ;
#1834 = FACE_OUTER_BOUND ( 'NONE', #2515, .T. ) ;
#1835 = CARTESIAN_POINT ( 'NONE',  ( -6.499999897834149998, 38.53591604948001503, 9.730957050364331451 ) ) ;
#1836 = CARTESIAN_POINT ( 'NONE',  ( 1.000000000000000888, 37.69137366613360030, 22.96930721677841447 ) ) ;
#1837 = VERTEX_POINT ( 'NONE', #1647 ) ;
#1838 = CARTESIAN_POINT ( 'NONE',  ( -0.6285311651843175085, 67.45688692798046304, 3.259543856891812030 ) ) ;
#1839 = EDGE_LOOP ( 'NONE', ( #6752, #2534 ) ) ;
#1840 = DIRECTION ( 'NONE',  ( 0.000000000000000000, -1.000000000000000000, 0.000000000000000000 ) ) ;
#1841 = DIRECTION ( 'NONE',  ( 0.000000000000000000, 0.000000000000000000, 1.000000000000000000 ) ) ;
#1842 = FACE_OUTER_BOUND ( 'NONE', #6588, .T. ) ;
#1843 = LINE ( 'NONE', #6567, #2578 ) ;
#1844 = DIRECTION ( 'NONE',  ( -1.000000000000000000, -0.000000000000000000, -0.000000000000000000 ) ) ;
#1845 = CARTESIAN_POINT ( 'NONE',  ( 9.382718094851028923, 66.08471659381901020, 10.81307223337567613 ) ) ;
#1846 = AXIS2_PLACEMENT_3D ( 'NONE', #2123, #1548, #6207 ) ;
#1847 = DIRECTION ( 'NONE',  ( 0.000000000000000000, 0.000000000000000000, -1.000000000000000000 ) ) ;
#1848 = ORIENTED_EDGE ( 'NONE', *, *, #7434, .T. ) ;
#1849 = VECTOR ( 'NONE', #4427, 1000.000000000000000 ) ;
#1850 = CARTESIAN_POINT ( 'NONE',  ( -0.7579821375701850661, 63.83591604948001219, 8.217307618718717066 ) ) ;
#1851 = CIRCLE ( 'NONE', #4723, 2.500000000000000444 ) ;
#1852 = ORIENTED_EDGE ( 'NONE', *, *, #3125, .F. ) ;
#1853 = CARTESIAN_POINT ( 'NONE',  ( 6.438438859412584314, 66.11639950188978787, 8.835764893759879612 ) ) ;
#1854 = EDGE_CURVE ( 'NONE', #7519, #7051, #7884, .T. ) ;
#1855 = LINE ( 'NONE', #4396, #6700 ) ;
#1856 = EDGE_LOOP ( 'NONE', ( #1704, #7415, #9822, #1538, #8226, #1652, #4079 ) ) ;
#1857 = AXIS2_PLACEMENT_3D ( 'NONE', #3411, #4209, #5897 ) ;
#1858 = ORIENTED_EDGE ( 'NONE', *, *, #171, .F. ) ;
#1859 = CARTESIAN_POINT ( 'NONE',  ( -0.1489245988972030255, 63.83591604948001219, 7.498701399469410944 ) ) ;
#1860 = CIRCLE ( 'NONE', #7954, 1.100000000000000311 ) ;
#1861 = VECTOR ( 'NONE', #4747, 1000.000000000000114 ) ;
#1862 = ORIENTED_EDGE ( 'NONE', *, *, #2569, .F. ) ;
#1863 = CIRCLE ( 'NONE', #4236, 11.25000000000000000 ) ;
#1864 = DIRECTION ( 'NONE',  ( 8.673617379884032317E-15, 0.000000000000000000, 1.000000000000000000 ) ) ;
#1865 = ORIENTED_EDGE ( 'NONE', *, *, #7516, .T. ) ;
#1866 = CARTESIAN_POINT ( 'NONE',  ( -0.03388842960999357418, 63.83591604948001219, 10.02788440584829388 ) ) ;
#1867 = EDGE_CURVE ( 'NONE', #1405, #8591, #1346, .T. ) ;
#1868 = DIRECTION ( 'NONE',  ( 0.000000000000000000, 1.000000000000000000, 0.000000000000000000 ) ) ;
#1869 = CIRCLE ( 'NONE', #7957, 0.09999999999999983902 ) ;
#1870 = DIRECTION ( 'NONE',  ( 0.000000000000000000, 0.000000000000000000, 1.000000000000000000 ) ) ;
#1871 = ORIENTED_EDGE ( 'NONE', *, *, #5501, .F. ) ;
#1872 = DIRECTION ( 'NONE',  ( 1.577021341797096821E-15, 0.000000000000000000, 1.000000000000000000 ) ) ;
#1873 = VERTEX_POINT ( 'NONE', #1693 ) ;
#1874 = CARTESIAN_POINT ( 'NONE',  ( -1.000000000000101918, 39.73591604948001077, 23.69404463758934654 ) ) ;
#1875 = EDGE_CURVE ( 'NONE', #5372, #4762, #5007, .T. ) ;
#1876 = CARTESIAN_POINT ( 'NONE',  ( -12.08563196527180139, 39.73591604948001077, 8.729804593820313485 ) ) ;
#1877 = AXIS2_PLACEMENT_3D ( 'NONE', #946, #832, #1775 ) ;
#1878 = VERTEX_POINT ( 'NONE', #126 ) ;
#1879 = ORIENTED_EDGE ( 'NONE', *, *, #10429, .T. ) ;
#1880 = CARTESIAN_POINT ( 'NONE',  ( 0.000000000000000000, 59.23591604948001788, 9.729804593820427172 ) ) ;
#1881 = ADVANCED_FACE ( 'NONE', ( #9892 ), #2636, .F. ) ;
#1882 = ORIENTED_EDGE ( 'NONE', *, *, #3299, .T. ) ;
#1883 = DIRECTION ( 'NONE',  ( 0.000000000000000000, -1.000000000000000000, 0.000000000000000000 ) ) ;
#1884 = CARTESIAN_POINT ( 'NONE',  ( 5.727727414766839696E-15, 39.73591604948001077, 8.729804593820396974 ) ) ;
#1885 = CARTESIAN_POINT ( 'NONE',  ( 12.08563196527182093, 38.53591604948001503, 7.729804593820466252 ) ) ;
#1886 = PLANE ( 'NONE',  #9463 ) ;
#1887 = VECTOR ( 'NONE', #8810, 1000.000000000000000 ) ;
#1888 = EDGE_CURVE ( 'NONE', #9125, #8322, #1067, .T. ) ;
#1889 = CARTESIAN_POINT ( 'NONE',  ( 0.7071067811865919817, 39.73591604948001077, 10.43691137500703903 ) ) ;
#1890 = B_SPLINE_CURVE_WITH_KNOTS ( 'NONE', 3,
 ( #7768, #5973, #8576, #9218 ),
 .UNSPECIFIED., .F., .F.,
 ( 4, 4 ),
 ( 8.470329472542999629E-22, 0.0001283903908514652157 ),
 .UNSPECIFIED. ) ;
#1891 = EDGE_CURVE ( 'NONE', #6916, #5087, #8258, .T. ) ;
#1892 = ORIENTED_EDGE ( 'NONE', *, *, #160, .F. ) ;
#1893 = DIRECTION ( 'NONE',  ( 0.000000000000000000, 0.000000000000000000, 1.000000000000000000 ) ) ;
#1894 = ORIENTED_EDGE ( 'NONE', *, *, #2222, .T. ) ;
#1895 = EDGE_CURVE ( 'NONE', #8710, #8912, #4280, .T. ) ;
#1896 = CARTESIAN_POINT ( 'NONE',  ( 0.000000000000000000, 63.13591604948001645, 9.729804593820427172 ) ) ;
#1897 = CARTESIAN_POINT ( 'NONE',  ( 6.499999433794410031, 37.46091604948001219, 10.53381075208030637 ) ) ;
#1898 = CARTESIAN_POINT ( 'NONE',  ( -4.660649489949149960, 31.87054094663176329, 14.39045408376955848 ) ) ;
#1899 = DIRECTION ( 'NONE',  ( 0.000000000000000000, -1.000000000000000000, 0.000000000000000000 ) ) ;
#1900 = CARTESIAN_POINT ( 'NONE',  ( 0.000000000000000000, 68.93591604948001361, 9.729804593820427172 ) ) ;
#1901 = EDGE_CURVE ( 'NONE', #1231, #4106, #3794, .T. ) ;
#1902 = CARTESIAN_POINT ( 'NONE',  ( 9.410720787071090498, 65.68904869249939793, 10.53563947835379544 ) ) ;
#1903 = DIRECTION ( 'NONE',  ( 0.000000000000000000, 0.000000000000000000, 1.000000000000000000 ) ) ;
#1904 = EDGE_LOOP ( 'NONE', ( #7259, #7179, #2085, #2390 ) ) ;
#1905 = CIRCLE ( 'NONE', #10191, 14.00000000000000000 ) ;
#1906 = DIRECTION ( 'NONE',  ( -0.000000000000000000, 1.000000000000000000, -0.000000000000000000 ) ) ;
#1907 = CARTESIAN_POINT ( 'NONE',  ( 4.616794899587770118, 38.53591604948001503, 7.729804593820426284 ) ) ;
#1908 = ORIENTED_EDGE ( 'NONE', *, *, #5122, .F. ) ;
#1909 = CARTESIAN_POINT ( 'NONE',  ( 6.438285462309810470, 66.11845136189809580, 10.62491740616113844 ) ) ;
#1910 = CARTESIAN_POINT ( 'NONE',  ( -0.2436918121557152261, 63.83591604948001219, 8.332265935790436728 ) ) ;
#1911 = ORIENTED_EDGE ( 'NONE', *, *, #2993, .T. ) ;
#1912 = VERTEX_POINT ( 'NONE', #9942 ) ;
#1913 = CIRCLE ( 'NONE', #5970, 1.100000000000000311 ) ;
#1914 = CIRCLE ( 'NONE', #7831, 1.749999999999999778 ) ;
#1915 = APPROVAL ( #7856, 'æœª' ) ;
#1916 = ORIENTED_EDGE ( 'NONE', *, *, #527, .F. ) ;
#1917 = DIRECTION ( 'NONE',  ( 0.000000000000000000, -1.000000000000000000, 0.000000000000000000 ) ) ;
#1918 = ORIENTED_EDGE ( 'NONE', *, *, #9476, .F. ) ;
#1919 = CARTESIAN_POINT ( 'NONE',  ( -8.721151920280318492, 37.77423283245866514, 19.86517007647367805 ) ) ;
#1920 = PLANE ( 'NONE',  #8679 ) ;
#1921 = DIRECTION ( 'NONE',  ( 0.000000000000000000, 1.000000000000000000, 0.000000000000000000 ) ) ;
#1922 = VERTEX_POINT ( 'NONE', #9743 ) ;
#1923 = CARTESIAN_POINT ( 'NONE',  ( -0.9151969498571045358, 65.80908091461472509, 19.13052034843879312 ) ) ;
#1924 = ORIENTED_EDGE ( 'NONE', *, *, #9336, .T. ) ;
#1925 = LINE ( 'NONE', #9348, #4419 ) ;
#1926 = VECTOR ( 'NONE', #6514, 1000.000000000000000 ) ;
#1927 = EDGE_CURVE ( 'NONE', #7699, #10108, #9209, .T. ) ;
#1928 = AXIS2_PLACEMENT_3D ( 'NONE', #10139, #4425, #3471 ) ;
#1929 = EDGE_LOOP ( 'NONE', ( #7709, #2513, #1314, #8571, #9611, #1261, #10403, #7283 ) ) ;
#1930 = VERTEX_POINT ( 'NONE', #7456 ) ;
#1931 = DIRECTION ( 'NONE',  ( 0.000000000000000000, 1.000000000000000000, 0.000000000000000000 ) ) ;
#1932 = ORIENTED_EDGE ( 'NONE', *, *, #7972, .T. ) ;
#1933 = LINE ( 'NONE', #9145, #275 ) ;
#1934 = CARTESIAN_POINT ( 'NONE',  ( 0.7440495446491760534, 65.63307658188064408, 0.3139322794223866064 ) ) ;
#1935 = CIRCLE ( 'NONE', #7857, 1.000000000000000888 ) ;
#1936 = DIRECTION ( 'NONE',  ( 0.000000000000000000, 1.000000000000000000, 0.000000000000000000 ) ) ;
#1937 = ORIENTED_EDGE ( 'NONE', *, *, #1389, .F. ) ;
#1938 = CARTESIAN_POINT ( 'NONE',  ( 1.500000000000000444, 59.13591604948001645, -7.770195406179568387 ) ) ;
#1939 = VECTOR ( 'NONE', #736, 1000.000000000000000 ) ;
#1940 = AXIS2_PLACEMENT_3D ( 'NONE', #9530, #2112, #5333 ) ;
#1941 = AXIS2_PLACEMENT_3D ( 'NONE', #650, #9538, #2277 ) ;
#1942 = CARTESIAN_POINT ( 'NONE',  ( -2.799999999999999378, 57.53591604948001503, -7.270195406179567499 ) ) ;
#1943 = EDGE_CURVE ( 'NONE', #10415, #3917, #4634, .T. ) ;
#1944 = ORIENTED_EDGE ( 'NONE', *, *, #2227, .F. ) ;
#1945 = AXIS2_PLACEMENT_3D ( 'NONE', #9184, #1921, #5145 ) ;
#1946 = CARTESIAN_POINT ( 'NONE',  ( 12.04292086282118035, 37.23724115402391988, 8.729804593820464476 ) ) ;
#1947 = VERTEX_POINT ( 'NONE', #5813 ) ;
#1948 = EDGE_CURVE ( 'NONE', #1912, #9563, #286, .T. ) ;
#1949 = LINE ( 'NONE', #8573, #6324 ) ;
#1950 = CARTESIAN_POINT ( 'NONE',  ( -4.611320862630050144, 33.28616858117417365, 11.72980459382042717 ) ) ;
#1951 = LINE ( 'NONE', #8999, #5995 ) ;
#1952 = CARTESIAN_POINT ( 'NONE',  ( 0.000000000000000000, 39.13591604948000935, 9.729804593820427172 ) ) ;
#1953 = CARTESIAN_POINT ( 'NONE',  ( 7.131618755195529680, 80.83389579592666507, -0.2302412861212629336 ) ) ;
#1954 = CARTESIAN_POINT ( 'NONE',  ( 9.386954672960982293, 66.00988971784899206, 8.683436635915859014 ) ) ;
#1955 = AXIS2_PLACEMENT_3D ( 'NONE', #5613, #7207, #4081 ) ;
#1956 = EDGE_CURVE ( 'NONE', #4011, #4591, #1843, .T. ) ;
#1957 = CARTESIAN_POINT ( 'NONE',  ( 7.838725536382019854, 37.23994810002849221, 18.98274369257561744 ) ) ;
#1958 = ORIENTED_EDGE ( 'NONE', *, *, #3096, .T. ) ;
#1959 = DIRECTION ( 'NONE',  ( 0.000000000000000000, 0.000000000000000000, -1.000000000000000000 ) ) ;
#1960 = EDGE_CURVE ( 'NONE', #1450, #3757, #4101, .T. ) ;
#1961 = EDGE_CURVE ( 'NONE', #315, #7625, #1743, .T. ) ;
#1962 = CYLINDRICAL_SURFACE ( 'NONE', #4693, 1.100000000000000311 ) ;
#1963 = AXIS2_PLACEMENT_3D ( 'NONE', #2216, #6135, #592 ) ;
#1964 = CARTESIAN_POINT ( 'NONE',  ( 6.423024544831370974, 66.36819635634844872, 8.731026526293847567 ) ) ;
#1965 = DIRECTION ( 'NONE',  ( -1.000000000000000000, 0.000000000000000000, 0.000000000000000000 ) ) ;
#1966 = VERTEX_POINT ( 'NONE', #2687 ) ;
#1967 = CONICAL_SURFACE ( 'NONE', #10081, 1.275000000000000133, 0.7853981633974476129 ) ;
#1968 = EDGE_LOOP ( 'NONE', ( #3248, #9961, #9471, #3364 ) ) ;
#1969 = DIRECTION ( 'NONE',  ( 0.000000000000000000, 0.000000000000000000, -1.000000000000000000 ) ) ;
#1970 = ORIENTED_EDGE ( 'NONE', *, *, #1640, .T. ) ;
#1971 = ORIENTED_EDGE ( 'NONE', *, *, #9018, .T. ) ;
#1972 = DIRECTION ( 'NONE',  ( 0.000000000000000000, 1.000000000000000000, 0.000000000000000000 ) ) ;
#1973 = DIRECTION ( 'NONE',  ( 0.000000000000000000, -1.000000000000000000, 0.000000000000000000 ) ) ;
#1974 = DIRECTION ( 'NONE',  ( 0.000000000000000000, 1.000000000000000000, 0.000000000000000000 ) ) ;
#1975 = CARTESIAN_POINT ( 'NONE',  ( 1.043394649214264502, 63.43591604948001361, 7.634255117909384936 ) ) ;
#1976 = ORIENTED_EDGE ( 'NONE', *, *, #5968, .T. ) ;
#1977 = FACE_OUTER_BOUND ( 'NONE', #597, .T. ) ;
#1978 = ORIENTED_EDGE ( 'NONE', *, *, #7009, .T. ) ;
#1979 = DIRECTION ( 'NONE',  ( -0.000000000000000000, -1.000000000000000000, -0.000000000000000000 ) ) ;
#1980 = CYLINDRICAL_SURFACE ( 'NONE', #6322, 1.000000000000000000 ) ;
#1981 = ORIENTED_EDGE ( 'NONE', *, *, #4083, .T. ) ;
#1982 = ORIENTED_EDGE ( 'NONE', *, *, #3081, .T. ) ;
#1983 = CARTESIAN_POINT ( 'NONE',  ( 0.000000000000000000, 39.73591604948001077, 9.729804593820427172 ) ) ;
#1984 = ORIENTED_EDGE ( 'NONE', *, *, #9066, .F. ) ;
#1985 = DIRECTION ( 'NONE',  ( 0.000000000000000000, 0.000000000000000000, 1.000000000000000000 ) ) ;
#1986 = FACE_OUTER_BOUND ( 'NONE', #4076, .T. ) ;
#1987 = VECTOR ( 'NONE', #6386, 1000.000000000000000 ) ;
#1988 = EDGE_CURVE ( 'NONE', #3932, #7016, #9055, .T. ) ;
#1989 = CARTESIAN_POINT ( 'NONE',  ( 1.836734693877549951, 37.23591604948001077, -1.369245170204713036 ) ) ;
#1990 = VERTEX_POINT ( 'NONE', #8950 ) ;
#1991 = DIRECTION ( 'NONE',  ( 0.000000000000000000, 1.000000000000000000, 0.000000000000000000 ) ) ;
#1992 = CARTESIAN_POINT ( 'NONE',  ( 6.675728040208309899, 38.53591604948001503, 1.639862991239048107 ) ) ;
#1993 = VECTOR ( 'NONE', #7873, 1000.000000000000000 ) ;
#1994 = ORIENTED_EDGE ( 'NONE', *, *, #3027, .F. ) ;
#1995 = EDGE_CURVE ( 'NONE', #3932, #5991, #6643, .T. ) ;
#1996 = FACE_OUTER_BOUND ( 'NONE', #2805, .T. ) ;
#1997 = ORIENTED_EDGE ( 'NONE', *, *, #8239, .F. ) ;
#1998 = CARTESIAN_POINT ( 'NONE',  ( -1.079327105997239999E-16, 67.91091604948002214, 0.2848045938204264438 ) ) ;
#1999 = CARTESIAN_POINT ( 'NONE',  ( 1.000000000000015987, 41.03591604948000793, 13.76093346796968220 ) ) ;
#2000 = CARTESIAN_POINT ( 'NONE',  ( 9.382743690431331274, 67.18762598736333302, 8.646757112466573858 ) ) ;
#2001 = EDGE_CURVE ( 'NONE', #9130, #8661, #10439, .T. ) ;
#2002 = DIRECTION ( 'NONE',  ( 1.000000000000000000, 0.000000000000000000, 5.739574840180699847E-15 ) ) ;
#2003 = LINE ( 'NONE', #5918, #7202 ) ;
#2004 = CARTESIAN_POINT ( 'NONE',  ( 9.369577857574803659, 66.47413790978336579, 8.538481859696277709 ) ) ;
#2005 = PLANE ( 'NONE',  #9049 ) ;
#2006 = ADVANCED_FACE ( 'NONE', ( #4175 ), #7403, .T. ) ;
#2007 = ORIENTED_EDGE ( 'NONE', *, *, #4602, .T. ) ;
#2008 = EDGE_CURVE ( 'NONE', #4943, #9669, #3685, .T. ) ;
#2009 = DIRECTION ( 'NONE',  ( -0.7071067811865574537, 0.000000000000000000, 0.7071067811865374697 ) ) ;
#2010 = CARTESIAN_POINT ( 'NONE',  ( 4.031128874149265684, 38.53591604948001503, 8.729804593820427172 ) ) ;
#2011 = DIRECTION ( 'NONE',  ( 0.000000000000000000, 1.000000000000000000, 1.081498426419455997E-17 ) ) ;
#2012 = ADVANCED_FACE ( 'NONE', ( #7717 ), #6028, .F. ) ;
#2013 = LINE ( 'NONE', #4346, #7363 ) ;
#2014 = ORIENTED_EDGE ( 'NONE', *, *, #9751, .F. ) ;
#2015 = AXIS2_PLACEMENT_3D ( 'NONE', #2861, #5042, #4996 ) ;
#2016 = ORIENTED_EDGE ( 'NONE', *, *, #9259, .T. ) ;
#2017 = DIRECTION ( 'NONE',  ( 0.000000000000000000, -1.000000000000000000, 0.000000000000000000 ) ) ;
#2018 = ADVANCED_FACE ( 'NONE', ( #2109 ), #486, .F. ) ;
#2019 = ORIENTED_EDGE ( 'NONE', *, *, #5291, .F. ) ;
#2020 = AXIS2_PLACEMENT_3D ( 'NONE', #9509, #7916, #6970 ) ;
#2021 = CIRCLE ( 'NONE', #1198, 12.00000000000000000 ) ;
#2022 = EDGE_CURVE ( 'NONE', #6738, #3253, #1890, .T. ) ;
#2023 = ORIENTED_EDGE ( 'NONE', *, *, #4087, .T. ) ;
#2024 = CARTESIAN_POINT ( 'NONE',  ( -9.167102047879300386, 38.98155058613171775, 20.31112020407265462 ) ) ;
#2025 = FACE_OUTER_BOUND ( 'NONE', #813, .T. ) ;
#2026 = DIRECTION ( 'NONE',  ( 0.000000000000000000, 0.000000000000000000, -1.000000000000000000 ) ) ;
#2027 = CARTESIAN_POINT ( 'NONE',  ( 8.898328222093347506, 38.05709085949224146, 20.04234637828696464 ) ) ;
#2028 = VERTEX_POINT ( 'NONE', #9428 ) ;
#2029 = LINE ( 'NONE', #1145, #252 ) ;
#2030 = ORIENTED_EDGE ( 'NONE', *, *, #9910, .F. ) ;
#2031 = AXIS2_PLACEMENT_3D ( 'NONE', #8033, #5649, #899 ) ;
#2032 = PLANE ( 'NONE',  #5767 ) ;
#2033 = ORIENTED_EDGE ( 'NONE', *, *, #6954, .T. ) ;
#2034 = CIRCLE ( 'NONE', #8639, 1.499999999999999556 ) ;
#2035 = ORIENTED_EDGE ( 'NONE', *, *, #2475, .F. ) ;
#2036 = CARTESIAN_POINT ( 'NONE',  ( -1.275000000000021894, 66.63591604948001645, 19.17480459382042568 ) ) ;
#2037 = ORIENTED_EDGE ( 'NONE', *, *, #6286, .F. ) ;
#2038 = CARTESIAN_POINT ( 'NONE',  ( 0.000000000000000000, 63.13591604948001645, 9.729804593820427172 ) ) ;
#2039 = DIRECTION ( 'NONE',  ( 0.000000000000000000, 0.000000000000000000, -1.000000000000000000 ) ) ;
#2040 = LINE ( 'NONE', #8453, #518 ) ;
#2041 = ORIENTED_EDGE ( 'NONE', *, *, #1382, .T. ) ;
#2042 = DIRECTION ( 'NONE',  ( 0.000000000000000000, 1.000000000000000000, 0.000000000000000000 ) ) ;
#2043 = CARTESIAN_POINT ( 'NONE',  ( 1.600000000000000533, 57.53491604948001736, -4.470195406179566788 ) ) ;
#2044 = B_SPLINE_CURVE_WITH_KNOTS ( 'NONE', 3,
 ( #1167, #4382, #2108, #5220, #5379, #6878, #9474, #10101, #2797, #5437, #3750, #6077, #6981, #537, #10155, #7821, #5270, #2162, #8625, #2900, #3807, #2213, #6027, #1323, #2000, #8575, #4648, #1215 ),
 .UNSPECIFIED., .F., .F.,
 ( 4, 2, 2, 2, 2, 2, 2, 2, 2, 2, 2, 2, 2, 4 ),
 ( 0.000000000000000000, 0.1250000000000026368, 0.2500000000000052736, 0.3125000000000061617, 0.3437500000000061062, 0.3750000000000059952, 0.5000000000000056621, 0.5625000000000062172, 0.6250000000000067724, 0.6875000000000073275, 0.7500000000000077716, 0.8125000000000083267, 0.8750000000000088818, 1.000000000000000000 ),
 .UNSPECIFIED. ) ;
#2045 = EDGE_LOOP ( 'NONE', ( #5778, #1808 ) ) ;
#2046 = ADVANCED_FACE ( 'NONE', ( #3533 ), #9371, .F. ) ;
#2047 = DIRECTION ( 'NONE',  ( -1.000000000000000000, 0.000000000000000000, -1.723387009752805082E-14 ) ) ;
#2048 = DIRECTION ( 'NONE',  ( 0.000000000000000000, 1.000000000000000000, 0.000000000000000000 ) ) ;
#2049 = DIRECTION ( 'NONE',  ( 0.000000000000000000, 0.000000000000000000, 1.000000000000000000 ) ) ;
#2050 = CONICAL_SURFACE ( 'NONE', #5594, 4.000000000000000000, 0.7853981633974461696 ) ;
#2051 = DIRECTION ( 'NONE',  ( -0.000000000000000000, -1.000000000000000000, -0.000000000000000000 ) ) ;
#2052 = CARTESIAN_POINT ( 'NONE',  ( -1.000000000000000000, 50.29182918005297154, 9.729804593820427172 ) ) ;
#2053 = CARTESIAN_POINT ( 'NONE',  ( -5.367756271135689872, 39.73591604948001077, 5.776261885057714096 ) ) ;
#2054 = DIRECTION ( 'NONE',  ( -9.966433447514970497E-15, 0.000000000000000000, 1.000000000000000000 ) ) ;
#2055 = DIRECTION ( 'NONE',  ( 1.000000000000000000, -0.000000000000000000, 0.000000000000000000 ) ) ;
#2056 = VERTEX_POINT ( 'NONE', #6774 ) ;
#2057 = EDGE_CURVE ( 'NONE', #3100, #2992, #10102, .T. ) ;
#2058 = CARTESIAN_POINT ( 'NONE',  ( -6.499999897834149998, 34.40748892473381915, 8.930957050364330740 ) ) ;
#2059 = FACE_OUTER_BOUND ( 'NONE', #5204, .T. ) ;
#2060 = CARTESIAN_POINT ( 'NONE',  ( 0.6290308157436851344, 65.81530871307205643, 16.20001803995507217 ) ) ;
#2061 = DIRECTION ( 'NONE',  ( 0.000000000000000000, -1.000000000000000000, 0.000000000000000000 ) ) ;
#2062 = ORIENTED_EDGE ( 'NONE', *, *, #371, .T. ) ;
#2063 = DIRECTION ( 'NONE',  ( -0.000000000000000000, -1.000000000000000000, -0.000000000000000000 ) ) ;
#2064 = EDGE_LOOP ( 'NONE', ( #4936, #7378, #6340, #7804 ) ) ;
#2065 = LINE ( 'NONE', #4247, #9387 ) ;
#2066 = VERTEX_POINT ( 'NONE', #334 ) ;
#2067 = EDGE_CURVE ( 'NONE', #3798, #4103, #3646, .T. ) ;
#2068 = CONICAL_SURFACE ( 'NONE', #7991, 1.024999999999999911, 0.7853981633974638221 ) ;
#2069 = CARTESIAN_POINT ( 'NONE',  ( -0.6147772042477256393, 63.83591604948001219, 7.700438929133794908 ) ) ;
#2070 = ORIENTED_EDGE ( 'NONE', *, *, #7178, .T. ) ;
#2071 = DIRECTION ( 'NONE',  ( 0.000000000000000000, -1.000000000000000000, 0.000000000000000000 ) ) ;
#2072 = CARTESIAN_POINT ( 'NONE',  ( -0.3194644938515072141, 67.86790391462372440, 0.2898810176471445788 ) ) ;
#2073 = EDGE_CURVE ( 'NONE', #9821, #46, #4383, .T. ) ;
#2074 = CARTESIAN_POINT ( 'NONE',  ( -4.613763209168509682, 50.29182918005297154, 8.729804593820441383 ) ) ;
#2075 = AXIS2_PLACEMENT_3D ( 'NONE', #9001, #4914, #8148 ) ;
#2076 = DIRECTION ( 'NONE',  ( 0.000000000000000000, 0.000000000000000000, -1.000000000000000000 ) ) ;
#2077 = EDGE_LOOP ( 'NONE', ( #4679, #5394, #8325, #9757 ) ) ;
#2078 = DIRECTION ( 'NONE',  ( 0.000000000000000000, 0.000000000000000000, -1.000000000000000000 ) ) ;
#2079 = ORIENTED_EDGE ( 'NONE', *, *, #8727, .T. ) ;
#2080 = ADVANCED_FACE ( 'NONE', ( #4493 ), #8362, .F. ) ;
#2081 = DIRECTION ( 'NONE',  ( 0.000000000000000000, 0.000000000000000000, 1.000000000000000000 ) ) ;
#2082 = CARTESIAN_POINT ( 'NONE',  ( 3.449999999999999734, 59.13591604948001645, -7.770195406179568387 ) ) ;
#2083 = EDGE_CURVE ( 'NONE', #5742, #8512, #4364, .T. ) ;
#2084 = CIRCLE ( 'NONE', #8170, 2.000000000000000444 ) ;
#2085 = ORIENTED_EDGE ( 'NONE', *, *, #103, .F. ) ;
#2086 = AXIS2_PLACEMENT_3D ( 'NONE', #5072, #7617, #2746 ) ;
#2087 = ORIENTED_EDGE ( 'NONE', *, *, #6549, .T. ) ;
#2088 = DIRECTION ( 'NONE',  ( 0.000000000000000000, -1.000000000000000000, 0.000000000000000000 ) ) ;
#2089 = EDGE_CURVE ( 'NONE', #5424, #7049, #662, .T. ) ;
#2090 = ORIENTED_EDGE ( 'NONE', *, *, #1034, .T. ) ;
#2091 = EDGE_CURVE ( 'NONE', #5430, #5683, #8782, .T. ) ;
#2092 = DIRECTION ( 'NONE',  ( 0.000000000000000000, 0.000000000000000000, 1.000000000000000000 ) ) ;
#2093 = ORIENTED_EDGE ( 'NONE', *, *, #9148, .T. ) ;
#2094 = DIRECTION ( 'NONE',  ( 0.000000000000000000, -1.000000000000000000, 0.000000000000000000 ) ) ;
#2095 = ORIENTED_EDGE ( 'NONE', *, *, #3503, .T. ) ;
#2096 = LINE ( 'NONE', #5425, #3048 ) ;
#2097 = CARTESIAN_POINT ( 'NONE',  ( -0.9999999999999993339, 37.68099700768561888, 22.97521397303210478 ) ) ;
#2098 = VECTOR ( 'NONE', #6505, 1000.000000000000000 ) ;
#2099 = AXIS2_PLACEMENT_3D ( 'NONE', #1116, #4380, #7608 ) ;
#2100 = ORIENTED_EDGE ( 'NONE', *, *, #4598, .F. ) ;
#2101 = CARTESIAN_POINT ( 'NONE',  ( 1.047331136408697461, 67.26108536747379674, 19.11665161119393730 ) ) ;
#2102 = VERTEX_POINT ( 'NONE', #8466 ) ;
#2103 = ORIENTED_EDGE ( 'NONE', *, *, #3955, .F. ) ;
#2104 = DIRECTION ( 'NONE',  ( -0.000000000000000000, 1.000000000000000000, -0.000000000000000000 ) ) ;
#2105 = DIRECTION ( 'NONE',  ( 0.000000000000000000, 0.000000000000000000, -1.000000000000000000 ) ) ;
#2106 = AXIS2_PLACEMENT_3D ( 'NONE', #9284, #3660, #9334 ) ;
#2107 = VECTOR ( 'NONE', #7672, 1000.000000000000000 ) ;
#2108 = CARTESIAN_POINT ( 'NONE',  ( 9.372379842736698663, 66.95669162130741370, 10.90026533882571336 ) ) ;
#2109 = FACE_OUTER_BOUND ( 'NONE', #8538, .T. ) ;
#2110 = CARTESIAN_POINT ( 'NONE',  ( -4.031128874149265684, 39.73591604948001077, 11.72980459382045026 ) ) ;
#2111 = CARTESIAN_POINT ( 'NONE',  ( 0.6286520269959955387, 67.45681095726511955, 16.20005432363526765 ) ) ;
#2112 = DIRECTION ( 'NONE',  ( 0.000000000000000000, -1.000000000000000000, 0.000000000000000000 ) ) ;
#2113 = VECTOR ( 'NONE', #9588, 1000.000000000000000 ) ;
#2114 = ORIENTED_EDGE ( 'NONE', *, *, #4114, .T. ) ;
#2115 = CARTESIAN_POINT ( 'NONE',  ( 9.167102047879149396, 50.29182918005297154, 20.31112020407276830 ) ) ;
#2116 = CYLINDRICAL_SURFACE ( 'NONE', #416, 1.950000000000001510 ) ;
#2117 = DIRECTION ( 'NONE',  ( -0.000000000000000000, -1.000000000000000000, -0.000000000000000000 ) ) ;
#2118 = CALENDAR_DATE ( 2025, 10, 12 ) ;
#2119 = FACE_OUTER_BOUND ( 'NONE', #3165, .T. ) ;
#2120 = ORIENTED_EDGE ( 'NONE', *, *, #6805, .T. ) ;
#2121 = AXIS2_PLACEMENT_3D ( 'NONE', #3722, #3028, #8705 ) ;
#2122 = EDGE_CURVE ( 'NONE', #3954, #8539, #4336, .T. ) ;
#2123 = CARTESIAN_POINT ( 'NONE',  ( 0.000000000000000000, 39.73591604948001077, 9.729804593820427172 ) ) ;
#2124 = VERTEX_POINT ( 'NONE', #5173 ) ;
#2125 = CARTESIAN_POINT ( 'NONE',  ( 10.44090513317689961, 39.73591604948001077, 7.629804593820427527 ) ) ;
#2126 = ORIENTED_EDGE ( 'NONE', *, *, #4613, .F. ) ;
#2127 = B_SPLINE_CURVE_WITH_KNOTS ( 'NONE', 3,
 ( #6228, #3788, #7018, #2830, #9506, #1251, #3837, #7697, #2195, #7065, #6911, #8663 ),
 .UNSPECIFIED., .F., .F.,
 ( 4, 2, 2, 2, 2, 4 ),
 ( 0.000000000000000000, 0.2500000000000003331, 0.5000000000000006661, 0.6250000000000005551, 0.7500000000000005551, 1.000000000000000000 ),
 .UNSPECIFIED. ) ;
#2128 = CIRCLE ( 'NONE', #3477, 1.499999999999999556 ) ;
#2129 = ORIENTED_EDGE ( 'NONE', *, *, #10360, .T. ) ;
#2130 = EDGE_CURVE ( 'NONE', #5277, #3869, #3590, .T. ) ;
#2131 = LINE ( 'NONE', #6103, #6783 ) ;
#2132 = LINE ( 'NONE', #8596, #797 ) ;
#2133 = CARTESIAN_POINT ( 'NONE',  ( -0.5454732667243801236, 65.49764148964992216, 0.3002689855150585951 ) ) ;
#2134 = VERTEX_POINT ( 'NONE', #3752 ) ;
#2135 = EDGE_CURVE ( 'NONE', #4365, #1659, #6046, .T. ) ;
#2136 = LINE ( 'NONE', #1404, #10024 ) ;
#2137 = VERTEX_POINT ( 'NONE', #6194 ) ;
#2138 = VECTOR ( 'NONE', #335, 1000.000000000000000 ) ;
#2139 = FACE_OUTER_BOUND ( 'NONE', #8013, .T. ) ;
#2140 = CARTESIAN_POINT ( 'NONE',  ( 10.40751058264166495, 38.26776377237028015, 0.7365075735518969990 ) ) ;
#2141 = EDGE_CURVE ( 'NONE', #5298, #8429, #7610, .T. ) ;
#2142 = ORIENTED_EDGE ( 'NONE', *, *, #1943, .F. ) ;
#2143 = ORIENTED_EDGE ( 'NONE', *, *, #5948, .T. ) ;
#2144 = CARTESIAN_POINT ( 'NONE',  ( -0.6147772042477256393, 63.83591604948001219, 7.700438929133794908 ) ) ;
#2145 = EDGE_LOOP ( 'NONE', ( #3595, #10232 ) ) ;
#2146 = CARTESIAN_POINT ( 'NONE',  ( -6.480562945060563962, 67.53089174626387603, 9.211991187346356469 ) ) ;
#2147 = ORIENTED_EDGE ( 'NONE', *, *, #4408, .T. ) ;
#2148 = EDGE_CURVE ( 'NONE', #2748, #3624, #2901, .T. ) ;
#2149 = DIRECTION ( 'NONE',  ( 0.000000000000000000, 1.000000000000000000, 0.000000000000000000 ) ) ;
#2150 = ORIENTED_EDGE ( 'NONE', *, *, #489, .T. ) ;
#2151 = FACE_OUTER_BOUND ( 'NONE', #5035, .T. ) ;
#2152 = DIRECTION ( 'NONE',  ( -1.000000000000000000, 0.000000000000000000, -4.081702296416015208E-15 ) ) ;
#2153 = EDGE_CURVE ( 'NONE', #4983, #2449, #4596, .T. ) ;
#2154 = VERTEX_POINT ( 'NONE', #5537 ) ;
#2155 = DIRECTION ( 'NONE',  ( 0.000000000000000000, 1.081498426419455997E-17, -1.000000000000000000 ) ) ;
#2156 = ADVANCED_FACE ( 'NONE', ( #8781 ), #10356, .F. ) ;
#2157 = CARTESIAN_POINT ( 'NONE',  ( -0.5999999999999999778, 57.53491604948001736, -7.270195406179567499 ) ) ;
#2158 = VECTOR ( 'NONE', #5966, 1000.000000000000000 ) ;
#2159 = ORIENTED_EDGE ( 'NONE', *, *, #8749, .T. ) ;
#2160 = LINE ( 'NONE', #9472, #7333 ) ;
#2161 = CARTESIAN_POINT ( 'NONE',  ( 9.445000000000000284, 66.63591604948001645, 9.729804593820547964 ) ) ;
#2162 = CARTESIAN_POINT ( 'NONE',  ( 9.429586018518680390, 67.77465918834079162, 9.185377379612587490 ) ) ;
#2163 = DIRECTION ( 'NONE',  ( 1.000000000000000000, 0.000000000000000000, 1.723387009752805082E-14 ) ) ;
#2164 = DIRECTION ( 'NONE',  ( 0.000000000000000000, 1.000000000000000000, 0.000000000000000000 ) ) ;
#2165 = VECTOR ( 'NONE', #5312, 1000.000000000000000 ) ;
#2166 = DIRECTION ( 'NONE',  ( -1.000000000000000000, 0.000000000000000000, 0.000000000000000000 ) ) ;
#2167 = VECTOR ( 'NONE', #1264, 1000.000000000000000 ) ;
#2168 = AXIS2_PLACEMENT_3D ( 'NONE', #1128, #6201, #10002 ) ;
#2169 = PLANE ( 'NONE',  #8349 ) ;
#2170 = EDGE_LOOP ( 'NONE', ( #3713, #2037, #10289, #9010 ) ) ;
#2171 = AXIS2_PLACEMENT_3D ( 'NONE', #180, #3381, #9838 ) ;
#2172 = LINE ( 'NONE', #5388, #580 ) ;
#2173 = DIRECTION ( 'NONE',  ( 0.000000000000000000, 1.000000000000000000, 0.000000000000000000 ) ) ;
#2174 = CARTESIAN_POINT ( 'NONE',  ( 1.024999999999970157, 66.63591604948001645, 16.14847852228883696 ) ) ;
#2175 = DATE_TIME_ROLE ( 'classification_date' ) ;
#2176 = DIRECTION ( 'NONE',  ( 0.000000000000000000, 0.000000000000000000, 1.000000000000000000 ) ) ;
#2177 = ORIENTED_EDGE ( 'NONE', *, *, #716, .T. ) ;
#2178 = DIRECTION ( 'NONE',  ( 0.000000000000000000, -1.000000000000000000, 0.000000000000000000 ) ) ;
#2179 = DIRECTION ( 'NONE',  ( 0.000000000000000000, 0.000000000000000000, -1.000000000000000000 ) ) ;
#2180 = ORIENTED_EDGE ( 'NONE', *, *, #7810, .T. ) ;
#2181 = EDGE_CURVE ( 'NONE', #8109, #10259, #8627, .T. ) ;
#2182 = AXIS2_PLACEMENT_3D ( 'NONE', #1835, #4217, #3370 ) ;
#2183 = ORIENTED_EDGE ( 'NONE', *, *, #2987, .T. ) ;
#2184 = CARTESIAN_POINT ( 'NONE',  ( 0.000000000000000000, 74.83591604948000509, 8.429804593820426462 ) ) ;
#2185 = DIRECTION ( 'NONE',  ( 0.000000000000000000, 0.000000000000000000, -1.000000000000000000 ) ) ;
#2186 = ORIENTED_EDGE ( 'NONE', *, *, #9723, .F. ) ;
#2187 = CARTESIAN_POINT ( 'NONE',  ( 4.286263797015736102E-16, 59.13591604948001645, 13.22980459382042717 ) ) ;
#2188 = ORIENTED_EDGE ( 'NONE', *, *, #2022, .F. ) ;
#2189 = DIRECTION ( 'NONE',  ( 0.000000000000000000, 0.000000000000000000, -1.000000000000000000 ) ) ;
#2190 = CIRCLE ( 'NONE', #8102, 3.499999999999999556 ) ;
#2191 = VERTEX_POINT ( 'NONE', #3902 ) ;
#2192 = EDGE_CURVE ( 'NONE', #5362, #3037, #4649, .T. ) ;
#2193 = ORIENTED_EDGE ( 'NONE', *, *, #5110, .F. ) ;
#2194 = LINE ( 'NONE', #2299, #197 ) ;
#2195 = CARTESIAN_POINT ( 'NONE',  ( 1.000000000000000000, 38.38139982538404382, -4.046505837454239973 ) ) ;
#2196 = AXIS2_PLACEMENT_3D ( 'NONE', #6652, #4216, #9878 ) ;
#2197 = DIRECTION ( 'NONE',  ( 0.000000000000000000, -0.000000000000000000, 1.000000000000000000 ) ) ;
#2198 = AXIS2_PLACEMENT_3D ( 'NONE', #5121, #287, #10054 ) ;
#2199 = EDGE_LOOP ( 'NONE', ( #6116, #9469 ) ) ;
#2200 = DIRECTION ( 'NONE',  ( -0.1129614320333120481, 0.000000000000000000, 0.9935993734262233978 ) ) ;
#2201 = ORIENTED_EDGE ( 'NONE', *, *, #7855, .T. ) ;
#2202 = CARTESIAN_POINT ( 'NONE',  ( 0.000000000000000000, 39.23591604948001077, 9.729804593820427172 ) ) ;
#2203 = DIRECTION ( 'NONE',  ( 0.000000000000000000, -1.000000000000000000, 0.000000000000000000 ) ) ;
#2204 = AXIS2_PLACEMENT_3D ( 'NONE', #5680, #8115, #6634 ) ;
#2205 = ORIENTED_EDGE ( 'NONE', *, *, #9200, .F. ) ;
#2206 = EDGE_CURVE ( 'NONE', #6130, #3291, #7183, .T. ) ;
#2207 = FACE_OUTER_BOUND ( 'NONE', #745, .T. ) ;
#2208 = CARTESIAN_POINT ( 'NONE',  ( 6.499999433794410031, 41.23591604948001788, 8.933810752080319162 ) ) ;
#2209 = CIRCLE ( 'NONE', #7275, 3.499999999999999556 ) ;
#2210 = EDGE_LOOP ( 'NONE', ( #9335, #8243, #2549, #7472 ) ) ;
#2211 = LINE ( 'NONE', #8676, #8699 ) ;
#2212 = CARTESIAN_POINT ( 'NONE',  ( 0.5000000000000004441, 59.14591604948001446, -4.470195406179568565 ) ) ;
#2213 = CARTESIAN_POINT ( 'NONE',  ( 9.400755316545597040, 67.46325453869941668, 8.815014920250467512 ) ) ;
#2214 = EDGE_CURVE ( 'NONE', #3785, #2310, #5139, .T. ) ;
#2215 = DIRECTION ( 'NONE',  ( 0.000000000000000000, 0.000000000000000000, 1.000000000000000000 ) ) ;
#2216 = CARTESIAN_POINT ( 'NONE',  ( -7.131618755195509252, 39.73591604948001077, 19.68985047376212805 ) ) ;
#2217 = CIRCLE ( 'NONE', #5757, 6.500000000000000000 ) ;
#2218 = DIRECTION ( 'NONE',  ( -0.000000000000000000, -1.000000000000000000, -0.000000000000000000 ) ) ;
#2219 = EDGE_CURVE ( 'NONE', #940, #9157, #2366, .T. ) ;
#2220 = CARTESIAN_POINT ( 'NONE',  ( -8.969675008373709346, 36.84381467316708836, 16.72298369880856583 ) ) ;
#2221 = EDGE_LOOP ( 'NONE', ( #10096, #10388, #9856, #8913 ) ) ;
#2222 = EDGE_CURVE ( 'NONE', #9299, #9753, #2637, .T. ) ;
#2223 = CARTESIAN_POINT ( 'NONE',  ( 2.000000000000000000, 39.73591604948001077, 5.698675719671151718 ) ) ;
#2224 = CARTESIAN_POINT ( 'NONE',  ( -11.70736947396810024, 40.23591604948001077, 10.72980459382030283 ) ) ;
#2225 = CARTESIAN_POINT ( 'NONE',  ( 0.000000000000000000, 59.13591604948001645, 9.729804593820427172 ) ) ;
#2226 = EDGE_CURVE ( 'NONE', #1408, #5087, #9043, .T. ) ;
#2227 = EDGE_CURVE ( 'NONE', #2643, #7355, #5817, .T. ) ;
#2228 = CARTESIAN_POINT ( 'NONE',  ( 8.867759061886550498, 39.73591604948001077, 15.62771517472355498 ) ) ;
#2229 = ORIENTED_EDGE ( 'NONE', *, *, #7431, .F. ) ;
#2230 = FACE_OUTER_BOUND ( 'NONE', #7835, .T. ) ;
#2231 = CARTESIAN_POINT ( 'NONE',  ( -8.089941602581298241, 40.23591604948001077, 3.054076553612046219 ) ) ;
#2232 = EDGE_LOOP ( 'NONE', ( #544, #9233 ) ) ;
#2233 = CARTESIAN_POINT ( 'NONE',  ( 2.800000000000000266, 57.53491604948001736, -7.270195406179567499 ) ) ;
#2234 = EDGE_LOOP ( 'NONE', ( #1911, #3835, #8600, #3284 ) ) ;
#2235 = DIRECTION ( 'NONE',  ( -0.000000000000000000, -1.000000000000000000, -0.000000000000000000 ) ) ;
#2236 = DIRECTION ( 'NONE',  ( 0.000000000000000000, 1.000000000000000000, 0.000000000000000000 ) ) ;
#2237 = VERTEX_POINT ( 'NONE', #791 ) ;
#2238 = CARTESIAN_POINT ( 'NONE',  ( -1.198567982861450165, 66.47177187967812984, 19.09844696050727819 ) ) ;
#2239 = ORIENTED_EDGE ( 'NONE', *, *, #5236, .T. ) ;
#2240 = EDGE_CURVE ( 'NONE', #3490, #10163, #3808, .T. ) ;
#2241 = DIRECTION ( 'NONE',  ( -1.000000000000000000, -0.000000000000000000, -0.000000000000000000 ) ) ;
#2242 = APPLICATION_PROTOCOL_DEFINITION ( 'international standard', 'config_control_design', 1994, #5389 ) ;
#2243 = ORIENTED_EDGE ( 'NONE', *, *, #1131, .T. ) ;
#2244 = AXIS2_PLACEMENT_3D ( 'NONE', #5656, #8945, #2419 ) ;
#2245 = ORIENTED_EDGE ( 'NONE', *, *, #612, .F. ) ;
#2246 = DIRECTION ( 'NONE',  ( -0.1129614320333118122, 0.000000000000000000, 0.9935993734262231758 ) ) ;
#2247 = DIRECTION ( 'NONE',  ( -0.000000000000000000, 1.000000000000000000, -0.000000000000000000 ) ) ;
#2248 = LINE ( 'NONE', #1466, #8071 ) ;
#2249 = ORIENTED_EDGE ( 'NONE', *, *, #4077, .T. ) ;
#2250 = FACE_OUTER_BOUND ( 'NONE', #7731, .T. ) ;
#2251 = ORIENTED_EDGE ( 'NONE', *, *, #9705, .F. ) ;
#2252 = CARTESIAN_POINT ( 'NONE',  ( 0.000000000000000000, 63.43591604948001361, 9.729804593820427172 ) ) ;
#2253 = EDGE_CURVE ( 'NONE', #9481, #8719, #7097, .T. ) ;
#2254 = DIRECTION ( 'NONE',  ( 0.000000000000000000, 1.000000000000000000, 0.000000000000000000 ) ) ;
#2255 = CIRCLE ( 'NONE', #5802, 12.00000000000000000 ) ;
#2256 = VECTOR ( 'NONE', #9586, 1000.000000000000000 ) ;
#2257 = VERTEX_POINT ( 'NONE', #4795 ) ;
#2258 = CARTESIAN_POINT ( 'NONE',  ( -2.000000000000075051, 37.23591604948001077, 21.81543655909222679 ) ) ;
#2259 = CARTESIAN_POINT ( 'NONE',  ( 0.000000000000000000, 63.13591604948001645, 9.729804593820427172 ) ) ;
#2260 = VERTEX_POINT ( 'NONE', #7131 ) ;
#2261 = CARTESIAN_POINT ( 'NONE',  ( 0.000000000000000000, 59.13591604948001645, 9.729804593820427172 ) ) ;
#2262 = FACE_OUTER_BOUND ( 'NONE', #5102, .T. ) ;
#2263 = DIRECTION ( 'NONE',  ( 1.000000000000000000, 0.000000000000000000, 0.000000000000000000 ) ) ;
#2264 = AXIS2_PLACEMENT_3D ( 'NONE', #9375, #695, #10218 ) ;
#2265 = VECTOR ( 'NONE', #7180, 1000.000000000000000 ) ;
#2266 = EDGE_CURVE ( 'NONE', #5026, #9391, #7432, .T. ) ;
#2267 = CARTESIAN_POINT ( 'NONE',  ( 0.000000000000000000, 59.13591604948001645, 9.729804593820427172 ) ) ;
#2268 = B_SPLINE_CURVE_WITH_KNOTS ( 'NONE', 3,
 ( #7600, #5160, #9931, #9201 ),
 .UNSPECIFIED., .F., .F.,
 ( 4, 4 ),
 ( 1.550609295242125074E-20, 0.0001283903908514726154 ),
 .UNSPECIFIED. ) ;
#2269 = DIRECTION ( 'NONE',  ( 0.000000000000000000, 0.000000000000000000, 1.000000000000000000 ) ) ;
#2270 = EDGE_LOOP ( 'NONE', ( #9641, #7346, #3335, #9134 ) ) ;
#2271 = ADVANCED_FACE ( 'NONE', ( #3207 ), #3107, .T. ) ;
#2272 = CONICAL_SURFACE ( 'NONE', #3806, 1.275000000000000133, 0.7853981633974476129 ) ;
#2273 = VECTOR ( 'NONE', #8376, 1000.000000000000000 ) ;
#2274 = CARTESIAN_POINT ( 'NONE',  ( 0.000000000000000000, 63.83591604948001219, 9.729804593820427172 ) ) ;
#2275 = FACE_OUTER_BOUND ( 'NONE', #9905, .T. ) ;
#2276 = CARTESIAN_POINT ( 'NONE',  ( -9.386226736452908170, 67.26533569211326835, 8.676129978803945875 ) ) ;
#2277 = DIRECTION ( 'NONE',  ( 0.000000000000000000, 0.000000000000000000, 1.000000000000000000 ) ) ;
#2278 = DIRECTION ( 'NONE',  ( 0.000000000000000000, 0.000000000000000000, -1.000000000000000000 ) ) ;
#2279 = VERTEX_POINT ( 'NONE', #8731 ) ;
#2280 = EDGE_CURVE ( 'NONE', #1707, #8856, #6344, .T. ) ;
#2281 = CARTESIAN_POINT ( 'NONE',  ( 8.391694066586790512, 33.28616858117417365, 11.72980459382042717 ) ) ;
#2282 = CIRCLE ( 'NONE', #3635, 1.000000000000000000 ) ;
#2283 = AXIS2_PLACEMENT_3D ( 'NONE', #1898, #3589, #4229 ) ;
#2284 = CARTESIAN_POINT ( 'NONE',  ( -1.000000000000075939, 50.29182918005297154, 21.81543655909224455 ) ) ;
#2285 = ORIENTED_EDGE ( 'NONE', *, *, #9392, .F. ) ;
#2286 = ADVANCED_FACE ( 'NONE', ( #5697 ), #7578, .F. ) ;
#2287 = ADVANCED_FACE ( 'NONE', ( #7340 ), #1635, .F. ) ;
#2288 = VERTEX_POINT ( 'NONE', #2473 ) ;
#2289 = CIRCLE ( 'NONE', #8379, 4.000000000000000000 ) ;
#2290 = CARTESIAN_POINT ( 'NONE',  ( -7.838725536382120218, 37.23994810002849221, 18.98274369257551797 ) ) ;
#2291 = CARTESIAN_POINT ( 'NONE',  ( 0.000000000000000000, 37.23591604948001077, 9.729804593820427172 ) ) ;
#2292 = EDGE_LOOP ( 'NONE', ( #7695, #1274, #451, #10084 ) ) ;
#2293 = CARTESIAN_POINT ( 'NONE',  ( -6.675728040208349867, 40.23591604948001077, 17.81974619640174495 ) ) ;
#2294 = EDGE_LOOP ( 'NONE', ( #1304, #6225, #10186, #2159 ) ) ;
#2295 = CARTESIAN_POINT ( 'NONE',  ( 0.000000000000000000, 39.23591604948001077, 9.729804593820427172 ) ) ;
#2297 = AXIS2_PLACEMENT_3D ( 'NONE', #604, #2966, #652 ) ;
#2296 = CARTESIAN_POINT ( 'NONE',  ( 0.000000000000000000, 0.000000000000000000, 0.000000000000000000 ) ) ;
#2298 = ORIENTED_EDGE ( 'NONE', *, *, #5241, .T. ) ;
#2299 = CARTESIAN_POINT ( 'NONE',  ( -12.08563196527182093, 50.29182918005297154, 10.72980459382031349 ) ) ;
#2300 = LINE ( 'NONE', #5523, #6272 ) ;
#2301 = CARTESIAN_POINT ( 'NONE',  ( 2.939152317953645133E-16, 34.73591604948001077, 7.429804593820426462 ) ) ;
#2302 = ORIENTED_EDGE ( 'NONE', *, *, #3384, .F. ) ;
#2303 = AXIS2_PLACEMENT_3D ( 'NONE', #2378, #8045, #804 ) ;
#2304 = CARTESIAN_POINT ( 'NONE',  ( 6.993179104988219486, 38.53591604948001503, 0.7601295854467969848 ) ) ;
#2305 = EDGE_LOOP ( 'NONE', ( #3731, #9207, #3914, #2886 ) ) ;
#2306 = CARTESIAN_POINT ( 'NONE',  ( -5.298113239067909319, 33.28616858117417365, 11.00295094165458387 ) ) ;
#2307 = LINE ( 'NONE', #7073, #2716 ) ;
#2308 = VERTEX_POINT ( 'NONE', #2625 ) ;
#2309 = B_SPLINE_CURVE_WITH_KNOTS ( 'NONE', 3,
 ( #4319, #2832, #373, #7549, #10032, #4473, #3577, #319, #5157, #3520, #4369, #6757 ),
 .UNSPECIFIED., .F., .F.,
 ( 4, 2, 2, 2, 2, 4 ),
 ( 0.000000000000000000, 0.2499999999999985012, 0.4999999999999970024, 0.6249999999999985567, 0.7500000000000001110, 1.000000000000000000 ),
 .UNSPECIFIED. ) ;
#2310 = VERTEX_POINT ( 'NONE', #8190 ) ;
#2311 = CARTESIAN_POINT ( 'NONE',  ( 7.960204194457789560E-16, 68.93591604948001361, 3.229804593820427172 ) ) ;
#2312 = DIRECTION ( 'NONE',  ( -0.7071067811865500152, 0.000000000000000000, 0.7071067811865450192 ) ) ;
#2313 = ADVANCED_FACE ( 'NONE', ( #1834 ), #1360, .T. ) ;
#2314 = ORIENTED_EDGE ( 'NONE', *, *, #4095, .T. ) ;
#2315 = DIRECTION ( 'NONE',  ( 0.000000000000000000, -1.000000000000000000, 0.000000000000000000 ) ) ;
#2316 = CARTESIAN_POINT ( 'NONE',  ( -0.5463643482676924235, 63.83591604948001219, 7.453516826656086280 ) ) ;
#2317 = DIRECTION ( 'NONE',  ( -0.000000000000000000, 1.000000000000000000, 0.000000000000000000 ) ) ;
#2318 = LINE ( 'NONE', #115, #6269 ) ;
#2319 = LINE ( 'NONE', #5595, #3544 ) ;
#2320 = CYLINDRICAL_SURFACE ( 'NONE', #4958, 1.499999999999999556 ) ;
#2321 = AXIS2_PLACEMENT_3D ( 'NONE', #2258, #4741, #4640 ) ;
#2322 = ORIENTED_EDGE ( 'NONE', *, *, #9138, .T. ) ;
#2323 = DIRECTION ( 'NONE',  ( 0.000000000000000000, 1.000000000000000000, 0.000000000000000000 ) ) ;
#2324 = EDGE_CURVE ( 'NONE', #3069, #1486, #4220, .T. ) ;
#2325 = CARTESIAN_POINT ( 'NONE',  ( 1.999999999999924949, 37.23591604948001077, 21.81543655909224455 ) ) ;
#2326 = CARTESIAN_POINT ( 'NONE',  ( -9.422792460337737097, 67.70857199716056130, 9.081648588148292234 ) ) ;
#2327 = DIRECTION ( 'NONE',  ( 0.000000000000000000, 0.000000000000000000, -1.000000000000000000 ) ) ;
#2328 = CARTESIAN_POINT ( 'NONE',  ( 12.08563196527182093, 38.53591604948001503, 10.72980459382046448 ) ) ;
#2329 = DIRECTION ( 'NONE',  ( -0.000000000000000000, -0.000000000000000000, 1.000000000000000000 ) ) ;
#2330 = VERTEX_POINT ( 'NONE', #2570 ) ;
#2331 = AXIS2_PLACEMENT_3D ( 'NONE', #6887, #493, #9228 ) ;
#2332 = EDGE_CURVE ( 'NONE', #4983, #6646, #7262, .T. ) ;
#2333 = CARTESIAN_POINT ( 'NONE',  ( -0.6000000000000007550, 57.53591604948001503, -7.270195406179567499 ) ) ;
#2334 = CARTESIAN_POINT ( 'NONE',  ( -8.867759061886511418, 43.73591604948001077, 3.831894012917236303 ) ) ;
#2335 = ORIENTED_EDGE ( 'NONE', *, *, #2791, .F. ) ;
#2336 = EDGE_CURVE ( 'NONE', #1099, #413, #3415, .T. ) ;
#2337 = ORIENTED_EDGE ( 'NONE', *, *, #6364, .T. ) ;
#2338 = DIRECTION ( 'NONE',  ( 0.000000000000000000, 0.000000000000000000, -1.000000000000000000 ) ) ;
#2339 = CARTESIAN_POINT ( 'NONE',  ( 0.000000000000000000, 39.23591604948001077, 9.729804593820427172 ) ) ;
#2340 = ORIENTED_EDGE ( 'NONE', *, *, #9282, .T. ) ;
#2341 = EDGE_CURVE ( 'NONE', #6494, #9883, #7491, .T. ) ;
#2342 = ORIENTED_EDGE ( 'NONE', *, *, #2341, .F. ) ;
#2343 = LINE ( 'NONE', #8711, #2898 ) ;
#2344 = ADVANCED_FACE ( 'NONE', ( #1055 ), #5054, .F. ) ;
#2345 = VERTEX_POINT ( 'NONE', #842 ) ;
#2346 = CARTESIAN_POINT ( 'NONE',  ( -9.146980910150588784, 37.23591604948001077, 16.27925038940806601 ) ) ;
#2347 = CARTESIAN_POINT ( 'NONE',  ( 0.000000000000000000, 38.53591604948001503, 9.729804593820427172 ) ) ;
#2348 = CARTESIAN_POINT ( 'NONE',  ( -6.422996935380968608, 66.90281494422217179, 8.730866031145835038 ) ) ;
#2349 = ORIENTED_EDGE ( 'NONE', *, *, #5820, .T. ) ;
#2350 = CARTESIAN_POINT ( 'NONE',  ( -6.499999897834149998, 33.28616858117417365, 11.48095705036433323 ) ) ;
#2351 = EDGE_CURVE ( 'NONE', #5781, #5344, #272, .T. ) ;
#2352 = EDGE_LOOP ( 'NONE', ( #4330, #7690, #771, #6529 ) ) ;
#2353 = EDGE_CURVE ( 'NONE', #8719, #1528, #4900, .T. ) ;
#2354 = FACE_OUTER_BOUND ( 'NONE', #8609, .T. ) ;
#2355 = AXIS2_PLACEMENT_3D ( 'NONE', #2281, #6360, #10375 ) ;
#2356 = DIRECTION ( 'NONE',  ( -4.081702296416015997E-15, 0.000000000000000000, 1.000000000000000000 ) ) ;
#2357 = ORIENTED_EDGE ( 'NONE', *, *, #4791, .T. ) ;
#2358 = VECTOR ( 'NONE', #8080, 1000.000000000000000 ) ;
#2359 = AXIS2_PLACEMENT_3D ( 'NONE', #5070, #3535, #3431 ) ;
#2360 = ORIENTED_EDGE ( 'NONE', *, *, #799, .T. ) ;
#2361 = CARTESIAN_POINT ( 'NONE',  ( -11.09904976402512133, 38.53591604948001503, 7.893069899942772416 ) ) ;
#2362 = CYLINDRICAL_SURFACE ( 'NONE', #326, 4.000000000000000000 ) ;
#2363 = ORIENTED_EDGE ( 'NONE', *, *, #9402, .F. ) ;
#2364 = CARTESIAN_POINT ( 'NONE',  ( 0.000000000000000000, 59.13591604948001645, 9.729804593820427172 ) ) ;
#2365 = LINE ( 'NONE', #112, #6843 ) ;
#2366 = LINE ( 'NONE', #10410, #7677 ) ;
#2367 = CARTESIAN_POINT ( 'NONE',  ( -7.131618755195589188, 39.73591604948001077, 18.68985047376212805 ) ) ;
#2368 = FACE_BOUND ( 'NONE', #9060, .T. ) ;
#2369 = AXIS2_PLACEMENT_3D ( 'NONE', #7320, #935, #2395 ) ;
#2370 = CARTESIAN_POINT ( 'NONE',  ( -1.000000000000000000, 40.23591604948001077, 21.43717406778852919 ) ) ;
#2371 = ORIENTED_EDGE ( 'NONE', *, *, #9784, .F. ) ;
#2372 = LINE ( 'NONE', #8838, #9691 ) ;
#2373 = DIRECTION ( 'NONE',  ( 0.000000000000000000, -1.000000000000000000, 0.000000000000000000 ) ) ;
#2374 = VECTOR ( 'NONE', #1451, 1000.000000000000000 ) ;
#2375 = CARTESIAN_POINT ( 'NONE',  ( 1.082774353776427390, 66.08343315506189697, 19.11258088313467596 ) ) ;
#2376 = DIRECTION ( 'NONE',  ( 0.000000000000000000, 0.000000000000000000, -1.000000000000000000 ) ) ;
#2377 = DIRECTION ( 'NONE',  ( 0.000000000000000000, 0.000000000000000000, -1.000000000000000000 ) ) ;
#2378 = CARTESIAN_POINT ( 'NONE',  ( 4.660649489949149960, 31.87054094663176329, 5.069155103871286983 ) ) ;
#2379 = VERTEX_POINT ( 'NONE', #5008 ) ;
#2380 = DIRECTION ( 'NONE',  ( 0.000000000000000000, 1.000000000000000000, 0.000000000000000000 ) ) ;
#2381 = EDGE_CURVE ( 'NONE', #2260, #1450, #854, .T. ) ;
#2382 = DIRECTION ( 'NONE',  ( 0.000000000000000000, 0.000000000000000000, 1.000000000000000000 ) ) ;
#2383 = ORIENTED_EDGE ( 'NONE', *, *, #8989, .F. ) ;
#2384 = B_SPLINE_CURVE_WITH_KNOTS ( 'NONE', 3,
 ( #5641, #786, #6440, #9672, #4894, #4105, #4161, #7385, #8881, #3994, #2408, #1630 ),
 .UNSPECIFIED., .F., .F.,
 ( 4, 2, 2, 2, 2, 4 ),
 ( 0.000000000000000000, 0.2500000000000003886, 0.5000000000000007772, 0.6249999999999993339, 0.7499999999999977796, 1.000000000000000000 ),
 .UNSPECIFIED. ) ;
#2385 = ORIENTED_EDGE ( 'NONE', *, *, #3305, .F. ) ;
#2386 = CARTESIAN_POINT ( 'NONE',  ( -13.50696698005967811, 37.95821897075820317, 8.729804593820286840 ) ) ;
#2387 = VECTOR ( 'NONE', #7853, 1000.000000000000000 ) ;
#2388 = CARTESIAN_POINT ( 'NONE',  ( 3.135322457671664953, 53.73541098609166511, 11.28536014937597720 ) ) ;
#2389 = ORIENTED_EDGE ( 'NONE', *, *, #2602, .F. ) ;
#2390 = ORIENTED_EDGE ( 'NONE', *, *, #107, .F. ) ;
#2391 = EDGE_CURVE ( 'NONE', #9566, #7026, #5745, .T. ) ;
#2392 = CARTESIAN_POINT ( 'NONE',  ( -1.000000000000000000, 38.53591604948001503, 5.698675719671151718 ) ) ;
#2393 = ADVANCED_FACE ( 'NONE', ( #7443 ), #1732, .F. ) ;
#2394 = ORIENTED_EDGE ( 'NONE', *, *, #297, .F. ) ;
#2395 = DIRECTION ( 'NONE',  ( 0.1129614320333120481, 0.000000000000000000, -0.9935993734262233978 ) ) ;
#2396 = DIRECTION ( 'NONE',  ( 1.953992523340275196E-14, 0.000000000000000000, -1.000000000000000000 ) ) ;
#2397 = EDGE_LOOP ( 'NONE', ( #10397, #3076, #1029, #5468 ) ) ;
#2398 = LINE ( 'NONE', #2559, #3033 ) ;
#2399 = ORIENTED_EDGE ( 'NONE', *, *, #2226, .F. ) ;
#2400 = CARTESIAN_POINT ( 'NONE',  ( 5.000000000000000000, 59.13591604948001645, -4.412331029910525615 ) ) ;
#2401 = EDGE_CURVE ( 'NONE', #575, #664, #5856, .T. ) ;
#2402 = LINE ( 'NONE', #7482, #711 ) ;
#2403 = VERTEX_POINT ( 'NONE', #3474 ) ;
#2404 = EDGE_CURVE ( 'NONE', #5511, #5185, #8280, .T. ) ;
#2405 = EDGE_CURVE ( 'NONE', #4151, #728, #3259, .T. ) ;
#2406 = VERTEX_POINT ( 'NONE', #8505 ) ;
#2407 = LINE ( 'NONE', #1035, #1656 ) ;
#2408 = CARTESIAN_POINT ( 'NONE',  ( 9.431743155919773969, 37.25597432290887667, 17.74733418736720836 ) ) ;
#2409 = ORIENTED_EDGE ( 'NONE', *, *, #5053, .F. ) ;
#2410 = CARTESIAN_POINT ( 'NONE',  ( -3.700000000000000178, 57.53591604948001503, -7.970195406179570341 ) ) ;
#2411 = CARTESIAN_POINT ( 'NONE',  ( 7.131618755195529680, 37.23591604948001077, -0.2302412861212629336 ) ) ;
#2412 = DIRECTION ( 'NONE',  ( 0.000000000000000000, -1.000000000000000000, 0.000000000000000000 ) ) ;
#2413 = CARTESIAN_POINT ( 'NONE',  ( 0.000000000000000000, 74.63591604948000224, 9.729804593820427172 ) ) ;
#2414 = CIRCLE ( 'NONE', #8338, 1.000000000000000000 ) ;
#2415 = CARTESIAN_POINT ( 'NONE',  ( 0.000000000000000000, 63.43591604948001361, 9.729804593820427172 ) ) ;
#2416 = AXIS2_PLACEMENT_3D ( 'NONE', #5014, #70, #5862 ) ;
#2417 = CARTESIAN_POINT ( 'NONE',  ( 1.397593656271259865, 36.84381467316708836, 21.01724698447016948 ) ) ;
#2418 = ORIENTED_EDGE ( 'NONE', *, *, #9888, .F. ) ;
#2419 = DIRECTION ( 'NONE',  ( 0.000000000000000000, 0.000000000000000000, 1.000000000000000000 ) ) ;
#2420 = AXIS2_PLACEMENT_3D ( 'NONE', #5542, #5751, #8786 ) ;
#2421 = CARTESIAN_POINT ( 'NONE',  ( -0.8205633155077470819, 66.00683387050906958, 3.281082677187809438 ) ) ;
#2422 = CARTESIAN_POINT ( 'NONE',  ( -9.440693886901387444, 67.87606961563474783, 9.407334498729065686 ) ) ;
#2423 = CIRCLE ( 'NONE', #1760, 0.1999999999999996780 ) ;
#2424 = LINE ( 'NONE', #2484, #4140 ) ;
#2425 = FACE_OUTER_BOUND ( 'NONE', #1621, .T. ) ;
#2426 = DIRECTION ( 'NONE',  ( -0.000000000000000000, 1.000000000000000000, 0.000000000000000000 ) ) ;
#2427 = ORIENTED_EDGE ( 'NONE', *, *, #5057, .T. ) ;
#2428 = DIRECTION ( 'NONE',  ( -0.000000000000000000, 1.000000000000000000, -0.000000000000000000 ) ) ;
#2429 = VECTOR ( 'NONE', #4230, 1000.000000000000000 ) ;
#2430 = VECTOR ( 'NONE', #9577, 1000.000000000000114 ) ;
#2431 = CARTESIAN_POINT ( 'NONE',  ( 7.776237472732449696, 37.23591604948001077, 18.92414930827382591 ) ) ;
#2432 = CIRCLE ( 'NONE', #1928, 1.600000000000000755 ) ;
#2433 = VERTEX_POINT ( 'NONE', #4371 ) ;
#2434 = VERTEX_POINT ( 'NONE', #1255 ) ;
#2435 = B_SPLINE_CURVE_WITH_KNOTS ( 'NONE', 3,
 ( #4395, #9950, #296, #10003, #2060, #7888, #5281, #1225, #3862, #2174 ),
 .UNSPECIFIED., .F., .F.,
 ( 4, 2, 2, 2, 4 ),
 ( 0.000000000000000000, 0.2500000000000000000, 0.5000000000000000000, 0.7500000000000000000, 1.000000000000000000 ),
 .UNSPECIFIED. ) ;
#2436 = CYLINDRICAL_SURFACE ( 'NONE', #6729, 1.000000000000000000 ) ;
#2437 = ORIENTED_EDGE ( 'NONE', *, *, #8168, .T. ) ;
#2438 = CARTESIAN_POINT ( 'NONE',  ( 7.838725536382070480, 39.73591604948001077, 0.4768654950652855828 ) ) ;
#2439 = EDGE_CURVE ( 'NONE', #3391, #5255, #2040, .T. ) ;
#2440 = FACE_OUTER_BOUND ( 'NONE', #4703, .T. ) ;
#2441 = VERTEX_POINT ( 'NONE', #1989 ) ;
#2442 = VECTOR ( 'NONE', #705, 1000.000000000000000 ) ;
#2443 = AXIS2_PLACEMENT_3D ( 'NONE', #701, #3219, #4912 ) ;
#2444 = ORIENTED_EDGE ( 'NONE', *, *, #1319, .F. ) ;
#2445 = PLANE ( 'NONE',  #5140 ) ;
#2446 = B_SPLINE_CURVE_WITH_KNOTS ( 'NONE', 3,
 ( #7344, #1683, #116, #5858, #4168, #9097, #1836, #7393, #5056, #4374, #7707, #474 ),
 .UNSPECIFIED., .F., .F.,
 ( 4, 2, 2, 2, 2, 4 ),
 ( 0.000000000000000000, 0.2500000000000024425, 0.5000000000000048850, 0.6250000000000036637, 0.7500000000000024425, 1.000000000000000000 ),
 .UNSPECIFIED. ) ;
#2447 = EDGE_CURVE ( 'NONE', #9406, #7370, #4890, .T. ) ;
#2448 = AXIS2_PLACEMENT_3D ( 'NONE', #10126, #6695, #5247 ) ;
#2449 = VERTEX_POINT ( 'NONE', #5261 ) ;
#2450 = DIRECTION ( 'NONE',  ( 0.000000000000000000, 0.000000000000000000, 1.000000000000000000 ) ) ;
#2451 = DIRECTION ( 'NONE',  ( 0.000000000000000000, -0.7071067811865365815, -0.7071067811865584529 ) ) ;
#2452 = EDGE_CURVE ( 'NONE', #8774, #8916, #1204, .T. ) ;
#2453 = LINE ( 'NONE', #4091, #8165 ) ;
#2454 = FACE_OUTER_BOUND ( 'NONE', #9034, .T. ) ;
#2455 = ORIENTED_EDGE ( 'NONE', *, *, #7846, .T. ) ;
#2456 = CARTESIAN_POINT ( 'NONE',  ( 0.9999999999999241718, 37.23994810002849221, 21.81543655909224455 ) ) ;
#2457 = EDGE_LOOP ( 'NONE', ( #8211, #10209, #10348, #3966 ) ) ;
#2458 = FACE_OUTER_BOUND ( 'NONE', #5046, .T. ) ;
#2459 = CIRCLE ( 'NONE', #3978, 0.9999999999999991118 ) ;
#2460 = ADVANCED_FACE ( 'NONE', ( #6813 ), #5957, .F. ) ;
#2461 = DIRECTION ( 'NONE',  ( 0.000000000000000000, 0.000000000000000000, 1.000000000000000000 ) ) ;
#2462 = ORIENTED_EDGE ( 'NONE', *, *, #7481, .T. ) ;
#2463 = VECTOR ( 'NONE', #9685, 1000.000000000000000 ) ;
#2464 = VERTEX_POINT ( 'NONE', #5106 ) ;
#2465 = AXIS2_PLACEMENT_3D ( 'NONE', #3068, #1337, #7783 ) ;
#2466 = LINE ( 'NONE', #5691, #480 ) ;
#2467 = CARTESIAN_POINT ( 'NONE',  ( -9.440694773479064494, 65.39575110586740436, 10.05229862166144272 ) ) ;
#2468 = EDGE_CURVE ( 'NONE', #8710, #7026, #6067, .T. ) ;
#2469 = ORIENTED_EDGE ( 'NONE', *, *, #5780, .T. ) ;
#2470 = CARTESIAN_POINT ( 'NONE',  ( -2.000000000000000000, 53.73541098609166511, 5.698675719671151718 ) ) ;
#2471 = CARTESIAN_POINT ( 'NONE',  ( -9.960045879941759495, 37.23591604948001077, 16.86142334901586537 ) ) ;
#2472 = B_SPLINE_CURVE_WITH_KNOTS ( 'NONE', 3,
 ( #1819, #2509, #9817, #8335, #991, #4504, #1094, #7540, #3658, #6892, #943, #7480, #4152, #3462, #2561, #7379, #9868, #5788 ),
 .UNSPECIFIED., .F., .F.,
 ( 4, 2, 2, 2, 2, 2, 2, 2, 4 ),
 ( 0.000000000000000000, 0.1250000000000000000, 0.2500000000000000000, 0.3750000000000000000, 0.5000000000000000000, 0.6250000000000000000, 0.7500000000000000000, 0.8750000000000000000, 1.000000000000000000 ),
 .UNSPECIFIED. ) ;
#2473 = CARTESIAN_POINT ( 'NONE',  ( -10.58131561025237843, 39.23591604948001077, 18.89690664169953749 ) ) ;
#2474 = DIRECTION ( 'NONE',  ( -0.000000000000000000, -1.000000000000000000, -0.000000000000000000 ) ) ;
#2475 = EDGE_CURVE ( 'NONE', #92, #2643, #6915, .T. ) ;
#2476 = CARTESIAN_POINT ( 'NONE',  ( 0.000000000000000000, 62.93591604948001361, 9.729804593820427172 ) ) ;
#2477 = DIRECTION ( 'NONE',  ( -0.000000000000000000, -1.000000000000000000, 0.000000000000000000 ) ) ;
#2478 = LINE ( 'NONE', #1684, #1088 ) ;
#2479 = ADVANCED_FACE ( 'NONE', ( #7753 ), #471, .F. ) ;
#2480 = VERTEX_POINT ( 'NONE', #3738 ) ;
#2481 = DIRECTION ( 'NONE',  ( 0.000000000000000000, -1.000000000000000000, 0.000000000000000000 ) ) ;
#2482 = CARTESIAN_POINT ( 'NONE',  ( 0.000000000000000000, 68.93591604948001361, 9.729804593820427172 ) ) ;
#2483 = CARTESIAN_POINT ( 'NONE',  ( 1.198633929408789989, 66.63591604948001645, 19.09843852322924818 ) ) ;
#2484 = CARTESIAN_POINT ( 'NONE',  ( 8.383203968001060602, 50.29182918005297154, 8.729804593820443159 ) ) ;
#2485 = CARTESIAN_POINT ( 'NONE',  ( -5.727727414766490230E-15, 39.73591604948001077, 10.72980459382039697 ) ) ;
#2486 = LINE ( 'NONE', #8093, #9582 ) ;
#2487 = ORIENTED_EDGE ( 'NONE', *, *, #3690, .T. ) ;
#2488 = CARTESIAN_POINT ( 'NONE',  ( 2.449999999999999734, 59.14591604948001446, -4.470195406179568565 ) ) ;
#2489 = DIRECTION ( 'NONE',  ( 0.000000000000000000, 0.000000000000000000, -1.000000000000000000 ) ) ;
#2490 = ORIENTED_EDGE ( 'NONE', *, *, #7822, .T. ) ;
#2491 = EDGE_LOOP ( 'NONE', ( #2680, #4397, #6255, #8400 ) ) ;
#2492 = CARTESIAN_POINT ( 'NONE',  ( -8.388678933038310248, 39.73591604948001077, 11.72980459382037566 ) ) ;
#2493 = ORIENTED_EDGE ( 'NONE', *, *, #6879, .T. ) ;
#2494 = CARTESIAN_POINT ( 'NONE',  ( 0.000000000000000000, 59.13591604948001645, 9.729804593820427172 ) ) ;
#2495 = VECTOR ( 'NONE', #6794, 1000.000000000000000 ) ;
#2496 = CARTESIAN_POINT ( 'NONE',  ( -8.388678933038310248, 38.53591604948001503, 11.72980459382037566 ) ) ;
#2497 = EDGE_LOOP ( 'NONE', ( #4116, #4530, #10086, #3628 ) ) ;
#2498 = ORIENTED_EDGE ( 'NONE', *, *, #9844, .F. ) ;
#2499 = CARTESIAN_POINT ( 'NONE',  ( -13.96424004376891936, 50.29182918005297154, 8.729804593820276182 ) ) ;
#2500 = AXIS2_PLACEMENT_3D ( 'NONE', #6134, #9318, #9997 ) ;
#2501 = ORIENTED_EDGE ( 'NONE', *, *, #3348, .T. ) ;
#2502 = CARTESIAN_POINT ( 'NONE',  ( -7.131618755195399117, 38.53591604948001503, -0.2302412861213531392 ) ) ;
#2503 = DIRECTION ( 'NONE',  ( 0.000000000000000000, 0.000000000000000000, 1.000000000000000000 ) ) ;
#2504 = DIRECTION ( 'NONE',  ( -1.000000000000000000, 0.000000000000000000, -3.491481338843135327E-15 ) ) ;
#2505 = CARTESIAN_POINT ( 'NONE',  ( 0.000000000000000000, 39.23591604948001077, 9.729804593820427172 ) ) ;
#2506 = VERTEX_POINT ( 'NONE', #4476 ) ;
#2507 = DIRECTION ( 'NONE',  ( -0.9935993734262231758, 0.000000000000000000, -0.1129614320333118260 ) ) ;
#2508 = ORIENTED_EDGE ( 'NONE', *, *, #7587, .F. ) ;
#2509 = CARTESIAN_POINT ( 'NONE',  ( -6.418685563211946388, 66.49993601222806205, 8.704877451991219317 ) ) ;
#2510 = LINE ( 'NONE', #7430, #546 ) ;
#2511 = EDGE_CURVE ( 'NONE', #8806, #6041, #2268, .T. ) ;
#2512 = ORIENTED_EDGE ( 'NONE', *, *, #1329, .F. ) ;
#2513 = ORIENTED_EDGE ( 'NONE', *, *, #1243, .T. ) ;
#2514 = DIRECTION ( 'NONE',  ( 0.000000000000000000, 1.000000000000000000, 0.000000000000000000 ) ) ;
#2515 = EDGE_LOOP ( 'NONE', ( #9761, #8894, #7573, #8046 ) ) ;
#2516 = CARTESIAN_POINT ( 'NONE',  ( -1.599999999999999645, 57.53591604948001503, -7.270195406179567499 ) ) ;
#2517 = CIRCLE ( 'NONE', #10298, 6.500000000000000000 ) ;
#2518 = DIRECTION ( 'NONE',  ( 0.000000000000000000, 0.000000000000000000, 1.000000000000000000 ) ) ;
#2519 = DIRECTION ( 'NONE',  ( 0.000000000000000000, 1.000000000000000000, 0.000000000000000000 ) ) ;
#2520 = DIRECTION ( 'NONE',  ( 0.000000000000000000, 0.000000000000000000, -1.000000000000000000 ) ) ;
#2521 = DIRECTION ( 'NONE',  ( 0.000000000000000000, 1.000000000000000000, 0.000000000000000000 ) ) ;
#2522 = EDGE_CURVE ( 'NONE', #2702, #2403, #5399, .T. ) ;
#2523 = CARTESIAN_POINT ( 'NONE',  ( 12.08563196527182093, 37.23994810002849221, 10.72980459382046448 ) ) ;
#2524 = CIRCLE ( 'NONE', #2856, 11.25000000000000178 ) ;
#2525 = AXIS2_PLACEMENT_3D ( 'NONE', #6434, #4781, #3196 ) ;
#2526 = ORIENTED_EDGE ( 'NONE', *, *, #4340, .F. ) ;
#2527 = DIRECTION ( 'NONE',  ( 0.000000000000000000, -1.000000000000000000, 0.000000000000000000 ) ) ;
#2528 = EDGE_CURVE ( 'NONE', #6230, #3509, #4323, .T. ) ;
#2529 = CYLINDRICAL_SURFACE ( 'NONE', #7486, 1.000000000000000888 ) ;
#2530 = CARTESIAN_POINT ( 'NONE',  ( 0.7465487442498828230, 67.63624141938591094, 0.3141209052711180227 ) ) ;
#2531 = DIRECTION ( 'NONE',  ( 0.000000000000000000, 0.000000000000000000, -1.000000000000000000 ) ) ;
#2532 = DIRECTION ( 'NONE',  ( 0.000000000000000000, 1.000000000000000000, 1.081498426419455997E-17 ) ) ;
#2533 = DIRECTION ( 'NONE',  ( 0.000000000000000000, 1.000000000000000000, 0.000000000000000000 ) ) ;
#2534 = ORIENTED_EDGE ( 'NONE', *, *, #4260, .T. ) ;
#2535 = AXIS2_PLACEMENT_3D ( 'NONE', #3904, #4495, #3697 ) ;
#2536 = EDGE_CURVE ( 'NONE', #3825, #9003, #8630, .T. ) ;
#2537 = DIRECTION ( 'NONE',  ( 0.000000000000000000, 0.000000000000000000, -1.000000000000000000 ) ) ;
#2538 = ADVANCED_FACE ( 'NONE', ( #2887 ), #2785, .T. ) ;
#2539 = DIRECTION ( 'NONE',  ( 0.000000000000000000, 0.000000000000000000, -1.000000000000000000 ) ) ;
#2540 = ORIENTED_EDGE ( 'NONE', *, *, #9222, .F. ) ;
#2541 = CIRCLE ( 'NONE', #4057, 12.90000000000000036 ) ;
#2542 = ORIENTED_EDGE ( 'NONE', *, *, #5039, .F. ) ;
#2543 = ADVANCED_FACE ( 'NONE', ( #5315, #2677 ), #1308, .T. ) ;
#2544 = EDGE_CURVE ( 'NONE', #5508, #6306, #7595, .T. ) ;
#2545 = CARTESIAN_POINT ( 'NONE',  ( 1.043394649214264502, 63.83591604948001219, 7.634255117909384936 ) ) ;
#2546 = EDGE_LOOP ( 'NONE', ( #1619, #783, #3222, #4683 ) ) ;
#2547 = CARTESIAN_POINT ( 'NONE',  ( 1.043394649214264502, 63.43591604948001361, 7.634255117909384936 ) ) ;
#2548 = LINE ( 'NONE', #2388, #1287 ) ;
#2549 = ORIENTED_EDGE ( 'NONE', *, *, #7248, .T. ) ;
#2550 = ORIENTED_EDGE ( 'NONE', *, *, #8701, .F. ) ;
#2551 = AXIS2_PLACEMENT_3D ( 'NONE', #4717, #2071, #1289 ) ;
#2552 = FACE_OUTER_BOUND ( 'NONE', #8000, .T. ) ;
#2553 = CIRCLE ( 'NONE', #1396, 1.000000000000000000 ) ;
#2554 = ORIENTED_EDGE ( 'NONE', *, *, #3449, .F. ) ;
#2555 = DIRECTION ( 'NONE',  ( 0.000000000000000000, 0.000000000000000000, -1.000000000000000000 ) ) ;
#2556 = FACE_OUTER_BOUND ( 'NONE', #1726, .T. ) ;
#2557 = LINE ( 'NONE', #9023, #3596 ) ;
#2558 = ORIENTED_EDGE ( 'NONE', *, *, #6879, .F. ) ;
#2559 = CARTESIAN_POINT ( 'NONE',  ( -0.4499999999999994560, 59.14591604948001446, -7.770195406179568387 ) ) ;
#2560 = ORIENTED_EDGE ( 'NONE', *, *, #3834, .F. ) ;
#2561 = CARTESIAN_POINT ( 'NONE',  ( -6.438438859412609183, 66.11639950190388504, 10.62384429388079532 ) ) ;
#2562 = DIRECTION ( 'NONE',  ( 0.000000000000000000, 0.000000000000000000, -1.000000000000000000 ) ) ;
#2563 = ORIENTED_EDGE ( 'NONE', *, *, #2895, .F. ) ;
#2564 = ORIENTED_EDGE ( 'NONE', *, *, #10283, .F. ) ;
#2565 = DIRECTION ( 'NONE',  ( 0.000000000000000000, 1.000000000000000000, 0.000000000000000000 ) ) ;
#2566 = ORIENTED_EDGE ( 'NONE', *, *, #1458, .F. ) ;
#2567 = LINE ( 'NONE', #8188, #1091 ) ;
#2568 = CYLINDRICAL_SURFACE ( 'NONE', #6506, 5.400000000000000355 ) ;
#2569 = EDGE_CURVE ( 'NONE', #4743, #6250, #1017, .T. ) ;
#2570 = CARTESIAN_POINT ( 'NONE',  ( -11.28744239064974053, 39.73591604948001077, 11.12739825009168904 ) ) ;
#2571 = CARTESIAN_POINT ( 'NONE',  ( 6.675728040208239733, 39.73591604948001077, 17.81974619640183732 ) ) ;
#2572 = CARTESIAN_POINT ( 'NONE',  ( -5.367756271135689872, 39.73591604948001077, 13.68334730258300169 ) ) ;
#2573 = B_SPLINE_CURVE_WITH_KNOTS ( 'NONE', 3,
 ( #9289, #2024, #9180, #8486, #3663, #1919, #254, #8386, #3455, #7101, #2869, #2290 ),
 .UNSPECIFIED., .F., .F.,
 ( 4, 2, 2, 2, 2, 4 ),
 ( 0.000000000000000000, 0.2500000000000007216, 0.5000000000000014433, 0.6250000000000013323, 0.7500000000000012212, 1.000000000000000000 ),
 .UNSPECIFIED. ) ;
#2574 = VERTEX_POINT ( 'NONE', #2304 ) ;
#2575 = AXIS2_PLACEMENT_3D ( 'NONE', #3269, #5810, #909 ) ;
#2576 = CARTESIAN_POINT ( 'NONE',  ( -3.399999999999999467, 59.14591604948001446, -4.470195406179568565 ) ) ;
#2577 = DIRECTION ( 'NONE',  ( 0.000000000000000000, 0.000000000000000000, -1.000000000000000000 ) ) ;
#2578 = VECTOR ( 'NONE', #5067, 1000.000000000000000 ) ;
#2579 = CIRCLE ( 'NONE', #1419, 0.1999999999999996780 ) ;
#2580 = CARTESIAN_POINT ( 'NONE',  ( 1.053404488822928364, 67.26589001901864151, 0.3435468424655633290 ) ) ;
#2581 = DIRECTION ( 'NONE',  ( 0.000000000000000000, 1.000000000000000000, 0.000000000000000000 ) ) ;
#2582 = ADVANCED_FACE ( 'NONE', ( #2250 ), #188, .T. ) ;
#2583 = CARTESIAN_POINT ( 'NONE',  ( -2.000000000000000000, 53.73541098609166511, 13.76093346796971062 ) ) ;
#2584 = CARTESIAN_POINT ( 'NONE',  ( -6.675728040208191771, 39.73591604948001077, 1.639862991238968171 ) ) ;
#2585 = CARTESIAN_POINT ( 'NONE',  ( 5.727727414766839696E-15, 39.73591604948001077, 8.729804593820396974 ) ) ;
#2586 = DIRECTION ( 'NONE',  ( 0.000000000000000000, 1.000000000000000000, 0.000000000000000000 ) ) ;
#2587 = ADVANCED_FACE ( 'NONE', ( #2994 ), #9460, .F. ) ;
#2588 = VECTOR ( 'NONE', #7741, 1000.000000000000000 ) ;
#2589 = ORIENTED_EDGE ( 'NONE', *, *, #5227, .F. ) ;
#2590 = VERTEX_POINT ( 'NONE', #5423 ) ;
#2591 = DIRECTION ( 'NONE',  ( 0.000000000000000000, 1.000000000000000000, 0.000000000000000000 ) ) ;
#2592 = ORIENTED_EDGE ( 'NONE', *, *, #7160, .F. ) ;
#2593 = CARTESIAN_POINT ( 'NONE',  ( 6.448742820782160656, 66.00661828667399789, 8.909397462580651350 ) ) ;
#2594 = EDGE_CURVE ( 'NONE', #4360, #5300, #4046, .T. ) ;
#2595 = FACE_OUTER_BOUND ( 'NONE', #6165, .T. ) ;
#2596 = ORIENTED_EDGE ( 'NONE', *, *, #7255, .T. ) ;
#2597 = ORIENTED_EDGE ( 'NONE', *, *, #8860, .F. ) ;
#2598 = CONICAL_SURFACE ( 'NONE', #2420, 1.024999999999999911, 0.7853981633974638221 ) ;
#2599 = AXIS2_PLACEMENT_3D ( 'NONE', #2261, #4695, #1529 ) ;
#2600 = CARTESIAN_POINT ( 'NONE',  ( 1.836970198721025250E-16, 74.63591604948000224, 8.229804593820427172 ) ) ;
#2601 = EDGE_CURVE ( 'NONE', #1338, #9450, #1469, .T. ) ;
#2602 = EDGE_CURVE ( 'NONE', #2864, #5316, #6922, .T. ) ;
#2603 = ORIENTED_EDGE ( 'NONE', *, *, #9857, .F. ) ;
#2604 = ADVANCED_FACE ( 'NONE', ( #3889 ), #8819, .F. ) ;
#2605 = VERTEX_POINT ( 'NONE', #7119 ) ;
#2606 = VECTOR ( 'NONE', #5935, 1000.000000000000000 ) ;
#2607 = CIRCLE ( 'NONE', #94, 11.25000000000000000 ) ;
#2608 = DIRECTION ( 'NONE',  ( 0.000000000000000000, 0.000000000000000000, 1.000000000000000000 ) ) ;
#2609 = DIRECTION ( 'NONE',  ( 1.000000000000000000, 0.000000000000000000, 0.000000000000000000 ) ) ;
#2610 = FACE_OUTER_BOUND ( 'NONE', #8796, .T. ) ;
#2611 = VERTEX_POINT ( 'NONE', #8666 ) ;
#2612 = CARTESIAN_POINT ( 'NONE',  ( 9.960045879941700875, 39.73591604948001077, 16.86142334901593287 ) ) ;
#2613 = VERTEX_POINT ( 'NONE', #10396 ) ;
#2614 = CARTESIAN_POINT ( 'NONE',  ( 4.660649489949139301, 31.87054094663176329, 14.39045408376957624 ) ) ;
#2615 = DIRECTION ( 'NONE',  ( -0.000000000000000000, -1.000000000000000000, -0.000000000000000000 ) ) ;
#2616 = AXIS2_PLACEMENT_3D ( 'NONE', #8905, #9005, #2489 ) ;
#2617 = VECTOR ( 'NONE', #1792, 1000.000000000000000 ) ;
#2618 = ORIENTED_EDGE ( 'NONE', *, *, #4545, .F. ) ;
#2619 = ORIENTED_EDGE ( 'NONE', *, *, #4004, .T. ) ;
#2620 = DIRECTION ( 'NONE',  ( 0.000000000000000000, 0.000000000000000000, -1.000000000000000000 ) ) ;
#2621 = VERTEX_POINT ( 'NONE', #1567 ) ;
#2622 = CARTESIAN_POINT ( 'NONE',  ( 1.000000000000000000, 50.29182918005297154, -4.234435449948514396 ) ) ;
#2623 = CARTESIAN_POINT ( 'NONE',  ( 0.000000000000000000, 63.13591604948001645, 13.92980459382042824 ) ) ;
#2624 = AXIS2_PLACEMENT_3D ( 'NONE', #3009, #484, #9427 ) ;
#2625 = CARTESIAN_POINT ( 'NONE',  ( 4.837354856632046043E-16, 59.13591604948001645, 5.829804593820425040 ) ) ;
#2626 = CARTESIAN_POINT ( 'NONE',  ( 13.24540937921045547, 37.68099700768475913, 10.72980459382047158 ) ) ;
#2627 = LINE ( 'NONE', #5698, #7446 ) ;
#2628 = CONICAL_SURFACE ( 'NONE', #1130, 3.900000000000000799, 0.7853981633974570498 ) ;
#2629 = VERTEX_POINT ( 'NONE', #3090 ) ;
#2630 = ADVANCED_FACE ( 'NONE', ( #3148 ), #9799, .T. ) ;
#2631 = DIRECTION ( 'NONE',  ( 0.000000000000000000, 0.000000000000000000, -1.000000000000000000 ) ) ;
#2632 = ORIENTED_EDGE ( 'NONE', *, *, #6363, .F. ) ;
#2633 = CARTESIAN_POINT ( 'NONE',  ( -0.9987983840854994799, 66.36830033288674713, 3.306783547072718488 ) ) ;
#2634 = LINE ( 'NONE', #6772, #4941 ) ;
#2635 = DIRECTION ( 'NONE',  ( 0.000000000000000000, -1.000000000000000000, 0.000000000000000000 ) ) ;
#2636 = CYLINDRICAL_SURFACE ( 'NONE', #6496, 1.000000000000000888 ) ;
#2637 = B_SPLINE_CURVE_WITH_KNOTS ( 'NONE', 3,
 ( #8678, #3160, #8031, #7823, #9676, #3010, #1531, #4746, #590, #6293, #9623, #9475 ),
 .UNSPECIFIED., .F., .F.,
 ( 4, 2, 2, 2, 2, 4 ),
 ( 0.000000000000000000, 0.2499999999999971134, 0.4999999999999942268, 0.6249999999999956701, 0.7499999999999971134, 1.000000000000000000 ),
 .UNSPECIFIED. ) ;
#2638 = DIRECTION ( 'NONE',  ( 0.000000000000000000, 0.000000000000000000, -1.000000000000000000 ) ) ;
#2639 = CIRCLE ( 'NONE', #793, 1.000000000000000888 ) ;
#2640 = CARTESIAN_POINT ( 'NONE',  ( 6.499999433794410031, 41.23591604948001788, 9.733810752080316320 ) ) ;
#2641 = CIRCLE ( 'NONE', #8224, 0.9999999999999991118 ) ;
#2642 = LINE ( 'NONE', #9842, #7683 ) ;
#2643 = VERTEX_POINT ( 'NONE', #1516 ) ;
#2644 = ADVANCED_FACE ( 'NONE', ( #4731 ), #6181, .F. ) ;
#2645 = DIRECTION ( 'NONE',  ( 0.000000000000000000, 1.000000000000000000, 0.000000000000000000 ) ) ;
#2646 = ORIENTED_EDGE ( 'NONE', *, *, #8610, .T. ) ;
#2647 = CARTESIAN_POINT ( 'NONE',  ( -7.808524226207159913, 37.23724115402390566, 0.5070668052399966985 ) ) ;
#2648 = EDGE_CURVE ( 'NONE', #1450, #2137, #9612, .T. ) ;
#2649 = FACE_OUTER_BOUND ( 'NONE', #6117, .T. ) ;
#2650 = ORIENTED_EDGE ( 'NONE', *, *, #5827, .F. ) ;
#2651 = ORIENTED_EDGE ( 'NONE', *, *, #4776, .F. ) ;
#2652 = DIRECTION ( 'NONE',  ( 0.000000000000000000, 0.000000000000000000, -1.000000000000000000 ) ) ;
#2653 = VERTEX_POINT ( 'NONE', #9414 ) ;
#2654 = EDGE_CURVE ( 'NONE', #3798, #3037, #4553, .T. ) ;
#2655 = CARTESIAN_POINT ( 'NONE',  ( -0.5463643482676924235, 63.83591604948001219, 7.453516826656086280 ) ) ;
#2656 = ORIENTED_EDGE ( 'NONE', *, *, #3348, .F. ) ;
#2657 = CARTESIAN_POINT ( 'NONE',  ( 0.000000000000000000, 63.03591604948001503, 9.729804593820427172 ) ) ;
#2658 = DIRECTION ( 'NONE',  ( -1.000000000000000000, 0.000000000000000000, -6.011073557540970106E-15 ) ) ;
#2659 = EDGE_CURVE ( 'NONE', #3227, #2434, #10302, .T. ) ;
#2660 = PLANE ( 'NONE',  #5963 ) ;
#2661 = DIRECTION ( 'NONE',  ( 0.000000000000000000, 0.000000000000000000, 1.000000000000000000 ) ) ;
#2662 = ORIENTED_EDGE ( 'NONE', *, *, #8403, .F. ) ;
#2663 = DIRECTION ( 'NONE',  ( 0.000000000000000000, 0.000000000000000000, -1.000000000000000000 ) ) ;
#2664 = ORIENTED_EDGE ( 'NONE', *, *, #10176, .F. ) ;
#2665 = LINE ( 'NONE', #9083, #8451 ) ;
#2666 = EDGE_CURVE ( 'NONE', #1658, #4472, #8272, .T. ) ;
#2667 = VECTOR ( 'NONE', #5716, 1000.000000000000000 ) ;
#2668 = CARTESIAN_POINT ( 'NONE',  ( 7.838725536382019854, 38.53591604948001503, 18.98274369257561744 ) ) ;
#2669 = EDGE_CURVE ( 'NONE', #75, #4170, #1662, .T. ) ;
#2670 = ORIENTED_EDGE ( 'NONE', *, *, #8246, .T. ) ;
#2671 = EDGE_LOOP ( 'NONE', ( #7763, #2337, #3193, #4955 ) ) ;
#2672 = CARTESIAN_POINT ( 'NONE',  ( 0.000000000000000000, 59.13591604948001645, -4.270195406179573716 ) ) ;
#2673 = EDGE_CURVE ( 'NONE', #6085, #10331, #3551, .T. ) ;
#2674 = ORIENTED_EDGE ( 'NONE', *, *, #2544, .T. ) ;
#2675 = CARTESIAN_POINT ( 'NONE',  ( 0.1694421480499677390, 63.43591604948001361, 8.239405533681090077 ) ) ;
#2676 = CYLINDRICAL_SURFACE ( 'NONE', #7903, 12.90000000000000036 ) ;
#2677 = FACE_OUTER_BOUND ( 'NONE', #2045, .T. ) ;
#2678 = CARTESIAN_POINT ( 'NONE',  ( 1.054633282688496543, 63.43591604948001361, 7.890232727619665098 ) ) ;
#2679 = DIRECTION ( 'NONE',  ( 0.000000000000000000, -1.000000000000000000, 0.000000000000000000 ) ) ;
#2680 = ORIENTED_EDGE ( 'NONE', *, *, #7644, .F. ) ;
#2681 = AXIS2_PLACEMENT_3D ( 'NONE', #5381, #2164, #436 ) ;
#2682 = DIRECTION ( 'NONE',  ( 0.000000000000000000, -1.000000000000000000, 0.000000000000000000 ) ) ;
#2683 = ORIENTED_EDGE ( 'NONE', *, *, #6533, .F. ) ;
#2684 = FACE_OUTER_BOUND ( 'NONE', #703, .T. ) ;
#2685 = DIRECTION ( 'NONE',  ( 0.000000000000000000, 1.000000000000000000, 0.000000000000000000 ) ) ;
#2686 = DIRECTION ( 'NONE',  ( 0.000000000000000000, 0.000000000000000000, 1.000000000000000000 ) ) ;
#2687 = CARTESIAN_POINT ( 'NONE',  ( 3.449999999999999734, 59.14591604948001446, -7.770195406179568387 ) ) ;
#2688 = CARTESIAN_POINT ( 'NONE',  ( 0.000000000000000000, 59.13591604948001645, 9.729804593820427172 ) ) ;
#2689 = APPLICATION_CONTEXT ( 'configuration controlled 3d designs of mechanical parts and assemblies' ) ;
#2690 = EDGE_CURVE ( 'NONE', #2811, #9616, #10295, .T. ) ;
#2691 = CARTESIAN_POINT ( 'NONE',  ( -7.131618755195509252, 39.73591604948001077, 19.68985047376212805 ) ) ;
#2692 = VECTOR ( 'NONE', #9030, 1000.000000000000000 ) ;
#2693 = DIRECTION ( 'NONE',  ( 0.000000000000000000, 0.000000000000000000, -1.000000000000000000 ) ) ;
#2694 = ORIENTED_EDGE ( 'NONE', *, *, #5747, .T. ) ;
#2695 = CARTESIAN_POINT ( 'NONE',  ( 0.000000000000000000, 63.33591604948001219, 11.12980459382042753 ) ) ;
#2696 = VECTOR ( 'NONE', #8296, 1000.000000000000000 ) ;
#2697 = CARTESIAN_POINT ( 'NONE',  ( 12.08563196527182093, 37.23994810002849221, 10.72980459382046448 ) ) ;
#2698 = VECTOR ( 'NONE', #2218, 1000.000000000000000 ) ;
#2699 = VERTEX_POINT ( 'NONE', #9028 ) ;
#2700 = CARTESIAN_POINT ( 'NONE',  ( 0.000000000000000000, 74.83591604948000509, 11.12980459382042753 ) ) ;
#2701 = CARTESIAN_POINT ( 'NONE',  ( 6.438325083730633835, 67.15394013140050333, 10.62464424432579690 ) ) ;
#2702 = VERTEX_POINT ( 'NONE', #5731 ) ;
#2703 = CIRCLE ( 'NONE', #9480, 9.244999999999999218 ) ;
#2704 = EDGE_CURVE ( 'NONE', #7149, #5924, #8122, .T. ) ;
#2705 = ORIENTED_EDGE ( 'NONE', *, *, #4415, .F. ) ;
#2706 = CARTESIAN_POINT ( 'NONE',  ( -0.9999999999999369393, 39.73591604948001077, 9.729804593820414738 ) ) ;
#2707 = VECTOR ( 'NONE', #145, 1000.000000000000000 ) ;
#2708 = AXIS2_PLACEMENT_3D ( 'NONE', #9779, #2474, #3260 ) ;
#2709 = ORIENTED_EDGE ( 'NONE', *, *, #4404, .T. ) ;
#2710 = AXIS2_PLACEMENT_3D ( 'NONE', #3884, #8061, #773 ) ;
#2711 = LINE ( 'NONE', #5588, #1987 ) ;
#2712 = ORIENTED_EDGE ( 'NONE', *, *, #7525, .F. ) ;
#2713 = CARTESIAN_POINT ( 'NONE',  ( -10.44090513317689961, 38.53591604948001503, 7.629804593820331604 ) ) ;
#2714 = DIRECTION ( 'NONE',  ( 0.000000000000000000, 1.000000000000000000, 0.000000000000000000 ) ) ;
#2715 = DIRECTION ( 'NONE',  ( 0.000000000000000000, 0.000000000000000000, 1.000000000000000000 ) ) ;
#2716 = VECTOR ( 'NONE', #2254, 1000.000000000000000 ) ;
#2717 = CARTESIAN_POINT ( 'NONE',  ( 1.078158506628609015, 63.43591604948001361, 8.426056820993313323 ) ) ;
#2718 = ORIENTED_EDGE ( 'NONE', *, *, #7231, .F. ) ;
#2719 = EDGE_CURVE ( 'NONE', #4582, #6646, #5732, .T. ) ;
#2720 = CARTESIAN_POINT ( 'NONE',  ( -0.8057965327928173771, 65.68899867398607739, 19.14052901353948144 ) ) ;
#2721 = ORIENTED_EDGE ( 'NONE', *, *, #710, .T. ) ;
#2722 = CARTESIAN_POINT ( 'NONE',  ( 0.000000000000000000, 59.13591604948001645, 9.729804593820427172 ) ) ;
#2723 = EDGE_CURVE ( 'NONE', #1966, #575, #5786, .T. ) ;
#2724 = ORIENTED_EDGE ( 'NONE', *, *, #3058, .F. ) ;
#2725 = VERTEX_POINT ( 'NONE', #8232 ) ;
#2726 = LINE ( 'NONE', #6647, #8463 ) ;
#2727 = ORIENTED_EDGE ( 'NONE', *, *, #7204, .F. ) ;
#2728 = CYLINDRICAL_SURFACE ( 'NONE', #9388, 1.100000000000000311 ) ;
#2729 = DIRECTION ( 'NONE',  ( 0.000000000000000000, 0.000000000000000000, -1.000000000000000000 ) ) ;
#2730 = ADVANCED_FACE ( 'NONE', ( #6589 ), #9815, .F. ) ;
#2731 = ADVANCED_FACE ( 'NONE', ( #4200, #7426 ), #4150, .T. ) ;
#2732 = DIRECTION ( 'NONE',  ( 0.000000000000000000, 0.000000000000000000, -1.000000000000000000 ) ) ;
#2733 = VERTEX_POINT ( 'NONE', #1667 ) ;
#2734 = CARTESIAN_POINT ( 'NONE',  ( 0.6287660582082104099, 67.45674305434796736, 3.259564001921479548 ) ) ;
#2735 = LINE ( 'NONE', #5264, #6275 ) ;
#2736 = EDGE_CURVE ( 'NONE', #3152, #3972, #5898, .T. ) ;
#2737 = ORIENTED_EDGE ( 'NONE', *, *, #4978, .F. ) ;
#2738 = DIRECTION ( 'NONE',  ( 0.000000000000000000, 1.000000000000000000, 0.000000000000000000 ) ) ;
#2739 = ORIENTED_EDGE ( 'NONE', *, *, #5019, .F. ) ;
#2740 = DIRECTION ( 'NONE',  ( -0.000000000000000000, -1.000000000000000000, -0.000000000000000000 ) ) ;
#2741 = DIRECTION ( 'NONE',  ( 0.000000000000000000, 0.000000000000000000, -1.000000000000000000 ) ) ;
#2742 = CARTESIAN_POINT ( 'NONE',  ( -10.44090513317689961, 38.53591604948001503, 10.72980459382042540 ) ) ;
#2743 = DIRECTION ( 'NONE',  ( -1.577021341797096821E-15, 0.000000000000000000, 1.000000000000000000 ) ) ;
#2744 = DIRECTION ( 'NONE',  ( 0.000000000000000000, 1.000000000000000000, 0.000000000000000000 ) ) ;
#2745 = FACE_OUTER_BOUND ( 'NONE', #1856, .T. ) ;
#2746 = DIRECTION ( 'NONE',  ( 0.000000000000000000, 0.000000000000000000, 1.000000000000000000 ) ) ;
#2747 = VECTOR ( 'NONE', #456, 1000.000000000000000 ) ;
#2748 = VERTEX_POINT ( 'NONE', #6638 ) ;
#2749 = VECTOR ( 'NONE', #2765, 1000.000000000000000 ) ;
#2750 = CYLINDRICAL_SURFACE ( 'NONE', #5114, 1.100000000000000311 ) ;
#2751 = LINE ( 'NONE', #394, #4953 ) ;
#2752 = CARTESIAN_POINT ( 'NONE',  ( 6.418673928468420442, 66.63591604948001645, 8.704804593820524516 ) ) ;
#2753 = COORDINATED_UNIVERSAL_TIME_OFFSET ( 8, 0, .AHEAD. ) ;
#2754 = DIRECTION ( 'NONE',  ( 0.000000000000000000, 1.000000000000000000, 0.000000000000000000 ) ) ;
#2755 = ORIENTED_EDGE ( 'NONE', *, *, #4322, .T. ) ;
#2756 = VERTEX_POINT ( 'NONE', #3300 ) ;
#2757 = AXIS2_PLACEMENT_3D ( 'NONE', #2274, #2323, #10418 ) ;
#2758 = LINE ( 'NONE', #2706, #3280 ) ;
#2759 = AXIS2_PLACEMENT_3D ( 'NONE', #6611, #9835, #2577 ) ;
#2760 = ORIENTED_EDGE ( 'NONE', *, *, #35, .T. ) ;
#2761 = EDGE_CURVE ( 'NONE', #3821, #1611, #9664, .T. ) ;
#2762 = ORIENTED_EDGE ( 'NONE', *, *, #9000, .F. ) ;
#2763 = DIRECTION ( 'NONE',  ( 0.000000000000000000, 1.000000000000000000, 0.000000000000000000 ) ) ;
#2764 = CARTESIAN_POINT ( 'NONE',  ( 1.555555555555570013, 39.73591604948001077, 12.86512705149208280 ) ) ;
#2765 = DIRECTION ( 'NONE',  ( 0.000000000000000000, -1.000000000000000000, -0.000000000000000000 ) ) ;
#2766 = SECURITY_CLASSIFICATION ( '', '', #9452 ) ;
#2767 = CARTESIAN_POINT ( 'NONE',  ( 9.167102047879149396, 39.23591604948001077, 20.31112020407276830 ) ) ;
#2768 = ORIENTED_EDGE ( 'NONE', *, *, #10243, .F. ) ;
#2769 = VECTOR ( 'NONE', #2740, 1000.000000000000000 ) ;
#2770 = DIRECTION ( 'NONE',  ( 0.1129614320333120481, 0.000000000000000000, -0.9935993734262233978 ) ) ;
#2771 = ORIENTED_EDGE ( 'NONE', *, *, #2975, .F. ) ;
#2772 = FACE_BOUND ( 'NONE', #9874, .T. ) ;
#2773 = DIRECTION ( 'NONE',  ( 0.000000000000000000, 0.000000000000000000, 1.000000000000000000 ) ) ;
#2774 = VECTOR ( 'NONE', #6361, 1000.000000000000000 ) ;
#2775 = AXIS2_PLACEMENT_3D ( 'NONE', #7254, #9279, #4242 ) ;
#2776 = ORIENTED_EDGE ( 'NONE', *, *, #8238, .T. ) ;
#2777 = EDGE_CURVE ( 'NONE', #9887, #949, #2398, .T. ) ;
#2778 = ORIENTED_EDGE ( 'NONE', *, *, #841, .T. ) ;
#2779 = CARTESIAN_POINT ( 'NONE',  ( -1.836734693877549951, 37.23591604948001077, -1.369245170204713036 ) ) ;
#2780 = VERTEX_POINT ( 'NONE', #8978 ) ;
#2781 = DIRECTION ( 'NONE',  ( 0.000000000000000000, 1.000000000000000000, 0.000000000000000000 ) ) ;
#2782 = DIRECTION ( 'NONE',  ( -0.000000000000000000, -1.000000000000000000, -0.000000000000000000 ) ) ;
#2783 = AXIS2_PLACEMENT_3D ( 'NONE', #2411, #5695, #4948 ) ;
#2784 = ADVANCED_FACE ( 'NONE', ( #4094 ), #4994, .T. ) ;
#2785 = CYLINDRICAL_SURFACE ( 'NONE', #683, 14.00000000000000355 ) ;
#2786 = ORIENTED_EDGE ( 'NONE', *, *, #3558, .F. ) ;
#2787 = CARTESIAN_POINT ( 'NONE',  ( 13.58413645413197202, 38.05709085949215620, 10.72980459382047513 ) ) ;
#2788 = CIRCLE ( 'NONE', #3937, 0.2999999999999999334 ) ;
#2789 = LINE ( 'NONE', #1942, #8473 ) ;
#2790 = VERTEX_POINT ( 'NONE', #1721 ) ;
#2791 = EDGE_CURVE ( 'NONE', #1098, #8133, #351, .T. ) ;
#2792 = AXIS2_PLACEMENT_3D ( 'NONE', #6160, #5350, #2979 ) ;
#2793 = FACE_OUTER_BOUND ( 'NONE', #8340, .T. ) ;
#2794 = EDGE_LOOP ( 'NONE', ( #8110, #1824, #291, #4484 ) ) ;
#2795 = CARTESIAN_POINT ( 'NONE',  ( 6.675728040208301017, 40.23591604948001077, 1.639862991239058543 ) ) ;
#2796 = CARTESIAN_POINT ( 'NONE',  ( 2.449999999999999734, 59.13591604948001645, -4.470195406179568565 ) ) ;
#2797 = CARTESIAN_POINT ( 'NONE',  ( 9.425066621740386452, 67.73097563063086568, 10.34409717597427303 ) ) ;
#2798 = EDGE_CURVE ( 'NONE', #100, #1176, #5558, .T. ) ;
#2799 = CARTESIAN_POINT ( 'NONE',  ( -1.599999999999999645, 57.53491604948001736, -7.270195406179567499 ) ) ;
#2800 = DIRECTION ( 'NONE',  ( -0.9990375775460246244, 0.000000000000000000, 0.04386249709000761277 ) ) ;
#2801 = DIRECTION ( 'NONE',  ( -2.983470769828700236E-15, 0.000000000000000000, 1.000000000000000000 ) ) ;
#2802 = VECTOR ( 'NONE', #9437, 1000.000000000000000 ) ;
#2803 = EDGE_CURVE ( 'NONE', #3739, #3825, #2524, .T. ) ;
#2804 = CARTESIAN_POINT ( 'NONE',  ( -1.024928423346102679, 66.77217171062478940, 16.14848995238655149 ) ) ;
#2805 = EDGE_LOOP ( 'NONE', ( #7539, #316, #8459, #558 ) ) ;
#2806 = DIRECTION ( 'NONE',  ( -0.000000000000000000, -1.000000000000000000, -0.000000000000000000 ) ) ;
#2807 = CARTESIAN_POINT ( 'NONE',  ( -2.799999999999999378, 57.53591604948001503, -4.470195406179566788 ) ) ;
#2808 = AXIS2_PLACEMENT_3D ( 'NONE', #1015, #5814, #8467 ) ;
#2809 = CARTESIAN_POINT ( 'NONE',  ( -3.700000000000000178, 57.53591604948001503, -8.270195406179569275 ) ) ;
#2810 = CARTESIAN_POINT ( 'NONE',  ( 11.09904976402513910, 38.53591604948001503, 7.893069899942910972 ) ) ;
#2811 = VERTEX_POINT ( 'NONE', #8178 ) ;
#2812 = ORIENTED_EDGE ( 'NONE', *, *, #10015, .F. ) ;
#2813 = DIRECTION ( 'NONE',  ( 1.000000000000000000, 0.000000000000000000, 1.723387009752800034E-14 ) ) ;
#2814 = VERTEX_POINT ( 'NONE', #4832 ) ;
#2815 = VERTEX_POINT ( 'NONE', #8065 ) ;
#2816 = DIRECTION ( 'NONE',  ( -2.664535259100376091E-15, 0.000000000000000000, -1.000000000000000000 ) ) ;
#2817 = DIRECTION ( 'NONE',  ( 0.000000000000000000, -1.000000000000000000, 0.000000000000000000 ) ) ;
#2818 = FACE_BOUND ( 'NONE', #6550, .T. ) ;
#2819 = CARTESIAN_POINT ( 'NONE',  ( -0.1777647992897761209, 63.43591604948001361, 7.752377406614015420 ) ) ;
#2820 = ORIENTED_EDGE ( 'NONE', *, *, #541, .F. ) ;
#2821 = DIRECTION ( 'NONE',  ( 0.000000000000000000, -1.000000000000000000, 0.000000000000000000 ) ) ;
#2822 = EDGE_LOOP ( 'NONE', ( #3548, #4944, #10402, #5986 ) ) ;
#2823 = B_SPLINE_CURVE_WITH_KNOTS ( 'NONE', 3,
 ( #4590, #8725, #1476, #9468, #3101, #5483, #6239, #5531, #583, #3942, #6337, #2101, #1526, #7816, #8776, #5431 ),
 .UNSPECIFIED., .F., .F.,
 ( 4, 2, 2, 2, 2, 2, 2, 4 ),
 ( 0.000000000000000000, 0.1249999999999999445, 0.2499999999999998890, 0.3749999999999998335, 0.4999999999999997780, 0.6249999999999997780, 0.7499999999999997780, 1.000000000000000000 ),
 .UNSPECIFIED. ) ;
#2824 = EDGE_CURVE ( 'NONE', #8763, #6230, #3706, .T. ) ;
#2825 = CARTESIAN_POINT ( 'NONE',  ( 0.000000000000000000, 53.73541098609166511, 9.729804593820427172 ) ) ;
#2826 = CARTESIAN_POINT ( 'NONE',  ( 10.31254178446613778, 38.05709085949070669, 0.8314763717274236132 ) ) ;
#2827 = CIRCLE ( 'NONE', #10433, 1.500000000000001332 ) ;
#2828 = VERTEX_POINT ( 'NONE', #6904 ) ;
#2829 = ORIENTED_EDGE ( 'NONE', *, *, #5569, .F. ) ;
#2830 = CARTESIAN_POINT ( 'NONE',  ( 1.000000000000000000, 37.53403809990066975, -3.312753135582966024 ) ) ;
#2831 = ORIENTED_EDGE ( 'NONE', *, *, #6712, .F. ) ;
#2832 = CARTESIAN_POINT ( 'NONE',  ( -0.9999999999999997780, 38.98155058613178880, -4.234435449948514396 ) ) ;
#2833 = DIRECTION ( 'NONE',  ( -0.000000000000000000, -1.000000000000000000, -0.000000000000000000 ) ) ;
#2834 = CIRCLE ( 'NONE', #8762, 11.25000000000000178 ) ;
#2835 = DIRECTION ( 'NONE',  ( -0.000000000000000000, -1.000000000000000000, -0.000000000000000000 ) ) ;
#2836 = VERTEX_POINT ( 'NONE', #312 ) ;
#2837 = PLANE ( 'NONE',  #9953 ) ;
#2838 = EDGE_CURVE ( 'NONE', #9887, #6711, #9243, .T. ) ;
#2839 = FACE_OUTER_BOUND ( 'NONE', #2995, .T. ) ;
#2840 = CIRCLE ( 'NONE', #4860, 6.500000000000000000 ) ;
#2841 = VERTEX_POINT ( 'NONE', #10020 ) ;
#2842 = DIRECTION ( 'NONE',  ( -0.7071067811865580088, 0.000000000000000000, 0.7071067811865370256 ) ) ;
#2843 = ORIENTED_EDGE ( 'NONE', *, *, #9325, .F. ) ;
#2844 = DIRECTION ( 'NONE',  ( 0.000000000000000000, 1.000000000000000000, 0.000000000000000000 ) ) ;
#2845 = DIRECTION ( 'NONE',  ( 0.000000000000000000, -1.000000000000000000, 0.000000000000000000 ) ) ;
#2846 = DIRECTION ( 'NONE',  ( -0.000000000000000000, 1.000000000000000000, -0.000000000000000000 ) ) ;
#2847 = ADVANCED_FACE ( 'NONE', ( #359, #8333 ), #5199, .F. ) ;
#2848 = CARTESIAN_POINT ( 'NONE',  ( 9.400723259003743948, 65.80898444054462004, 10.64492087111465146 ) ) ;
#2849 = DIRECTION ( 'NONE',  ( 0.000000000000000000, 1.000000000000000000, 0.000000000000000000 ) ) ;
#2850 = ORIENTED_EDGE ( 'NONE', *, *, #1126, .F. ) ;
#2851 = ADVANCED_FACE ( 'NONE', ( #1977 ), #5147, .F. ) ;
#2852 = DIRECTION ( 'NONE',  ( -0.000000000000000000, -1.000000000000000000, -0.000000000000000000 ) ) ;
#2853 = DIRECTION ( 'NONE',  ( 0.000000000000000000, -1.000000000000000000, 0.000000000000000000 ) ) ;
#2854 = ADVANCED_FACE ( 'NONE', ( #4413 ), #4037, .T. ) ;
#2855 = DIRECTION ( 'NONE',  ( 0.000000000000000000, -1.000000000000000000, 0.000000000000000000 ) ) ;
#2856 = AXIS2_PLACEMENT_3D ( 'NONE', #9766, #8870, #5840 ) ;
#2857 = CARTESIAN_POINT ( 'NONE',  ( 0.000000000000000000, 37.23591604948001077, 9.729804593820427172 ) ) ;
#2858 = ORIENTED_EDGE ( 'NONE', *, *, #428, .T. ) ;
#2859 = CIRCLE ( 'NONE', #685, 3.900000000000002576 ) ;
#2860 = ADVANCED_FACE ( 'NONE', ( #260 ), #7638, .T. ) ;
#2861 = CARTESIAN_POINT ( 'NONE',  ( 0.000000000000000000, 61.58591604948001219, 9.729804593820427172 ) ) ;
#2862 = ORIENTED_EDGE ( 'NONE', *, *, #9286, .F. ) ;
#2863 = DIRECTION ( 'NONE',  ( 0.000000000000000000, 0.000000000000000000, 1.000000000000000000 ) ) ;
#2864 = VERTEX_POINT ( 'NONE', #3566 ) ;
#2865 = ADVANCED_FACE ( 'NONE', ( #409 ), #7478, .F. ) ;
#2866 = AXIS2_PLACEMENT_3D ( 'NONE', #776, #6233, #2200 ) ;
#2867 = VECTOR ( 'NONE', #3592, 1000.000000000000000 ) ;
#2868 = ORIENTED_EDGE ( 'NONE', *, *, #9464, .T. ) ;
#2869 = CARTESIAN_POINT ( 'NONE',  ( -8.017529593547072508, 37.25597432290890509, 19.16154774974044273 ) ) ;
#2870 = CARTESIAN_POINT ( 'NONE',  ( -9.372380155625021914, 66.95670261074212704, 8.559346238781738947 ) ) ;
#2871 = AXIS2_PLACEMENT_3D ( 'NONE', #9926, #2565, #6598 ) ;
#2872 = CARTESIAN_POINT ( 'NONE',  ( 6.499999433794410031, 34.40748892473381915, 8.933810752080317386 ) ) ;
#2873 = PLANE ( 'NONE',  #2448 ) ;
#2874 = ORIENTED_EDGE ( 'NONE', *, *, #10037, .T. ) ;
#2875 = CARTESIAN_POINT ( 'NONE',  ( -1.449999999999999512, 59.14591604948001446, -4.470195406179568565 ) ) ;
#2876 = EDGE_LOOP ( 'NONE', ( #10244, #9531, #3195, #5605 ) ) ;
#2877 = CIRCLE ( 'NONE', #699, 1.100000000000000311 ) ;
#2878 = CYLINDRICAL_SURFACE ( 'NONE', #5934, 1.000000000000000888 ) ;
#2879 = CARTESIAN_POINT ( 'NONE',  ( 2.269462866248204551E-14, 66.63591604948001645, 0.5348045938204266658 ) ) ;
#2880 = ORIENTED_EDGE ( 'NONE', *, *, #7002, .T. ) ;
#2881 = AXIS2_PLACEMENT_3D ( 'NONE', #6919, #5213, #8566 ) ;
#2882 = ORIENTED_EDGE ( 'NONE', *, *, #8037, .F. ) ;
#2883 = CARTESIAN_POINT ( 'NONE',  ( 4.031128874149285224, 38.53591604948001503, 10.72980459382042540 ) ) ;
#2884 = ORIENTED_EDGE ( 'NONE', *, *, #2192, .T. ) ;
#2885 = CYLINDRICAL_SURFACE ( 'NONE', #9215, 11.25000000000000000 ) ;
#2886 = ORIENTED_EDGE ( 'NONE', *, *, #7846, .F. ) ;
#2887 = FACE_OUTER_BOUND ( 'NONE', #166, .T. ) ;
#2888 = ORIENTED_EDGE ( 'NONE', *, *, #10294, .F. ) ;
#2889 = DIRECTION ( 'NONE',  ( -5.080105690144320343E-16, 0.000000000000000000, -1.000000000000000000 ) ) ;
#2890 = CARTESIAN_POINT ( 'NONE',  ( 0.5719301266378774562, 63.83591604948001219, 8.240186301611155173 ) ) ;
#2891 = AXIS2_PLACEMENT_3D ( 'NONE', #7869, #3892, #4736 ) ;
#2892 = ORIENTED_EDGE ( 'NONE', *, *, #2222, .F. ) ;
#2893 = CARTESIAN_POINT ( 'NONE',  ( -1.024999999999970157, 66.63591604948001645, 3.311130665352016500 ) ) ;
#2894 = CARTESIAN_POINT ( 'NONE',  ( 6.499999433794410031, 37.46091604948001219, 8.933810752080328044 ) ) ;
#2895 = EDGE_CURVE ( 'NONE', #2464, #8101, #6109, .T. ) ;
#2896 = ORIENTED_EDGE ( 'NONE', *, *, #9760, .F. ) ;
#2897 = DIRECTION ( 'NONE',  ( 0.000000000000000000, 1.000000000000000000, 0.000000000000000000 ) ) ;
#2898 = VECTOR ( 'NONE', #7904, 1000.000000000000000 ) ;
#2899 = DIRECTION ( 'NONE',  ( 0.000000000000000000, 0.000000000000000000, 1.000000000000000000 ) ) ;
#2900 = CARTESIAN_POINT ( 'NONE',  ( 9.415903423581859499, 67.63908406336435064, 8.986148602381803130 ) ) ;
#2901 = LINE ( 'NONE', #3853, #8417 ) ;
#2902 = CARTESIAN_POINT ( 'NONE',  ( 1.600000000000000755, 57.53591604948001503, -7.270195406179567499 ) ) ;
#2903 = CARTESIAN_POINT ( 'NONE',  ( 0.000000000000000000, 37.23591604948001077, 9.729804593820427172 ) ) ;
#2904 = DIRECTION ( 'NONE',  ( 0.000000000000000000, -1.000000000000000000, 0.000000000000000000 ) ) ;
#2905 = ORIENTED_EDGE ( 'NONE', *, *, #2008, .T. ) ;
#2906 = CARTESIAN_POINT ( 'NONE',  ( 0.5719301266378774562, 63.83591604948001219, 8.240186301611155173 ) ) ;
#2907 = ADVANCED_FACE ( 'NONE', ( #4256 ), #9132, .F. ) ;
#2908 = CARTESIAN_POINT ( 'NONE',  ( 1.836734693877480007, 38.53591604948001503, 20.82885435784556805 ) ) ;
#2909 = DIRECTION ( 'NONE',  ( 0.000000000000000000, -1.000000000000000000, 0.000000000000000000 ) ) ;
#2910 = CYLINDRICAL_SURFACE ( 'NONE', #9064, 0.9999999999999991118 ) ;
#2911 = ORIENTED_EDGE ( 'NONE', *, *, #5689, .F. ) ;
#2912 = EDGE_CURVE ( 'NONE', #8976, #4895, #2190, .T. ) ;
#2913 = LINE ( 'NONE', #4609, #4214 ) ;
#2914 = ORIENTED_EDGE ( 'NONE', *, *, #7322, .T. ) ;
#2915 = LINE ( 'NONE', #4713, #4130 ) ;
#2916 = AXIS2_PLACEMENT_3D ( 'NONE', #5783, #4033, #8011 ) ;
#2917 = ORIENTED_EDGE ( 'NONE', *, *, #3989, .T. ) ;
#2918 = EDGE_CURVE ( 'NONE', #9488, #3687, #6697, .T. ) ;
#2919 = CIRCLE ( 'NONE', #5790, 1.000000000000000000 ) ;
#2920 = ORIENTED_EDGE ( 'NONE', *, *, #147, .T. ) ;
#2921 = DIRECTION ( 'NONE',  ( 0.000000000000000000, -1.000000000000000000, 0.000000000000000000 ) ) ;
#2922 = CARTESIAN_POINT ( 'NONE',  ( 0.000000000000000000, 80.83389579592666507, 9.729804593820427172 ) ) ;
#2923 = CARTESIAN_POINT ( 'NONE',  ( 2.800000000000000266, 57.53491604948001736, -4.470195406179566788 ) ) ;
#2924 = ORIENTED_EDGE ( 'NONE', *, *, #7640, .F. ) ;
#2925 = AXIS2_PLACEMENT_3D ( 'NONE', #10165, #2806, #9168 ) ;
#2926 = DIRECTION ( 'NONE',  ( 0.000000000000000000, -1.000000000000000000, 0.000000000000000000 ) ) ;
#2927 = EDGE_CURVE ( 'NONE', #3490, #3929, #2029, .T. ) ;
#2928 = ORIENTED_EDGE ( 'NONE', *, *, #6651, .F. ) ;
#2929 = CIRCLE ( 'NONE', #5804, 0.7999999999999899414 ) ;
#2930 = CARTESIAN_POINT ( 'NONE',  ( -0.1602207421005342469, 63.83591604948001219, 7.598061336812032884 ) ) ;
#2931 = CARTESIAN_POINT ( 'NONE',  ( 0.000000000000000000, 59.23591604948001788, 8.229804593820427172 ) ) ;
#2932 = EDGE_CURVE ( 'NONE', #5511, #6687, #746, .T. ) ;
#2933 = VECTOR ( 'NONE', #10238, 1000.000000000000000 ) ;
#2934 = EDGE_LOOP ( 'NONE', ( #6746, #2349, #6802, #8909 ) ) ;
#2935 = APPROVAL_PERSON_ORGANIZATION ( #9556, #6778, #2985 ) ;
#2936 = ORIENTED_EDGE ( 'NONE', *, *, #731, .T. ) ;
#2937 = AXIS2_PLACEMENT_3D ( 'NONE', #7926, #3945, #3804 ) ;
#2938 = CARTESIAN_POINT ( 'NONE',  ( -12.08563196527182093, 37.23994810002849221, 10.72980459382031349 ) ) ;
#2939 = DIRECTION ( 'NONE',  ( 0.000000000000000000, 0.000000000000000000, 1.000000000000000000 ) ) ;
#2940 = ORIENTED_EDGE ( 'NONE', *, *, #3839, .T. ) ;
#2941 = DIRECTION ( 'NONE',  ( 1.000000000000000000, 0.000000000000000000, 1.015447888376674090E-14 ) ) ;
#2942 = EDGE_LOOP ( 'NONE', ( #5701, #8334, #7104, #707 ) ) ;
#2943 = CARTESIAN_POINT ( 'NONE',  ( -8.658812010446697016, 37.68099700768782867, -0.3432209789995822602 ) ) ;
#2944 = ORIENTED_EDGE ( 'NONE', *, *, #4548, .F. ) ;
#2945 = DIRECTION ( 'NONE',  ( -0.000000000000000000, 1.000000000000000000, -0.000000000000000000 ) ) ;
#2946 = CARTESIAN_POINT ( 'NONE',  ( -0.9999999999999991118, 38.98256680740481528, 23.69404463758937496 ) ) ;
#2947 = AXIS2_PLACEMENT_3D ( 'NONE', #6039, #8425, #7465 ) ;
#2948 = ORIENTED_EDGE ( 'NONE', *, *, #6800, .T. ) ;
#2949 = CARTESIAN_POINT ( 'NONE',  ( -4.031128874149290553, 38.53591604948001503, 7.729804593820452041 ) ) ;
#2950 = DIRECTION ( 'NONE',  ( 0.000000000000000000, -1.000000000000000000, 0.000000000000000000 ) ) ;
#2951 = ORIENTED_EDGE ( 'NONE', *, *, #1875, .T. ) ;
#2952 = DIRECTION ( 'NONE',  ( 0.000000000000000000, -1.000000000000000000, 0.000000000000000000 ) ) ;
#2953 = CARTESIAN_POINT ( 'NONE',  ( 9.146980910150549704, 38.53591604948001503, 3.180358798232726603 ) ) ;
#2954 = CIRCLE ( 'NONE', #9551, 1.499999999999999556 ) ;
#2955 = CONICAL_SURFACE ( 'NONE', #6502, 13.79999999999999716, 0.7853981633974659315 ) ;
#2956 = CARTESIAN_POINT ( 'NONE',  ( 0.000000000000000000, 39.73591604948001077, 9.729804593820427172 ) ) ;
#2957 = DIRECTION ( 'NONE',  ( 0.000000000000000000, 0.000000000000000000, -1.000000000000000000 ) ) ;
#2958 = CARTESIAN_POINT ( 'NONE',  ( 0.2667801674938483636, 67.63489073647306782, 16.22554632481614334 ) ) ;
#2959 = EDGE_CURVE ( 'NONE', #9185, #9920, #6555, .T. ) ;
#2960 = CARTESIAN_POINT ( 'NONE',  ( -1.449999999999999512, 59.14591604948001446, -4.470195406179568565 ) ) ;
#2961 = AXIS2_PLACEMENT_3D ( 'NONE', #5172, #1742, #333 ) ;
#2962 = ORIENTED_EDGE ( 'NONE', *, *, #675, .F. ) ;
#2963 = CARTESIAN_POINT ( 'NONE',  ( 0.000000000000000000, 63.33591604948001219, 9.729804593820427172 ) ) ;
#2964 = CARTESIAN_POINT ( 'NONE',  ( 1.723387009752639737E-14, 39.73591604948001077, 8.729804593820521319 ) ) ;
#2965 = CARTESIAN_POINT ( 'NONE',  ( 0.000000000000000000, 63.83591604948001219, 9.729804593820427172 ) ) ;
#2966 = DIRECTION ( 'NONE',  ( 2.983470769828700236E-15, 0.000000000000000000, -1.000000000000000000 ) ) ;
#2967 = ORIENTED_EDGE ( 'NONE', *, *, #680, .T. ) ;
#2968 = VECTOR ( 'NONE', #8439, 1000.000000000000000 ) ;
#2969 = DIRECTION ( 'NONE',  ( 0.06021147382357448091, 0.000000000000000000, 0.9981856432648152921 ) ) ;
#2970 = EDGE_CURVE ( 'NONE', #10152, #5277, #7155, .T. ) ;
#2971 = DIRECTION ( 'NONE',  ( 0.000000000000000000, 1.000000000000000000, 0.000000000000000000 ) ) ;
#2972 = EDGE_LOOP ( 'NONE', ( #5034, #3089, #3691, #7567, #6608, #6289, #6484 ) ) ;
#2973 = CONICAL_SURFACE ( 'NONE', #5676, 4.000000000000000000, 0.7853981633974482790 ) ;
#2974 = CIRCLE ( 'NONE', #1461, 1.100000000000000311 ) ;
#2975 = EDGE_CURVE ( 'NONE', #8101, #6806, #5517, .T. ) ;
#2976 = B_SPLINE_CURVE_WITH_KNOTS ( 'NONE', 3,
 ( #8597, #10183, #10330, #1504, #4513, #4616, #4718, #564, #7005, #7950, #3922, #5563, #2133, #7738, #1347, #10236 ),
 .UNSPECIFIED., .F., .F.,
 ( 4, 2, 2, 2, 2, 2, 2, 4 ),
 ( 0.000000000000000000, 0.1249999999999988620, 0.2499999999999977240, 0.3749999999999965583, 0.4999999999999955591, 0.6249999999999945599, 0.7499999999999934497, 1.000000000000000000 ),
 .UNSPECIFIED. ) ;
#2977 = VERTEX_POINT ( 'NONE', #7901 ) ;
#2978 = CARTESIAN_POINT ( 'NONE',  ( -3.999999999999999112, 59.13591604948001645, -7.970195406179570341 ) ) ;
#2979 = DIRECTION ( 'NONE',  ( 0.000000000000000000, 0.000000000000000000, 1.000000000000000000 ) ) ;
#2980 = ORIENTED_EDGE ( 'NONE', *, *, #7509, .T. ) ;
#2981 = CARTESIAN_POINT ( 'NONE',  ( -1.083492825974445184, 66.08521880269411497, 19.11249652110420527 ) ) ;
#2982 = ORIENTED_EDGE ( 'NONE', *, *, #10082, .F. ) ;
#2983 = EDGE_CURVE ( 'NONE', #5673, #9408, #916, .T. ) ;
#2984 = CARTESIAN_POINT ( 'NONE',  ( -9.960045879941779035, 39.73591604948001077, 16.86142334901582629 ) ) ;
#2985 = APPROVAL_ROLE ( '' ) ;
#2986 = ORIENTED_EDGE ( 'NONE', *, *, #10162, .F. ) ;
#2987 = EDGE_CURVE ( 'NONE', #3995, #4327, #9019, .T. ) ;
#2988 = VERTEX_POINT ( 'NONE', #2187 ) ;
#2989 = CARTESIAN_POINT ( 'NONE',  ( 0.000000000000000000, 61.63591604948001645, 9.729804593820427172 ) ) ;
#2990 = PLANE ( 'NONE',  #6602 ) ;
#2991 = CARTESIAN_POINT ( 'NONE',  ( 1.600000000000000533, 57.53591604948001503, -7.270195406179567499 ) ) ;
#2992 = VERTEX_POINT ( 'NONE', #1295 ) ;
#2993 = EDGE_CURVE ( 'NONE', #5251, #7864, #7105, .T. ) ;
#2994 = FACE_OUTER_BOUND ( 'NONE', #9281, .T. ) ;
#2995 = EDGE_LOOP ( 'NONE', ( #5787, #34, #5387, #87 ) ) ;
#2996 = DIRECTION ( 'NONE',  ( 0.000000000000000000, -1.000000000000000000, 0.000000000000000000 ) ) ;
#2997 = EDGE_CURVE ( 'NONE', #8442, #9887, #6266, .T. ) ;
#2998 = CARTESIAN_POINT ( 'NONE',  ( 0.000000000000000000, 37.23591604948001077, 9.729804593820427172 ) ) ;
#2999 = ORIENTED_EDGE ( 'NONE', *, *, #304, .F. ) ;
#3000 = EDGE_CURVE ( 'NONE', #1400, #10436, #2255, .T. ) ;
#3001 = EDGE_CURVE ( 'NONE', #7501, #6687, #6316, .T. ) ;
#3002 = CLOSED_SHELL ( 'NONE', ( #4196, #669, #2287, #10363, #6560, #9655, #1060, #3781, #8044, #6730, #4013, #8915, #2587, #3176, #3290, #6169, #7241, #5753, #10220, #1164, #5796, #2860 ) ) ;
#3003 = CARTESIAN_POINT ( 'NONE',  ( 3.953542708762602498, 39.73591604948001077, 4.362048322684739077 ) ) ;
#3004 = CARTESIAN_POINT ( 'NONE',  ( 4.608304801002010009, 33.28616858117417365, 11.72980459382042717 ) ) ;
#3005 = AXIS2_PLACEMENT_3D ( 'NONE', #3504, #3451, #6737 ) ;
#3006 = ORIENTED_EDGE ( 'NONE', *, *, #924, .F. ) ;
#3007 = DIRECTION ( 'NONE',  ( 0.000000000000000000, 1.000000000000000000, 0.000000000000000000 ) ) ;
#3008 = DIRECTION ( 'NONE',  ( 0.000000000000000000, 1.000000000000000000, 0.000000000000000000 ) ) ;
#3009 = CARTESIAN_POINT ( 'NONE',  ( -3.399999999999999467, 59.14591604948001446, -4.470195406179568565 ) ) ;
#3010 = CARTESIAN_POINT ( 'NONE',  ( 8.721151920280014735, 37.77423283245862962, -0.4055608888326446282 ) ) ;
#3011 = FACE_OUTER_BOUND ( 'NONE', #5543, .T. ) ;
#3012 = VECTOR ( 'NONE', #5741, 1000.000000000000000 ) ;
#3013 = CARTESIAN_POINT ( 'NONE',  ( -12.08563196527182093, 39.73591604948001077, 11.72980459382042717 ) ) ;
#3014 = ORIENTED_EDGE ( 'NONE', *, *, #5179, .T. ) ;
#3015 = DIRECTION ( 'NONE',  ( 0.000000000000000000, -1.000000000000000000, 0.000000000000000000 ) ) ;
#3016 = CARTESIAN_POINT ( 'NONE',  ( -2.399999999999999467, 59.14591604948001446, -7.770195406179568387 ) ) ;
#3017 = CARTESIAN_POINT ( 'NONE',  ( 0.9999999999999241718, 50.29182918005297154, 21.81543655909224455 ) ) ;
#3018 = CC_DESIGN_DATE_AND_TIME_ASSIGNMENT ( #9381, #2175, ( #2766 ) ) ;
#3019 = CARTESIAN_POINT ( 'NONE',  ( 12.08563196527180139, 80.83389579592666507, 11.72980459382046625 ) ) ;
#3020 = EDGE_LOOP ( 'NONE', ( #5418, #7812 ) ) ;
#3021 = FACE_BOUND ( 'NONE', #1416, .T. ) ;
#3022 = CARTESIAN_POINT ( 'NONE',  ( -5.727727414766490230E-15, 50.29182918005297154, 10.72980459382039697 ) ) ;
#3023 = ORIENTED_EDGE ( 'NONE', *, *, #8235, .T. ) ;
#3024 = AXIS2_PLACEMENT_3D ( 'NONE', #9677, #9580, #7184 ) ;
#3025 = ORIENTED_EDGE ( 'NONE', *, *, #6299, .T. ) ;
#3026 = CARTESIAN_POINT ( 'NONE',  ( -2.399999999999999467, 59.14591604948001446, -4.470195406179568565 ) ) ;
#3027 = EDGE_CURVE ( 'NONE', #5316, #9125, #7999, .T. ) ;
#3028 = DIRECTION ( 'NONE',  ( 0.7071067811865510144, 0.000000000000000000, -0.7071067811865441310 ) ) ;
#3029 = ORIENTED_EDGE ( 'NONE', *, *, #2528, .F. ) ;
#3030 = CARTESIAN_POINT ( 'NONE',  ( -5.298113239067909319, 39.73591604948001077, 11.00295094165458387 ) ) ;
#3031 = ORIENTED_EDGE ( 'NONE', *, *, #4571, .F. ) ;
#3032 = CARTESIAN_POINT ( 'NONE',  ( 0.5000000000000004441, 59.14591604948001446, -7.770195406179568387 ) ) ;
#3033 = VECTOR ( 'NONE', #1770, 1000.000000000000000 ) ;
#3034 = AXIS2_PLACEMENT_3D ( 'NONE', #2614, #5844, #101 ) ;
#3035 = COORDINATED_UNIVERSAL_TIME_OFFSET ( 8, 0, .AHEAD. ) ;
#3036 = ORIENTED_EDGE ( 'NONE', *, *, #4913, .T. ) ;
#3037 = VERTEX_POINT ( 'NONE', #7008 ) ;
#3038 = CYLINDRICAL_SURFACE ( 'NONE', #9973, 0.9999999999999991118 ) ;
#3039 = EDGE_CURVE ( 'NONE', #4762, #932, #3724, .T. ) ;
#3040 = CARTESIAN_POINT ( 'NONE',  ( -6.418673928468410672, 66.63591604948001645, 10.75480459382037424 ) ) ;
#3041 = AXIS2_PLACEMENT_3D ( 'NONE', #10311, #10359, #2166 ) ;
#3042 = ORIENTED_EDGE ( 'NONE', *, *, #7557, .T. ) ;
#3043 = CARTESIAN_POINT ( 'NONE',  ( -9.167102047879078341, 39.23591604948001077, -0.8515110164319730224 ) ) ;
#3044 = EDGE_LOOP ( 'NONE', ( #577, #10009, #9713, #1073, #8851, #8706, #6874, #2709, #522, #6279, #9420, #2487, #4873, #10012, #4710, #10239, #7017, #497, #2670, #9701, #524, #4766, #3662, #415, #5228, #4514, #3529, #8356, #1320, #8788, #1757, #214, #9824, #5825, #5004 ) ) ;
#3045 = CARTESIAN_POINT ( 'NONE',  ( -10.44090513317689961, 39.73591604948001077, 7.629804593820331604 ) ) ;
#3046 = EDGE_CURVE ( 'NONE', #7144, #6130, #3830, .T. ) ;
#3047 = CARTESIAN_POINT ( 'NONE',  ( 4.608304801002010009, 38.53591604948001503, 11.72980459382042717 ) ) ;
#3048 = VECTOR ( 'NONE', #8668, 1000.000000000000000 ) ;
#3049 = ORIENTED_EDGE ( 'NONE', *, *, #5841, .F. ) ;
#3050 = FACE_BOUND ( 'NONE', #6732, .T. ) ;
#3051 = CARTESIAN_POINT ( 'NONE',  ( -2.000000000000075051, 80.83389579592666507, 21.81543655909222679 ) ) ;
#3052 = EDGE_CURVE ( 'NONE', #2756, #4842, #2084, .T. ) ;
#3053 = EDGE_LOOP ( 'NONE', ( #2951, #6462 ) ) ;
#3054 = DIRECTION ( 'NONE',  ( 8.659560562355067211E-17, -0.7071067811865365815, 0.7071067811865584529 ) ) ;
#3055 = CARTESIAN_POINT ( 'NONE',  ( -1.008233917515759748, 37.23591604948001077, 21.68737392740870717 ) ) ;
#3056 = CARTESIAN_POINT ( 'NONE',  ( -0.1694421480499680166, 63.13591604948001645, 11.22020365395976249 ) ) ;
#3057 = CONICAL_SURFACE ( 'NONE', #6437, 1.600000000000000755, 0.7853981633974461696 ) ;
#3058 = EDGE_CURVE ( 'NONE', #8856, #7588, #2136, .T. ) ;
#3059 = FACE_BOUND ( 'NONE', #8241, .T. ) ;
#3060 = ADVANCED_FACE ( 'NONE', ( #8599 ), #4618, .T. ) ;
#3061 = CARTESIAN_POINT ( 'NONE',  ( -1.024999999999975930, 66.63591604948001645, 0.5348045938204266658 ) ) ;
#3062 = ORIENTED_EDGE ( 'NONE', *, *, #2091, .F. ) ;
#3063 = VECTOR ( 'NONE', #8874, 1000.000000000000000 ) ;
#3064 = FACE_OUTER_BOUND ( 'NONE', #10327, .T. ) ;
#3065 = DIRECTION ( 'NONE',  ( -0.000000000000000000, -1.000000000000000000, -0.000000000000000000 ) ) ;
#3066 = DIRECTION ( 'NONE',  ( -0.000000000000000000, 1.000000000000000000, 0.000000000000000000 ) ) ;
#3067 = CARTESIAN_POINT ( 'NONE',  ( 4.616794899587770118, 38.53591604948001503, 8.729804593820427172 ) ) ;
#3068 = CARTESIAN_POINT ( 'NONE',  ( -8.985467126085840306, 40.23591604948001077, 17.30105815753302423 ) ) ;
#3069 = VERTEX_POINT ( 'NONE', #3030 ) ;
#3070 = CYLINDRICAL_SURFACE ( 'NONE', #2355, 1.000000000000000888 ) ;
#3071 = DIRECTION ( 'NONE',  ( 0.000000000000000000, -1.000000000000000000, 0.000000000000000000 ) ) ;
#3072 = ORIENTED_EDGE ( 'NONE', *, *, #3702, .T. ) ;
#3073 = VERTEX_POINT ( 'NONE', #7619 ) ;
#3074 = DIRECTION ( 'NONE',  ( -0.000000000000000000, -1.000000000000000000, -0.000000000000000000 ) ) ;
#3075 = DIRECTION ( 'NONE',  ( 0.000000000000000000, -1.000000000000000000, 0.000000000000000000 ) ) ;
#3076 = ORIENTED_EDGE ( 'NONE', *, *, #6332, .F. ) ;
#3077 = DIRECTION ( 'NONE',  ( 0.000000000000000000, 0.000000000000000000, -1.000000000000000000 ) ) ;
#3078 = ORIENTED_EDGE ( 'NONE', *, *, #1135, .T. ) ;
#3079 = DIRECTION ( 'NONE',  ( 0.000000000000000000, 0.000000000000000000, 1.000000000000000000 ) ) ;
#3080 = CALENDAR_DATE ( 2025, 10, 12 ) ;
#3081 = EDGE_CURVE ( 'NONE', #9343, #10444, #3095, .T. ) ;
#3082 = VECTOR ( 'NONE', #2817, 1000.000000000000000 ) ;
#3083 = VECTOR ( 'NONE', #9240, 1000.000000000000000 ) ;
#3084 = VECTOR ( 'NONE', #2532, 1000.000000000000000 ) ;
#3085 = CIRCLE ( 'NONE', #10358, 1.499999999999999556 ) ;
#3086 = ORIENTED_EDGE ( 'NONE', *, *, #9910, .T. ) ;
#3087 = CARTESIAN_POINT ( 'NONE',  ( -2.399999999999999467, 59.14591604948001446, -4.470195406179568565 ) ) ;
#3088 = CARTESIAN_POINT ( 'NONE',  ( -9.252939098755220471, 37.23994810002849221, 17.56853013020241860 ) ) ;
#3089 = ORIENTED_EDGE ( 'NONE', *, *, #2673, .T. ) ;
#3090 = CARTESIAN_POINT ( 'NONE',  ( 0.5999999999999999778, 57.53491604948001736, -7.270195406179567499 ) ) ;
#3091 = ORIENTED_EDGE ( 'NONE', *, *, #8087, .T. ) ;
#3092 = DIRECTION ( 'NONE',  ( -0.7071067811865464625, 0.000000000000000000, -0.7071067811865485719 ) ) ;
#3093 = EDGE_CURVE ( 'NONE', #3387, #7701, #1748, .T. ) ;
#3094 = CARTESIAN_POINT ( 'NONE',  ( -0.7071067811865570096, 39.73591604948001077, 9.022697812633866832 ) ) ;
#3095 = CIRCLE ( 'NONE', #3433, 0.09999999999999983902 ) ;
#3096 = EDGE_CURVE ( 'NONE', #4946, #9518, #4392, .T. ) ;
#3097 = AXIS2_PLACEMENT_3D ( 'NONE', #2960, #6137, #10107 ) ;
#3098 = AXIS2_PLACEMENT_3D ( 'NONE', #3543, #6785, #9277 ) ;
#3099 = ORIENTED_EDGE ( 'NONE', *, *, #1006, .F. ) ;
#3100 = VERTEX_POINT ( 'NONE', #3491 ) ;
#3101 = CARTESIAN_POINT ( 'NONE',  ( 0.3980854511649479788, 67.84136350448007136, 19.16670056992674631 ) ) ;
#3102 = DIRECTION ( 'NONE',  ( 1.000000000000000000, 0.000000000000000000, -0.000000000000000000 ) ) ;
#3103 = EDGE_CURVE ( 'NONE', #8594, #2590, #6886, .T. ) ;
#3104 = ORIENTED_EDGE ( 'NONE', *, *, #3039, .F. ) ;
#3105 = CARTESIAN_POINT ( 'NONE',  ( -3.700000000000000178, 59.13591604948001645, -7.970195406179570341 ) ) ;
#3106 = LINE ( 'NONE', #2212, #3278 ) ;
#3107 = PLANE ( 'NONE',  #3881 ) ;
#3109 = DIRECTION ( 'NONE',  ( -0.000000000000000000, 1.000000000000000000, -0.000000000000000000 ) ) ;
#3108 = VECTOR ( 'NONE', #7135, 1000.000000000000000 ) ;
#3110 = EDGE_CURVE ( 'NONE', #9481, #4244, #5981, .T. ) ;
#3111 = CIRCLE ( 'NONE', #1260, 1.100000000000000311 ) ;
#3112 = CARTESIAN_POINT ( 'NONE',  ( 1.024927581415297384, 66.77197594178971940, 16.14849008683473741 ) ) ;
#3113 = ADVANCED_FACE ( 'NONE', ( #1334 ), #393, .F. ) ;
#3114 = LINE ( 'NONE', #4059, #1259 ) ;
#3115 = ORIENTED_EDGE ( 'NONE', *, *, #5031, .T. ) ;
#3116 = VECTOR ( 'NONE', #1230, 1000.000000000000000 ) ;
#3117 = CARTESIAN_POINT ( 'NONE',  ( 5.143516556418879970E-16, 63.13591604948001645, 5.529804593820426994 ) ) ;
#3118 = EDGE_CURVE ( 'NONE', #6000, #4816, #5229, .T. ) ;
#3119 = LINE ( 'NONE', #10367, #2256 ) ;
#3120 = CARTESIAN_POINT ( 'NONE',  ( -9.252939098755058822, 37.23994810002849221, 1.891079057438276756 ) ) ;
#3121 = DIRECTION ( 'NONE',  ( 0.000000000000000000, -1.000000000000000000, 0.000000000000000000 ) ) ;
#3122 = CARTESIAN_POINT ( 'NONE',  ( 0.6346587566404440217, 63.43591604948001361, 7.688430482438682212 ) ) ;
#3123 = DIRECTION ( 'NONE',  ( 0.000000000000000000, 0.000000000000000000, 1.000000000000000000 ) ) ;
#3124 = ORIENTED_EDGE ( 'NONE', *, *, #8301, .F. ) ;
#3125 = EDGE_CURVE ( 'NONE', #36, #9406, #6315, .T. ) ;
#3126 = CARTESIAN_POINT ( 'NONE',  ( 7.698402319198649479, 38.53591604948001503, 8.458534105914942813 ) ) ;
#3127 = AXIS2_PLACEMENT_3D ( 'NONE', #5869, #2586, #9223 ) ;
#3128 = CIRCLE ( 'NONE', #1273, 1.100000000000000089 ) ;
#3129 = DIRECTION ( 'NONE',  ( 0.000000000000000000, 0.000000000000000000, -1.000000000000000000 ) ) ;
#3130 = ORIENTED_EDGE ( 'NONE', *, *, #4210, .T. ) ;
#3131 = ADVANCED_FACE ( 'NONE', ( #3653 ), #10109, .F. ) ;
#3132 = LINE ( 'NONE', #10380, #3849 ) ;
#3133 = ORIENTED_EDGE ( 'NONE', *, *, #5339, .F. ) ;
#3134 = CIRCLE ( 'NONE', #8208, 1.024999999999999911 ) ;
#3135 = FACE_OUTER_BOUND ( 'NONE', #9721, .T. ) ;
#3136 = DIRECTION ( 'NONE',  ( 0.000000000000000000, 1.000000000000000000, 0.000000000000000000 ) ) ;
#3137 = ORIENTED_EDGE ( 'NONE', *, *, #6651, .T. ) ;
#3138 = ORIENTED_EDGE ( 'NONE', *, *, #725, .T. ) ;
#3139 = DIRECTION ( 'NONE',  ( 0.000000000000000000, 0.000000000000000000, -1.000000000000000000 ) ) ;
#3140 = AXIS2_PLACEMENT_3D ( 'NONE', #5775, #9698, #9013 ) ;
#3141 = ORIENTED_EDGE ( 'NONE', *, *, #6112, .T. ) ;
#3142 = CARTESIAN_POINT ( 'NONE',  ( 10.58131561025223810, 39.73591604948001077, 18.89690664169968315 ) ) ;
#3143 = DIRECTION ( 'NONE',  ( 0.000000000000000000, -1.000000000000000000, 0.000000000000000000 ) ) ;
#3144 = CARTESIAN_POINT ( 'NONE',  ( -6.438336120395928397, 67.15402032102768715, 10.62455947912769894 ) ) ;
#3145 = VERTEX_POINT ( 'NONE', #4499 ) ;
#3146 = CIRCLE ( 'NONE', #6365, 3.499999999999999556 ) ;
#3147 = CC_DESIGN_PERSON_AND_ORGANIZATION_ASSIGNMENT ( #4573, #7802, ( #5296 ) ) ;
#3148 = FACE_OUTER_BOUND ( 'NONE', #4311, .T. ) ;
#3149 = VERTEX_POINT ( 'NONE', #9947 ) ;
#3150 = CARTESIAN_POINT ( 'NONE',  ( 0.000000000000000000, 59.13591604948001645, 9.729804593820427172 ) ) ;
#3151 = FACE_OUTER_BOUND ( 'NONE', #2305, .T. ) ;
#3152 = VERTEX_POINT ( 'NONE', #2695 ) ;
#3153 = EDGE_LOOP ( 'NONE', ( #5112, #9957, #8483, #7209 ) ) ;
#3154 = DIRECTION ( 'NONE',  ( 0.000000000000000000, 1.000000000000000000, 0.000000000000000000 ) ) ;
#3155 = CARTESIAN_POINT ( 'NONE',  ( 0.000000000000000000, 59.13591604948001645, 9.729804593820427172 ) ) ;
#3156 = ORIENTED_EDGE ( 'NONE', *, *, #5274, .T. ) ;
#3157 = DIRECTION ( 'NONE',  ( 0.000000000000000000, 1.000000000000000000, -0.000000000000000000 ) ) ;
#3158 = CYLINDRICAL_SURFACE ( 'NONE', #606, 0.09999999999999983902 ) ;
#3159 = ADVANCED_FACE ( 'NONE', ( #340 ), #7724, .T. ) ;
#3160 = CARTESIAN_POINT ( 'NONE',  ( 9.167102047879229332, 38.98155058613298962, -0.8515110164318576702 ) ) ;
#3161 = CARTESIAN_POINT ( 'NONE',  ( -9.167102047879298610, 39.73591604948001077, 20.31112020407264751 ) ) ;
#3162 = DIRECTION ( 'NONE',  ( 0.000000000000000000, 0.000000000000000000, -1.000000000000000000 ) ) ;
#3163 = CARTESIAN_POINT ( 'NONE',  ( 0.000000000000000000, 39.23591604948001077, -2.270195406179573716 ) ) ;
#3164 = CIRCLE ( 'NONE', #4687, 1.000000000000000000 ) ;
#3165 = EDGE_LOOP ( 'NONE', ( #1994, #7335, #3920, #7526, #476, #3868, #8694 ) ) ;
#3166 = CARTESIAN_POINT ( 'NONE',  ( 11.28744239064969968, 38.53591604948001503, 11.12739825009177252 ) ) ;
#3167 = FACE_OUTER_BOUND ( 'NONE', #8750, .T. ) ;
#3168 = CARTESIAN_POINT ( 'NONE',  ( -0.08188650832559944692, 67.91091604948003635, 0.2848045938204261662 ) ) ;
#3169 = DIRECTION ( 'NONE',  ( 0.000000000000000000, 0.000000000000000000, -1.000000000000000000 ) ) ;
#3170 = EDGE_CURVE ( 'NONE', #5283, #586, #5453, .T. ) ;
#3171 = DIRECTION ( 'NONE',  ( 0.000000000000000000, 0.000000000000000000, -1.000000000000000000 ) ) ;
#3172 = PLANE ( 'NONE',  #9746 ) ;
#3173 = ORIENTED_EDGE ( 'NONE', *, *, #2932, .F. ) ;
#3174 = DIRECTION ( 'NONE',  ( -1.000000000000000000, 0.000000000000000000, -5.727727414766659835E-15 ) ) ;
#3175 = DIRECTION ( 'NONE',  ( -0.000000000000000000, -1.000000000000000000, -0.000000000000000000 ) ) ;
#3176 = ADVANCED_FACE ( 'NONE', ( #6784 ), #3541, .F. ) ;
#3177 = ORIENTED_EDGE ( 'NONE', *, *, #3492, .F. ) ;
#3178 = EDGE_CURVE ( 'NONE', #2828, #5277, #8474, .T. ) ;
#3179 = EDGE_LOOP ( 'NONE', ( #9853, #1342, #9706, #1932 ) ) ;
#3180 = LINE ( 'NONE', #923, #4131 ) ;
#3181 = EDGE_CURVE ( 'NONE', #8661, #6489, #1913, .T. ) ;
#3182 = DIRECTION ( 'NONE',  ( 0.000000000000000000, 0.000000000000000000, -1.000000000000000000 ) ) ;
#3183 = EDGE_LOOP ( 'NONE', ( #7479, #4876, #6986, #8321 ) ) ;
#3184 = ORIENTED_EDGE ( 'NONE', *, *, #3822, .F. ) ;
#3185 = CARTESIAN_POINT ( 'NONE',  ( -4.613763209168499912, 33.28616858117417365, 7.729804593820426284 ) ) ;
#3186 = EDGE_CURVE ( 'NONE', #8912, #5023, #5180, .T. ) ;
#3187 = ADVANCED_FACE ( 'NONE', ( #10001 ), #2750, .F. ) ;
#3188 = EDGE_LOOP ( 'NONE', ( #6314, #2437, #6298, #7895 ) ) ;
#3189 = DIRECTION ( 'NONE',  ( -1.000000000000000000, 0.000000000000000000, -3.384826294588900223E-15 ) ) ;
#3190 = DIRECTION ( 'NONE',  ( 0.000000000000000000, -1.000000000000000000, 0.000000000000000000 ) ) ;
#3191 = DIRECTION ( 'NONE',  ( 8.659560562355067211E-17, -0.7071067811865365815, 0.7071067811865584529 ) ) ;
#3192 = DIRECTION ( 'NONE',  ( 0.000000000000000000, 0.000000000000000000, -1.000000000000000000 ) ) ;
#3193 = ORIENTED_EDGE ( 'NONE', *, *, #10347, .T. ) ;
#3194 = CARTESIAN_POINT ( 'NONE',  ( 7.131618755195469284, 37.23591604948001077, 19.68985047376215647 ) ) ;
#3195 = ORIENTED_EDGE ( 'NONE', *, *, #408, .T. ) ;
#3196 = DIRECTION ( 'NONE',  ( -0.1129614320333120342, 0.000000000000000000, 0.9935993734262232868 ) ) ;
#3197 = AXIS2_PLACEMENT_3D ( 'NONE', #5505, #3764, #7145 ) ;
#3198 = CARTESIAN_POINT ( 'NONE',  ( 9.960045879941660019, 37.23591604948001077, 16.86142334901598616 ) ) ;
#3199 = ORIENTED_EDGE ( 'NONE', *, *, #8106, .F. ) ;
#3200 = VECTOR ( 'NONE', #10089, 1000.000000000000000 ) ;
#3201 = AXIS2_PLACEMENT_3D ( 'NONE', #1328, #2054, #3855 ) ;
#3202 = ORIENTED_EDGE ( 'NONE', *, *, #6100, .F. ) ;
#3203 = CARTESIAN_POINT ( 'NONE',  ( -9.382715261949449825, 66.08476199279726870, 8.646512505651612557 ) ) ;
#3204 = ORIENTED_EDGE ( 'NONE', *, *, #9392, .T. ) ;
#3205 = CARTESIAN_POINT ( 'NONE',  ( 0.2259228640666236798, 63.43591604948001361, 7.742605846967979488 ) ) ;
#3206 = CARTESIAN_POINT ( 'NONE',  ( 9.252939098755110336, 39.73591604948001077, 17.56853013020252874 ) ) ;
#3207 = FACE_OUTER_BOUND ( 'NONE', #8883, .T. ) ;
#3208 = CARTESIAN_POINT ( 'NONE',  ( -5.897910580903160671, 39.73591604948001077, 18.59756365570695991 ) ) ;
#3209 = CIRCLE ( 'NONE', #9140, 1.000000000000000888 ) ;
#3210 = VECTOR ( 'NONE', #2042, 1000.000000000000000 ) ;
#3211 = CARTESIAN_POINT ( 'NONE',  ( 9.929587795662694560, 37.53403809989899997, 1.214430360530863728 ) ) ;
#3212 = AXIS2_PLACEMENT_3D ( 'NONE', #1866, #5089, #146 ) ;
#3213 = ORIENTED_EDGE ( 'NONE', *, *, #2927, .F. ) ;
#3214 = EDGE_CURVE ( 'NONE', #8605, #8763, #1172, .T. ) ;
#3215 = CARTESIAN_POINT ( 'NONE',  ( 0.000000000000000000, 63.03591604948001503, 13.22980459382042717 ) ) ;
#3216 = DIRECTION ( 'NONE',  ( 0.000000000000000000, 1.000000000000000000, 0.000000000000000000 ) ) ;
#3217 = AXIS2_PLACEMENT_3D ( 'NONE', #10202, #6125, #4325 ) ;
#3218 = CARTESIAN_POINT ( 'NONE',  ( 0.9164251819648858710, 65.81044939942728433, 19.13040755052749020 ) ) ;
#3219 = DIRECTION ( 'NONE',  ( -0.000000000000000000, -1.000000000000000000, -0.000000000000000000 ) ) ;
#3220 = DIRECTION ( 'NONE',  ( -7.885106708985484498E-15, 0.000000000000000000, 1.000000000000000000 ) ) ;
#3221 = DIRECTION ( 'NONE',  ( 0.000000000000000000, -0.5150380749100518241, -0.8571673007021137769 ) ) ;
#3222 = ORIENTED_EDGE ( 'NONE', *, *, #5868, .T. ) ;
#3223 = CARTESIAN_POINT ( 'NONE',  ( 1.959434878635765723E-16, 59.13591604948001645, 11.32980459382042682 ) ) ;
#3224 = ADVANCED_FACE ( 'NONE', ( #7087 ), #3958, .T. ) ;
#3225 = DIRECTION ( 'NONE',  ( -0.000000000000000000, -1.000000000000000000, -0.000000000000000000 ) ) ;
#3226 = VECTOR ( 'NONE', #9971, 1000.000000000000000 ) ;
#3227 = VERTEX_POINT ( 'NONE', #6988 ) ;
#3228 = EDGE_CURVE ( 'NONE', #2790, #2977, #2172, .T. ) ;
#3229 = VERTEX_POINT ( 'NONE', #8637 ) ;
#3230 = PLANE ( 'NONE',  #8419 ) ;
#3231 = ORIENTED_EDGE ( 'NONE', *, *, #2648, .T. ) ;
#3232 = CARTESIAN_POINT ( 'NONE',  ( -3.700000000000000178, 59.13591604948001645, -8.270195406179569275 ) ) ;
#3233 = EDGE_CURVE ( 'NONE', #2977, #7581, #1436, .T. ) ;
#3234 = CIRCLE ( 'NONE', #4249, 6.250000000000000000 ) ;
#3235 = CARTESIAN_POINT ( 'NONE',  ( 0.000000000000000000, 63.43591604948001361, 9.729804593820427172 ) ) ;
#3236 = ORIENTED_EDGE ( 'NONE', *, *, #8617, .F. ) ;
#3237 = VERTEX_POINT ( 'NONE', #8738 ) ;
#3238 = LINE ( 'NONE', #9017, #8018 ) ;
#3239 = EDGE_CURVE ( 'NONE', #2345, #128, #6474, .T. ) ;
#3240 = ORIENTED_EDGE ( 'NONE', *, *, #6448, .F. ) ;
#3241 = DIRECTION ( 'NONE',  ( 0.000000000000000000, 1.000000000000000000, 0.000000000000000000 ) ) ;
#3242 = CARTESIAN_POINT ( 'NONE',  ( 0.000000000000000000, 38.53591604948001503, 9.729804593820427172 ) ) ;
#3243 = EDGE_CURVE ( 'NONE', #7625, #4162, #3085, .T. ) ;
#3244 = EDGE_CURVE ( 'NONE', #9753, #1376, #1315, .T. ) ;
#3245 = DIRECTION ( 'NONE',  ( 0.000000000000000000, -1.000000000000000000, 0.000000000000000000 ) ) ;
#3246 = ORIENTED_EDGE ( 'NONE', *, *, #4423, .F. ) ;
#3247 = CARTESIAN_POINT ( 'NONE',  ( 1.000000000000000000, 37.23994810002849221, -2.355827371451393315 ) ) ;
#3248 = ORIENTED_EDGE ( 'NONE', *, *, #7838, .T. ) ;
#3249 = CARTESIAN_POINT ( 'NONE',  ( 0.000000000000000000, 59.13591604948001645, 13.62980459382042930 ) ) ;
#3250 = EDGE_CURVE ( 'NONE', #3906, #9365, #7829, .T. ) ;
#3251 = CARTESIAN_POINT ( 'NONE',  ( 4.666666666666655416, 59.13591604948001645, -3.469521988328467366 ) ) ;
#3252 = ORIENTED_EDGE ( 'NONE', *, *, #9983, .T. ) ;
#3253 = VERTEX_POINT ( 'NONE', #3859 ) ;
#3254 = DIRECTION ( 'NONE',  ( -0.9935993734262231758, 0.000000000000000000, -0.1129614320333118260 ) ) ;
#3255 = CARTESIAN_POINT ( 'NONE',  ( -9.395862886270254677, 65.87286945840476449, 8.766699224268590385 ) ) ;
#3256 = ORIENTED_EDGE ( 'NONE', *, *, #5990, .T. ) ;
#3257 = CYLINDRICAL_SURFACE ( 'NONE', #8008, 1.000000000000000000 ) ;
#3258 = CARTESIAN_POINT ( 'NONE',  ( -10.58131561025237843, 39.23591604948001077, 18.89690664169953749 ) ) ;
#3259 = LINE ( 'NONE', #6498, #5058 ) ;
#3260 = DIRECTION ( 'NONE',  ( 0.000000000000000000, 0.000000000000000000, -1.000000000000000000 ) ) ;
#3261 = AXIS2_PLACEMENT_3D ( 'NONE', #6609, #7449, #6452 ) ;
#3262 = DIRECTION ( 'NONE',  ( 0.000000000000000000, 0.000000000000000000, 1.000000000000000000 ) ) ;
#3263 = VECTOR ( 'NONE', #9052, 1000.000000000000000 ) ;
#3264 = CARTESIAN_POINT ( 'NONE',  ( 0.000000000000000000, 74.83591604948000509, 9.729804593820427172 ) ) ;
#3265 = ORIENTED_EDGE ( 'NONE', *, *, #6533, .T. ) ;
#3266 = CARTESIAN_POINT ( 'NONE',  ( 0.000000000000000000, 74.83591604948000509, 9.729804593820427172 ) ) ;
#3267 = VECTOR ( 'NONE', #513, 1000.000000000000000 ) ;
#3268 = DIRECTION ( 'NONE',  ( 0.000000000000000000, -1.000000000000000000, 0.000000000000000000 ) ) ;
#3269 = CARTESIAN_POINT ( 'NONE',  ( 3.700000000000000178, 59.13591604948001645, -7.970195406179570341 ) ) ;
#3270 = CIRCLE ( 'NONE', #1600, 1.000000000000000888 ) ;
#3271 = CARTESIAN_POINT ( 'NONE',  ( 11.28744239064974053, 38.53591604948001503, 8.332210937549183072 ) ) ;
#3272 = DIRECTION ( 'NONE',  ( 0.000000000000000000, 0.000000000000000000, -1.000000000000000000 ) ) ;
#3273 = LINE ( 'NONE', #4915, #6704 ) ;
#3274 = ORIENTED_EDGE ( 'NONE', *, *, #6432, .T. ) ;
#3275 = EDGE_CURVE ( 'NONE', #5185, #7623, #6200, .T. ) ;
#3276 = LINE ( 'NONE', #9943, #4891 ) ;
#3277 = AXIS2_PLACEMENT_3D ( 'NONE', #5708, #5118, #6615 ) ;
#3278 = VECTOR ( 'NONE', #1530, 1000.000000000000000 ) ;
#3279 = CARTESIAN_POINT ( 'NONE',  ( 0.000000000000000000, 63.03591604948001503, 9.729804593820427172 ) ) ;
#3280 = VECTOR ( 'NONE', #6792, 1000.000000000000000 ) ;
#3281 = VERTEX_POINT ( 'NONE', #6398 ) ;
#3282 = ORIENTED_EDGE ( 'NONE', *, *, #1126, .T. ) ;
#3283 = CARTESIAN_POINT ( 'NONE',  ( -5.000000000000000000, 57.53591604948001503, -4.412331029910525615 ) ) ;
#3284 = ORIENTED_EDGE ( 'NONE', *, *, #10106, .T. ) ;
#3285 = LINE ( 'NONE', #2547, #8876 ) ;
#3286 = CARTESIAN_POINT ( 'NONE',  ( 1.054633282688496543, 63.83591604948001219, 7.890232727619665098 ) ) ;
#3287 = ORIENTED_EDGE ( 'NONE', *, *, #2648, .F. ) ;
#3288 = AXIS2_PLACEMENT_3D ( 'NONE', #78, #4180, #4073 ) ;
#3289 = CIRCLE ( 'NONE', #105, 4.000000000000000000 ) ;
#3290 = ADVANCED_FACE ( 'NONE', ( #3064 ), #6251, .T. ) ;
#3291 = VERTEX_POINT ( 'NONE', #3117 ) ;
#3292 = CARTESIAN_POINT ( 'NONE',  ( -1.053390112122569944, 67.26591890193208201, 19.11606399197050266 ) ) ;
#3293 = CIRCLE ( 'NONE', #5322, 1.100000000000000089 ) ;
#3294 = EDGE_LOOP ( 'NONE', ( #1764, #8480, #9144, #6623 ) ) ;
#3295 = DIRECTION ( 'NONE',  ( 1.015447888376667621E-14, 0.000000000000000000, -1.000000000000000000 ) ) ;
#3296 = CARTESIAN_POINT ( 'NONE',  ( 12.08563196527182093, 37.23994810002849221, 8.729804593820464476 ) ) ;
#3297 = CYLINDRICAL_SURFACE ( 'NONE', #9182, 2.750000000000000888 ) ;
#3298 = ORIENTED_EDGE ( 'NONE', *, *, #398, .F. ) ;
#3299 = EDGE_CURVE ( 'NONE', #10444, #6698, #9482, .T. ) ;
#3300 = CARTESIAN_POINT ( 'NONE',  ( -0.2259228640666239296, 63.43591604948001361, 11.71700334067287308 ) ) ;
#3301 = ORIENTED_EDGE ( 'NONE', *, *, #8298, .T. ) ;
#3302 = CARTESIAN_POINT ( 'NONE',  ( 0.000000000000000000, 38.53591604948001503, 9.729804593820427172 ) ) ;
#3303 = CIRCLE ( 'NONE', #9572, 2.500000000000000444 ) ;
#3304 = DIRECTION ( 'NONE',  ( -0.000000000000000000, -0.000000000000000000, -1.000000000000000000 ) ) ;
#3305 = EDGE_CURVE ( 'NONE', #9338, #6631, #2414, .T. ) ;
#3306 = ORIENTED_EDGE ( 'NONE', *, *, #9315, .F. ) ;
#3307 = AXIS2_PLACEMENT_3D ( 'NONE', #1087, #4307, #7535 ) ;
#3308 = ORIENTED_EDGE ( 'NONE', *, *, #8670, .T. ) ;
#3309 = VECTOR ( 'NONE', #6247, 1000.000000000000000 ) ;
#3310 = EDGE_CURVE ( 'NONE', #313, #1400, #6309, .T. ) ;
#3311 = CARTESIAN_POINT ( 'NONE',  ( -9.400763758589402386, 65.80846277808619504, 8.815095416551544716 ) ) ;
#3312 = ORIENTED_EDGE ( 'NONE', *, *, #48, .T. ) ;
#3313 = DIRECTION ( 'NONE',  ( 0.000000000000000000, 0.000000000000000000, -1.000000000000000000 ) ) ;
#3314 = CARTESIAN_POINT ( 'NONE',  ( -9.432513609433696544, 37.25604337872309202, 17.74810464088087869 ) ) ;
#3315 = AXIS2_PLACEMENT_3D ( 'NONE', #4857, #3665, #504 ) ;
#3316 = EDGE_CURVE ( 'NONE', #7994, #2310, #697, .T. ) ;
#3317 = DIRECTION ( 'NONE',  ( -7.885106708985484103E-16, 0.000000000000000000, 1.000000000000000000 ) ) ;
#3318 = DIRECTION ( 'NONE',  ( -0.000000000000000000, -1.000000000000000000, -0.000000000000000000 ) ) ;
#3319 = DIRECTION ( 'NONE',  ( 0.000000000000000000, -1.000000000000000000, 0.000000000000000000 ) ) ;
#3320 = DIRECTION ( 'NONE',  ( 0.000000000000000000, 0.000000000000000000, 1.000000000000000000 ) ) ;
#3321 = ADVANCED_FACE ( 'NONE', ( #1539 ), #5599, .F. ) ;
#3322 = B_SPLINE_CURVE_WITH_KNOTS ( 'NONE', 3,
 ( #7043, #8692, #3705, #10269 ),
 .UNSPECIFIED., .F., .F.,
 ( 4, 4 ),
 ( 0.000000000000000000, 0.0001283903908514790122 ),
 .UNSPECIFIED. ) ;
#3323 = EDGE_CURVE ( 'NONE', #3985, #2403, #7138, .T. ) ;
#3324 = ORIENTED_EDGE ( 'NONE', *, *, #7587, .T. ) ;
#3325 = DIRECTION ( 'NONE',  ( 0.000000000000000000, -1.000000000000000000, 0.000000000000000000 ) ) ;
#3326 = DIRECTION ( 'NONE',  ( -0.7071067811865464625, 0.000000000000000000, -0.7071067811865485719 ) ) ;
#3327 = DIRECTION ( 'NONE',  ( 8.673617379884043361E-16, 0.000000000000000000, -1.000000000000000000 ) ) ;
#3328 = DIRECTION ( 'NONE',  ( 0.000000000000000000, -1.000000000000000000, 0.000000000000000000 ) ) ;
#3329 = CARTESIAN_POINT ( 'NONE',  ( 0.6056822705535487295, 63.83591604948001219, 8.523301801806624667 ) ) ;
#3330 = CARTESIAN_POINT ( 'NONE',  ( 0.000000000000000000, 68.93591604948001361, 16.22980459382042895 ) ) ;
#3331 = VERTEX_POINT ( 'NONE', #7189 ) ;
#3332 = DIRECTION ( 'NONE',  ( -1.000000000000000000, 0.000000000000000000, 0.000000000000000000 ) ) ;
#3333 = AXIS2_PLACEMENT_3D ( 'NONE', #4274, #478, #8461 ) ;
#3334 = CARTESIAN_POINT ( 'NONE',  ( 4.286263797015736102E-16, 59.13591604948001645, 13.22980459382042717 ) ) ;
#3335 = ORIENTED_EDGE ( 'NONE', *, *, #1566, .F. ) ;
#3336 = EDGE_LOOP ( 'NONE', ( #3138, #9767, #5565, #5560 ) ) ;
#3337 = AXIS2_PLACEMENT_3D ( 'NONE', #8519, #5271, #6982 ) ;
#3338 = DIRECTION ( 'NONE',  ( 0.000000000000000000, 0.000000000000000000, 1.000000000000000000 ) ) ;
#3339 = EDGE_LOOP ( 'NONE', ( #2186, #4141, #9806, #6224 ) ) ;
#3340 = CARTESIAN_POINT ( 'NONE',  ( -9.607436424864431501, 37.32017160744115358, 1.536581731328867884 ) ) ;
#3341 = VECTOR ( 'NONE', #10095, 1000.000000000000000 ) ;
#3342 = PLANE ( 'NONE',  #8383 ) ;
#3343 = ORIENTED_EDGE ( 'NONE', *, *, #8626, .T. ) ;
#3344 = VERTEX_POINT ( 'NONE', #3166 ) ;
#3345 = AXIS2_PLACEMENT_3D ( 'NONE', #8664, #2941, #6327 ) ;
#3346 = LINE ( 'NONE', #2499, #274 ) ;
#3347 = AXIS2_PLACEMENT_3D ( 'NONE', #2157, #3102, #1373 ) ;
#3348 = EDGE_CURVE ( 'NONE', #5924, #6542, #2372, .T. ) ;
#3349 = ORIENTED_EDGE ( 'NONE', *, *, #1054, .F. ) ;
#3350 = DIRECTION ( 'NONE',  ( 0.000000000000000000, 0.000000000000000000, 1.000000000000000000 ) ) ;
#3351 = CYLINDRICAL_SURFACE ( 'NONE', #5071, 1.350000000000000533 ) ;
#3352 = CARTESIAN_POINT ( 'NONE',  ( -9.445000000000000284, 66.63591604948001645, 10.75480459382036180 ) ) ;
#3353 = FACE_OUTER_BOUND ( 'NONE', #1042, .T. ) ;
#3354 = EDGE_LOOP ( 'NONE', ( #9461, #5888 ) ) ;
#3355 = CARTESIAN_POINT ( 'NONE',  ( 2.449999999999999734, 59.14591604948001446, -7.770195406179568387 ) ) ;
#3356 = VERTEX_POINT ( 'NONE', #5806 ) ;
#3357 = LINE ( 'NONE', #10118, #2692 ) ;
#3358 = CARTESIAN_POINT ( 'NONE',  ( 0.2259228640666237353, 63.13591604948001645, 7.742605846967979488 ) ) ;
#3359 = B_SPLINE_CURVE_WITH_KNOTS ( 'NONE', 3,
 ( #3040, #10340, #5524, #3144, #520, #8767, #3735, #1514, #4727, #10196, #6179, #2146, #1617, #938, #883, #2348, #8174, #9709 ),
 .UNSPECIFIED., .F., .F.,
 ( 4, 2, 2, 2, 2, 2, 2, 2, 4 ),
 ( 0.000000000000000000, 0.1250000000000000000, 0.2500000000000000000, 0.3750000000000000000, 0.5000000000000000000, 0.6250000000000000000, 0.7500000000000000000, 0.8750000000000000000, 1.000000000000000000 ),
 .UNSPECIFIED. ) ;
#3360 = ORIENTED_EDGE ( 'NONE', *, *, #1177, .F. ) ;
#3361 = EDGE_CURVE ( 'NONE', #3145, #5924, #4772, .T. ) ;
#3362 = ORIENTED_EDGE ( 'NONE', *, *, #4206, .T. ) ;
#3363 = CARTESIAN_POINT ( 'NONE',  ( -9.415783336525114677, 65.63402347337677156, 10.47495999872785255 ) ) ;
#3364 = ORIENTED_EDGE ( 'NONE', *, *, #2777, .T. ) ;
#3365 = CARTESIAN_POINT ( 'NONE',  ( 0.000000000000000000, 39.73591604948001077, 9.729804593820427172 ) ) ;
#3366 = AXIS2_PLACEMENT_3D ( 'NONE', #1495, #2178, #9593 ) ;
#3367 = CARTESIAN_POINT ( 'NONE',  ( 1.714505518806290201E-16, 74.83591604948000509, 11.02980459382042788 ) ) ;
#3368 = EDGE_CURVE ( 'NONE', #6230, #6261, #3376, .T. ) ;
#3369 = DIRECTION ( 'NONE',  ( -0.000000000000000000, -0.000000000000000000, -1.000000000000000000 ) ) ;
#3370 = DIRECTION ( 'NONE',  ( 0.000000000000000000, 0.000000000000000000, 1.000000000000000000 ) ) ;
#3371 = CARTESIAN_POINT ( 'NONE',  ( 1.555555555555570013, 38.53591604948001503, 12.86512705149207747 ) ) ;
#3372 = AXIS2_PLACEMENT_3D ( 'NONE', #9344, #8441, #7538 ) ;
#3373 = CIRCLE ( 'NONE', #4221, 1.100000000000000311 ) ;
#3374 = VERTEX_POINT ( 'NONE', #121 ) ;
#3375 = EDGE_CURVE ( 'NONE', #9174, #1338, #1789, .T. ) ;
#3376 = LINE ( 'NONE', #1737, #8682 ) ;
#3377 = DIRECTION ( 'NONE',  ( 0.000000000000000000, 0.000000000000000000, -1.000000000000000000 ) ) ;
#3378 = CARTESIAN_POINT ( 'NONE',  ( 6.499999433794410031, 39.73591604948001077, 9.733810752080316320 ) ) ;
#3379 = DIRECTION ( 'NONE',  ( 0.000000000000000000, 1.000000000000000000, 0.000000000000000000 ) ) ;
#3380 = ADVANCED_FACE ( 'NONE', ( #849 ), #1642, .F. ) ;
#3381 = DIRECTION ( 'NONE',  ( 0.000000000000000000, -1.000000000000000000, -1.081498426419455997E-17 ) ) ;
#3382 = CARTESIAN_POINT ( 'NONE',  ( -6.499999897834149998, 37.23591604948001077, 9.730957050364331451 ) ) ;
#3383 = CARTESIAN_POINT ( 'NONE',  ( 0.000000000000000000, 62.93591604948001361, -4.270195406179573716 ) ) ;
#3384 = EDGE_CURVE ( 'NONE', #6276, #9498, #8143, .T. ) ;
#3385 = CIRCLE ( 'NONE', #8286, 4.000000000000000000 ) ;
#3386 = FACE_OUTER_BOUND ( 'NONE', #3294, .T. ) ;
#3387 = VERTEX_POINT ( 'NONE', #7294 ) ;
#3388 = AXIS2_PLACEMENT_3D ( 'NONE', #4195, #4031, #3295 ) ;
#3389 = VERTEX_POINT ( 'NONE', #5860 ) ;
#3390 = CARTESIAN_POINT ( 'NONE',  ( 4.898587196589412829E-16, 59.23591604948001077, 13.72980459382042717 ) ) ;
#3391 = VERTEX_POINT ( 'NONE', #8088 ) ;
#3392 = CARTESIAN_POINT ( 'NONE',  ( 6.418685563211941947, 66.49993601221832762, 10.75473173564967233 ) ) ;
#3393 = DIRECTION ( 'NONE',  ( 0.000000000000000000, 1.000000000000000000, 0.000000000000000000 ) ) ;
#3394 = ORIENTED_EDGE ( 'NONE', *, *, #8893, .T. ) ;
#3395 = ORIENTED_EDGE ( 'NONE', *, *, #8472, .F. ) ;
#3396 = AXIS2_PLACEMENT_3D ( 'NONE', #6605, #2679, #3262 ) ;
#3397 = FACE_OUTER_BOUND ( 'NONE', #1163, .T. ) ;
#3398 = AXIS2_PLACEMENT_3D ( 'NONE', #4155, #1624, #5789 ) ;
#3399 = ORIENTED_EDGE ( 'NONE', *, *, #4289, .F. ) ;
#3400 = FACE_OUTER_BOUND ( 'NONE', #7947, .T. ) ;
#3401 = DIRECTION ( 'NONE',  ( 0.000000000000000000, 0.000000000000000000, -1.000000000000000000 ) ) ;
#3402 = CARTESIAN_POINT ( 'NONE',  ( 0.9999999999999241718, 39.73591604948001077, 21.81543655909224455 ) ) ;
#3403 = ORIENTED_EDGE ( 'NONE', *, *, #7838, .F. ) ;
#3404 = CARTESIAN_POINT ( 'NONE',  ( 0.000000000000000000, 63.33591604948001219, 9.729804593820427172 ) ) ;
#3405 = ORIENTED_EDGE ( 'NONE', *, *, #3897, .F. ) ;
#3406 = LINE ( 'NONE', #6543, #4040 ) ;
#3407 = ADVANCED_FACE ( 'NONE', ( #961 ), #9051, .F. ) ;
#3408 = FACE_OUTER_BOUND ( 'NONE', #8120, .T. ) ;
#3409 = ORIENTED_EDGE ( 'NONE', *, *, #1867, .F. ) ;
#3410 = ORIENTED_EDGE ( 'NONE', *, *, #4613, .T. ) ;
#3411 = CARTESIAN_POINT ( 'NONE',  ( 0.000000000000000000, 63.13591604948001645, 9.729804593820427172 ) ) ;
#3412 = ORIENTED_EDGE ( 'NONE', *, *, #4642, .F. ) ;
#3413 = LINE ( 'NONE', #7229, #4121 ) ;
#3414 = CARTESIAN_POINT ( 'NONE',  ( 0.9151259666535485060, 65.80900012861576442, 0.3290822256963754633 ) ) ;
#3415 = LINE ( 'NONE', #6603, #2358 ) ;
#3416 = DIRECTION ( 'NONE',  ( -1.419319207617387178E-14, 0.000000000000000000, -1.000000000000000000 ) ) ;
#3417 = EDGE_CURVE ( 'NONE', #413, #446, #6141, .T. ) ;
#3418 = DIRECTION ( 'NONE',  ( 0.000000000000000000, -1.000000000000000000, 0.000000000000000000 ) ) ;
#3419 = ORIENTED_EDGE ( 'NONE', *, *, #7013, .F. ) ;
#3420 = EDGE_CURVE ( 'NONE', #7658, #1294, #5792, .T. ) ;
#3421 = DIRECTION ( 'NONE',  ( 0.000000000000000000, -0.7071067811865489050, -0.7071067811865460184 ) ) ;
#3422 = ORIENTED_EDGE ( 'NONE', *, *, #560, .T. ) ;
#3423 = CARTESIAN_POINT ( 'NONE',  ( -0.2672852401662632049, 65.63712947471159964, 3.234089019953186206 ) ) ;
#3424 = VECTOR ( 'NONE', #5704, 1000.000000000000000 ) ;
#3425 = CARTESIAN_POINT ( 'NONE',  ( -9.425260189733343452, 67.73411923234336030, 10.34359042244244442 ) ) ;
#3426 = EDGE_CURVE ( 'NONE', #7809, #1528, #4442, .T. ) ;
#3427 = CARTESIAN_POINT ( 'NONE',  ( 4.000000000000000000, 57.53591604948001503, -7.970195406179570341 ) ) ;
#3428 = CARTESIAN_POINT ( 'NONE',  ( 1.836970198721025250E-16, 74.83591604948000509, 8.229804593820427172 ) ) ;
#3429 = PLANE ( 'NONE',  #5337 ) ;
#3430 = ADVANCED_FACE ( 'NONE', ( #225 ), #8166, .T. ) ;
#3431 = DIRECTION ( 'NONE',  ( 0.000000000000000000, -0.000000000000000000, 1.000000000000000000 ) ) ;
#3432 = CARTESIAN_POINT ( 'NONE',  ( 0.000000000000000000, 37.23591604948001077, 9.729804593820427172 ) ) ;
#3433 = AXIS2_PLACEMENT_3D ( 'NONE', #442, #7670, #6035 ) ;
#3434 = EDGE_LOOP ( 'NONE', ( #3572, #4938, #3025, #6591 ) ) ;
#3435 = EDGE_CURVE ( 'NONE', #3661, #9563, #2579, .T. ) ;
#3436 = CC_DESIGN_APPROVAL ( #1915, ( #8785 ) ) ;
#3437 = CIRCLE ( 'NONE', #6319, 1.000000000000000000 ) ;
#3438 = DIRECTION ( 'NONE',  ( -0.7071067811865560104, 0.000000000000000000, 0.7071067811865391350 ) ) ;
#3439 = ORIENTED_EDGE ( 'NONE', *, *, #828, .F. ) ;
#3440 = EDGE_CURVE ( 'NONE', #9753, #5153, #9738, .T. ) ;
#3441 = CARTESIAN_POINT ( 'NONE',  ( 2.449999999999999734, 59.13591604948001645, -4.470195406179568565 ) ) ;
#3442 = LINE ( 'NONE', #4294, #1628 ) ;
#3443 = ORIENTED_EDGE ( 'NONE', *, *, #1773, .F. ) ;
#3444 = ORIENTED_EDGE ( 'NONE', *, *, #9222, .T. ) ;
#3445 = CIRCLE ( 'NONE', #6833, 1.025000000000000133 ) ;
#3446 = CIRCLE ( 'NONE', #4961, 6.700000000000000178 ) ;
#3447 = DIRECTION ( 'NONE',  ( 0.000000000000000000, 1.000000000000000000, 0.000000000000000000 ) ) ;
#3448 = ORIENTED_EDGE ( 'NONE', *, *, #8553, .F. ) ;
#3449 = EDGE_CURVE ( 'NONE', #2574, #8150, #8511, .T. ) ;
#3450 = EDGE_CURVE ( 'NONE', #10450, #1294, #1009, .T. ) ;
#3451 = DIRECTION ( 'NONE',  ( 0.000000000000000000, -1.000000000000000000, 0.000000000000000000 ) ) ;
#3452 = ORIENTED_EDGE ( 'NONE', *, *, #8432, .T. ) ;
#3453 = CIRCLE ( 'NONE', #2106, 1.000000000000000000 ) ;
#3454 = CIRCLE ( 'NONE', #10221, 0.09999999999999983902 ) ;
#3455 = CARTESIAN_POINT ( 'NONE',  ( -8.433686712480881198, 37.48007098509958723, 19.57770486867424253 ) ) ;
#3456 = PLANE ( 'NONE',  #3728 ) ;
#3457 = FACE_OUTER_BOUND ( 'NONE', #6310, .T. ) ;
#3458 = CARTESIAN_POINT ( 'NONE',  ( 8.843761163677433146, 37.95821897075983031, 19.98777931987105561 ) ) ;
#3459 = ORIENTED_EDGE ( 'NONE', *, *, #10098, .T. ) ;
#3460 = DIRECTION ( 'NONE',  ( -1.776356839400250859E-15, 0.000000000000000000, -1.000000000000000000 ) ) ;
#3461 = ORIENTED_EDGE ( 'NONE', *, *, #841, .F. ) ;
#3462 = CARTESIAN_POINT ( 'NONE',  ( -6.448742820784187479, 66.00661828664500774, 10.55021172504210725 ) ) ;
#3463 = LINE ( 'NONE', #263, #9656 ) ;
#3464 = VECTOR ( 'NONE', #9748, 1000.000000000000000 ) ;
#3465 = AXIS2_PLACEMENT_3D ( 'NONE', #4708, #4856, #3911 ) ;
#3466 = VERTEX_POINT ( 'NONE', #4005 ) ;
#3467 = ORIENTED_EDGE ( 'NONE', *, *, #7630, .F. ) ;
#3468 = CARTESIAN_POINT ( 'NONE',  ( -6.993179104988113792, 39.73591604948001077, 0.7601295854467181590 ) ) ;
#3469 = EDGE_CURVE ( 'NONE', #2433, #9494, #4804, .T. ) ;
#3470 = ORIENTED_EDGE ( 'NONE', *, *, #7637, .T. ) ;
#3471 = DIRECTION ( 'NONE',  ( 0.000000000000000000, 0.000000000000000000, 1.000000000000000000 ) ) ;
#3472 = CARTESIAN_POINT ( 'NONE',  ( 0.000000000000000000, 61.58591604948001219, 9.729804593820427172 ) ) ;
#3473 = VECTOR ( 'NONE', #7899, 1000.000000000000000 ) ;
#3474 = CARTESIAN_POINT ( 'NONE',  ( -8.969675008373620528, 39.73591604948001077, 2.736625488832098441 ) ) ;
#3475 = PLANE ( 'NONE',  #8614 ) ;
#3476 = LINE ( 'NONE', #4902, #9492 ) ;
#3477 = AXIS2_PLACEMENT_3D ( 'NONE', #3602, #6838, #10063 ) ;
#3478 = ORIENTED_EDGE ( 'NONE', *, *, #1708, .F. ) ;
#3479 = DIRECTION ( 'NONE',  ( -1.000000000000000000, 0.000000000000000000, 5.080105690144320343E-16 ) ) ;
#3480 = ORIENTED_EDGE ( 'NONE', *, *, #8610, .F. ) ;
#3481 = ADVANCED_FACE ( 'NONE', ( #7237, #8895 ), #11, .T. ) ;
#3482 = DIRECTION ( 'NONE',  ( 0.000000000000000000, 0.000000000000000000, -1.000000000000000000 ) ) ;
#3483 = CARTESIAN_POINT ( 'NONE',  ( 0.000000000000000000, 80.83389579592666507, 9.729804593820427172 ) ) ;
#3484 = PLANE ( 'NONE',  #8886 ) ;
#3485 = DIRECTION ( 'NONE',  ( 0.000000000000000000, -1.000000000000000000, 0.000000000000000000 ) ) ;
#3486 = CARTESIAN_POINT ( 'NONE',  ( -1.397593656271358009, 38.53591604948001503, 21.01724698447014816 ) ) ;
#3487 = AXIS2_PLACEMENT_3D ( 'NONE', #4010, #18, #388 ) ;
#3488 = CARTESIAN_POINT ( 'NONE',  ( 11.70736947396810024, 40.23591604948001077, 8.729804593820469805 ) ) ;
#3489 = CARTESIAN_POINT ( 'NONE',  ( -3.470830210791410680E-23, 67.66091604948002214, 16.22980459382042895 ) ) ;
#3490 = VERTEX_POINT ( 'NONE', #6563 ) ;
#3491 = CARTESIAN_POINT ( 'NONE',  ( -1.599999999999999645, 57.53491604948001736, -7.270195406179567499 ) ) ;
#3492 = EDGE_CURVE ( 'NONE', #338, #3603, #4942, .T. ) ;
#3493 = CARTESIAN_POINT ( 'NONE',  ( -12.08563196527182093, 37.23994810002849221, 8.729804593820313485 ) ) ;
#3494 = ORIENTED_EDGE ( 'NONE', *, *, #9919, .F. ) ;
#3495 = CARTESIAN_POINT ( 'NONE',  ( -0.5999999999999999778, 57.53591604948001503, -7.270195406179567499 ) ) ;
#3496 = CARTESIAN_POINT ( 'NONE',  ( 6.448673862110076982, 67.26453813028827255, 10.55076358932468850 ) ) ;
#3497 = VERTEX_POINT ( 'NONE', #8513 ) ;
#3498 = EDGE_CURVE ( 'NONE', #1090, #8185, #1162, .T. ) ;
#3499 = EDGE_LOOP ( 'NONE', ( #245, #5564, #10121, #9772, #9257, #6912, #1410, #5556, #9358, #1749 ) ) ;
#3500 = CARTESIAN_POINT ( 'NONE',  ( -0.5436047734283033783, 67.77264258829843868, 19.15921251687235483 ) ) ;
#3501 = ORIENTED_EDGE ( 'NONE', *, *, #3568, .T. ) ;
#3502 = CIRCLE ( 'NONE', #5192, 1.000000000000000000 ) ;
#3503 = EDGE_CURVE ( 'NONE', #9202, #6377, #1210, .T. ) ;
#3504 = CARTESIAN_POINT ( 'NONE',  ( 0.000000000000000000, 59.13591604948001645, 9.729804593820427172 ) ) ;
#3505 = ORIENTED_EDGE ( 'NONE', *, *, #8882, .T. ) ;
#3506 = CARTESIAN_POINT ( 'NONE',  ( 11.09904976402513910, 38.53591604948001503, 11.56653928769801176 ) ) ;
#3507 = DIRECTION ( 'NONE',  ( -1.000000000000000000, 0.000000000000000000, 0.000000000000000000 ) ) ;
#3508 = CARTESIAN_POINT ( 'NONE',  ( 0.000000000000000000, 61.63591604948001645, 9.729804593820427172 ) ) ;
#3509 = VERTEX_POINT ( 'NONE', #4486 ) ;
#3510 = CIRCLE ( 'NONE', #4855, 3.499999999999999556 ) ;
#3511 = CARTESIAN_POINT ( 'NONE',  ( -0.1614908668657332735, 65.36091604948001077, 19.17480459382042568 ) ) ;
#3512 = ADVANCED_FACE ( 'NONE', ( #2793 ), #3641, .F. ) ;
#3513 = ORIENTED_EDGE ( 'NONE', *, *, #2536, .T. ) ;
#3514 = CARTESIAN_POINT ( 'NONE',  ( -6.499999897834149998, 41.23591604948001788, 10.53095705036433039 ) ) ;
#3515 = FACE_OUTER_BOUND ( 'NONE', #1736, .T. ) ;
#3516 = ORIENTED_EDGE ( 'NONE', *, *, #9413, .F. ) ;
#3517 = ORIENTED_EDGE ( 'NONE', *, *, #5615, .F. ) ;
#3518 = CARTESIAN_POINT ( 'NONE',  ( 6.499999433794410031, 41.23591604948001788, 9.733810752080316320 ) ) ;
#3519 = ORIENTED_EDGE ( 'NONE', *, *, #8683, .T. ) ;
#3520 = CARTESIAN_POINT ( 'NONE',  ( -1.000000000000000222, 37.32017160743980355, -2.857162297855926347 ) ) ;
#3521 = DIRECTION ( 'NONE',  ( 0.000000000000000000, 1.000000000000000000, 0.000000000000000000 ) ) ;
#3522 = DIRECTION ( 'NONE',  ( 0.000000000000000000, 1.000000000000000000, 0.000000000000000000 ) ) ;
#3523 = EDGE_LOOP ( 'NONE', ( #1558, #2394, #55, #4729 ) ) ;
#3524 = DIRECTION ( 'NONE',  ( -0.000000000000000000, 1.000000000000000000, 0.000000000000000000 ) ) ;
#3525 = FACE_OUTER_BOUND ( 'NONE', #1247, .T. ) ;
#3526 = ORIENTED_EDGE ( 'NONE', *, *, #8547, .T. ) ;
#3527 = AXIS2_PLACEMENT_3D ( 'NONE', #2202, #1991, #1417 ) ;
#3528 = DIRECTION ( 'NONE',  ( 0.000000000000000000, 1.000000000000000000, 0.000000000000000000 ) ) ;
#3529 = ORIENTED_EDGE ( 'NONE', *, *, #3310, .T. ) ;
#3530 = DIRECTION ( 'NONE',  ( 0.000000000000000000, 0.000000000000000000, 1.000000000000000000 ) ) ;
#3531 = CARTESIAN_POINT ( 'NONE',  ( 0.5471246907075799637, 65.49851358390317557, 19.15924625993814701 ) ) ;
#3532 = CARTESIAN_POINT ( 'NONE',  ( 0.000000000000000000, 34.73591604948001077, 9.729804593820427172 ) ) ;
#3533 = FACE_OUTER_BOUND ( 'NONE', #300, .T. ) ;
#3534 = CARTESIAN_POINT ( 'NONE',  ( -4.031128874149245256, 38.53591604948001503, 10.72980459382045026 ) ) ;
#3535 = DIRECTION ( 'NONE',  ( 0.000000000000000000, 1.000000000000000000, 0.000000000000000000 ) ) ;
#3536 = VECTOR ( 'NONE', #7377, 1000.000000000000000 ) ;
#3537 = VECTOR ( 'NONE', #4039, 1000.000000000000000 ) ;
#3538 = ADVANCED_FACE ( 'NONE', ( #7606 ), #10149, .T. ) ;
#3539 = CARTESIAN_POINT ( 'NONE',  ( -0.9988734115941707570, 66.90315154224140315, 16.15281276302012969 ) ) ;
#3540 = ORIENTED_EDGE ( 'NONE', *, *, #2736, .F. ) ;
#3541 = PLANE ( 'NONE',  #8848 ) ;
#3542 = AXIS2_PLACEMENT_3D ( 'NONE', #4109, #8248, #6553 ) ;
#3543 = CARTESIAN_POINT ( 'NONE',  ( 0.000000000000000000, 63.13591604948001645, 9.729804593820427172 ) ) ;
#3544 = VECTOR ( 'NONE', #9733, 1000.000000000000000 ) ;
#3545 = CARTESIAN_POINT ( 'NONE',  ( 6.480465171878735831, 65.74165029450549014, 10.24886340285367581 ) ) ;
#3546 = APPROVAL_STATUS ( 'not_yet_approved' ) ;
#3547 = CARTESIAN_POINT ( 'NONE',  ( -3.399999999999999467, 59.14591604948001446, -4.470195406179568565 ) ) ;
#3548 = ORIENTED_EDGE ( 'NONE', *, *, #1382, .F. ) ;
#3549 = CIRCLE ( 'NONE', #4060, 3.499999999999999556 ) ;
#3550 = ORIENTED_EDGE ( 'NONE', *, *, #3813, .F. ) ;
#3551 = B_SPLINE_CURVE_WITH_KNOTS ( 'NONE', 3,
 ( #47, #1817, #99, #3247 ),
 .UNSPECIFIED., .F., .F.,
 ( 4, 4 ),
 ( 8.734493032798069963E-22, 0.0001283903908514723985 ),
 .UNSPECIFIED. ) ;
#3552 = EDGE_CURVE ( 'NONE', #7639, #2237, #6042, .T. ) ;
#3553 = FACE_OUTER_BOUND ( 'NONE', #4505, .T. ) ;
#3554 = CIRCLE ( 'NONE', #1031, 3.900000000000000799 ) ;
#3555 = CIRCLE ( 'NONE', #866, 1.499999999999999556 ) ;
#3556 = ORIENTED_EDGE ( 'NONE', *, *, #5557, .F. ) ;
#3557 = CIRCLE ( 'NONE', #9147, 14.00000000000000000 ) ;
#3558 = EDGE_CURVE ( 'NONE', #940, #4454, #9101, .T. ) ;
#3559 = EDGE_LOOP ( 'NONE', ( #3769, #3944, #6521, #1981 ) ) ;
#3560 = CARTESIAN_POINT ( 'NONE',  ( 6.499999433794410031, 41.23591604948001788, 9.733810752080316320 ) ) ;
#3561 = DIRECTION ( 'NONE',  ( -0.000000000000000000, -0.000000000000000000, 1.000000000000000000 ) ) ;
#3562 = CARTESIAN_POINT ( 'NONE',  ( -8.388678933038290708, 39.73591604948001077, 10.72980459382037743 ) ) ;
#3563 = VECTOR ( 'NONE', #5748, 999.9999999999998863 ) ;
#3564 = DIRECTION ( 'NONE',  ( 0.000000000000000000, 1.000000000000000000, 0.000000000000000000 ) ) ;
#3565 = EDGE_LOOP ( 'NONE', ( #7070, #2147, #1348, #567 ) ) ;
#3566 = CARTESIAN_POINT ( 'NONE',  ( 11.95756933358830132, 37.23591604948001077, 8.721570676304780889 ) ) ;
#3567 = EDGE_LOOP ( 'NONE', ( #4584, #2874, #8316, #1366 ) ) ;
#3568 = EDGE_CURVE ( 'NONE', #5890, #5364, #3688, .T. ) ;
#3569 = DIRECTION ( 'NONE',  ( 0.000000000000000000, -0.000000000000000000, 1.000000000000000000 ) ) ;
#3570 = DIRECTION ( 'NONE',  ( 0.000000000000000000, 1.000000000000000000, 0.000000000000000000 ) ) ;
#3571 = AXIS2_PLACEMENT_3D ( 'NONE', #10022, #1244, #6701 ) ;
#3572 = ORIENTED_EDGE ( 'NONE', *, *, #3096, .F. ) ;
#3573 = EDGE_CURVE ( 'NONE', #6330, #7063, #4973, .T. ) ;
#3574 = ORIENTED_EDGE ( 'NONE', *, *, #6158, .T. ) ;
#3575 = CARTESIAN_POINT ( 'NONE',  ( -1.449999999999999512, 59.14591604948001446, -7.770195406179568387 ) ) ;
#3576 = EDGE_LOOP ( 'NONE', ( #4042, #1978, #5770, #6182 ) ) ;
#3577 = CARTESIAN_POINT ( 'NONE',  ( -1.000000000000000222, 37.69137366613400530, -3.509698029138057063 ) ) ;
#3578 = FACE_OUTER_BOUND ( 'NONE', #4995, .T. ) ;
#3579 = EDGE_CURVE ( 'NONE', #4820, #1695, #6022, .T. ) ;
#3580 = DIRECTION ( 'NONE',  ( -0.000000000000000000, 1.000000000000000000, -0.000000000000000000 ) ) ;
#3581 = ORIENTED_EDGE ( 'NONE', *, *, #8403, .T. ) ;
#3582 = CARTESIAN_POINT ( 'NONE',  ( 12.33958867373107182, 37.25604337872315597, 10.72980459382046980 ) ) ;
#3583 = FACE_OUTER_BOUND ( 'NONE', #1654, .T. ) ;
#3584 = ORIENTED_EDGE ( 'NONE', *, *, #1512, .F. ) ;
#3585 = CARTESIAN_POINT ( 'NONE',  ( -1.024928354510683537, 66.77215018153314929, 3.311119224261952709 ) ) ;
#3586 = ORIENTED_EDGE ( 'NONE', *, *, #1810, .F. ) ;
#3587 = CARTESIAN_POINT ( 'NONE',  ( 0.000000000000000000, 63.13591604948001645, 9.729804593820427172 ) ) ;
#3588 = CARTESIAN_POINT ( 'NONE',  ( -0.5999999999999999778, 57.53591604948001503, -7.270195406179567499 ) ) ;
#3589 = DIRECTION ( 'NONE',  ( 0.000000000000000000, 1.000000000000000000, 0.000000000000000000 ) ) ;
#3590 = LINE ( 'NONE', #3695, #1011 ) ;
#3591 = CYLINDRICAL_SURFACE ( 'NONE', #7881, 1.000000000000000000 ) ;
#3592 = DIRECTION ( 'NONE',  ( -1.000000000000000000, -0.000000000000000000, -0.000000000000000000 ) ) ;
#3593 = CARTESIAN_POINT ( 'NONE',  ( -0.1359058202025948126, 67.66091604948003635, 16.22980459382043250 ) ) ;
#3594 = VECTOR ( 'NONE', #7296, 1000.000000000000000 ) ;
#3595 = ORIENTED_EDGE ( 'NONE', *, *, #3698, .T. ) ;
#3596 = VECTOR ( 'NONE', #4991, 1000.000000000000000 ) ;
#3597 = VECTOR ( 'NONE', #3421, 1000.000000000000114 ) ;
#3598 = CARTESIAN_POINT ( 'NONE',  ( 4.286263797015736102E-16, 59.13591604948001645, 13.22980459382042717 ) ) ;
#3599 = CARTESIAN_POINT ( 'NONE',  ( 0.5000000000000004441, 59.14591604948001446, -4.470195406179568565 ) ) ;
#3600 = CARTESIAN_POINT ( 'NONE',  ( 7.571253563712700974, 40.23591604948001077, 0.7443374677346663582 ) ) ;
#3601 = CALENDAR_DATE ( 2025, 10, 12 ) ;
#3602 = CARTESIAN_POINT ( 'NONE',  ( 0.000000000000000000, 56.83591604948001930, 9.729804593820427172 ) ) ;
#3603 = VERTEX_POINT ( 'NONE', #1061 ) ;
#3604 = ORIENTED_EDGE ( 'NONE', *, *, #8337, .F. ) ;
#3605 = VECTOR ( 'NONE', #2009, 1000.000000000000114 ) ;
#3606 = CARTESIAN_POINT ( 'NONE',  ( 3.061616997868385113E-16, 74.83591604948000509, 7.229804593820426284 ) ) ;
#3607 = VECTOR ( 'NONE', #7350, 1000.000000000000000 ) ;
#3608 = ORIENTED_EDGE ( 'NONE', *, *, #8221, .T. ) ;
#3609 = ORIENTED_EDGE ( 'NONE', *, *, #5110, .T. ) ;
#3610 = CARTESIAN_POINT ( 'NONE',  ( -1.047318982211172145, 67.26110853762672548, 0.3429562116267851901 ) ) ;
#3611 = EDGE_CURVE ( 'NONE', #6909, #2028, #143, .T. ) ;
#3612 = CARTESIAN_POINT ( 'NONE',  ( 0.7888104390346825090, 63.83591604948001219, 7.605311664718801268 ) ) ;
#3613 = AXIS2_PLACEMENT_3D ( 'NONE', #9404, #4363, #6059 ) ;
#3614 = FACE_OUTER_BOUND ( 'NONE', #9547, .T. ) ;
#3615 = ORIENTED_EDGE ( 'NONE', *, *, #8547, .F. ) ;
#3616 = AXIS2_PLACEMENT_3D ( 'NONE', #1782, #1730, #8244 ) ;
#3617 = DIRECTION ( 'NONE',  ( -0.1129614320333120481, 0.000000000000000000, 0.9935993734262233978 ) ) ;
#3618 = ORIENTED_EDGE ( 'NONE', *, *, #7969, .F. ) ;
#3619 = CARTESIAN_POINT ( 'NONE',  ( 9.960045879941660019, 80.83389579592666507, 16.86142334901598616 ) ) ;
#3620 =( LENGTH_UNIT ( ) NAMED_UNIT ( * ) SI_UNIT ( .MILLI., .METRE. ) );
#3621 = AXIS2_PLACEMENT_3D ( 'NONE', #6246, #7928, #9579 ) ;
#3622 = CIRCLE ( 'NONE', #8535, 3.499999999999999556 ) ;
#3623 = AXIS2_PLACEMENT_3D ( 'NONE', #6011, #9254, #1985 ) ;
#3624 = VERTEX_POINT ( 'NONE', #10043 ) ;
#3625 = ORIENTED_EDGE ( 'NONE', *, *, #2122, .T. ) ;
#3626 = DIRECTION ( 'NONE',  ( 0.000000000000000000, 0.000000000000000000, -1.000000000000000000 ) ) ;
#3627 = ADVANCED_FACE ( 'NONE', ( #1996 ), #1485, .F. ) ;
#3628 = ORIENTED_EDGE ( 'NONE', *, *, #6624, .F. ) ;
#3629 = DIRECTION ( 'NONE',  ( 0.000000000000000000, 0.000000000000000000, -1.000000000000000000 ) ) ;
#3630 = DIRECTION ( 'NONE',  ( 0.000000000000000000, 1.000000000000000000, 0.000000000000000000 ) ) ;
#3631 = CONICAL_SURFACE ( 'NONE', #4300, 1.275000000000000133, 0.7853981633974476129 ) ;
#3632 = DIRECTION ( 'NONE',  ( 0.000000000000000000, -1.000000000000000000, -0.000000000000000000 ) ) ;
#3633 = ORIENTED_EDGE ( 'NONE', *, *, #655, .F. ) ;
#3634 = CARTESIAN_POINT ( 'NONE',  ( 0.5000000000000004441, 59.14591604948001446, -4.470195406179568565 ) ) ;
#3635 = AXIS2_PLACEMENT_3D ( 'NONE', #8633, #8523, #3811 ) ;
#3636 = EDGE_CURVE ( 'NONE', #4612, #330, #3164, .T. ) ;
#3637 = CARTESIAN_POINT ( 'NONE',  ( 4.660649489949139301, 38.53591604948001503, 14.39045408376957624 ) ) ;
#3638 = EDGE_CURVE ( 'NONE', #638, #2260, #321, .T. ) ;
#3639 = ORIENTED_EDGE ( 'NONE', *, *, #3181, .F. ) ;
#3640 = VECTOR ( 'NONE', #9764, 1000.000000000000114 ) ;
#3641 = PLANE ( 'NONE',  #6644 ) ;
#3642 = ORIENTED_EDGE ( 'NONE', *, *, #7013, .T. ) ;
#3643 = EDGE_CURVE ( 'NONE', #2748, #6687, #9313, .T. ) ;
#3644 = FACE_OUTER_BOUND ( 'NONE', #8237, .T. ) ;
#3645 = CYLINDRICAL_SURFACE ( 'NONE', #5959, 1.100000000000000311 ) ;
#3646 = LINE ( 'NONE', #9267, #821 ) ;
#3647 = CARTESIAN_POINT ( 'NONE',  ( -4.611320862630040374, 50.29182918005297154, 10.72980459382044138 ) ) ;
#3648 = EDGE_CURVE ( 'NONE', #519, #2864, #3964, .T. ) ;
#3649 = PLANE ( 'NONE',  #9305 ) ;
#3650 = AXIS2_PLACEMENT_3D ( 'NONE', #925, #7365, #138 ) ;
#3651 = DIRECTION ( 'NONE',  ( 0.000000000000000000, 0.000000000000000000, -1.000000000000000000 ) ) ;
#3652 = ORIENTED_EDGE ( 'NONE', *, *, #7231, .T. ) ;
#3653 = FACE_OUTER_BOUND ( 'NONE', #4159, .T. ) ;
#3654 = LINE ( 'NONE', #6253, #7348 ) ;
#3655 = CARTESIAN_POINT ( 'NONE',  ( 6.500008036265267464, 67.66097363053610536, 9.865368310717675726 ) ) ;
#3656 = ORIENTED_EDGE ( 'NONE', *, *, #6084, .F. ) ;
#3657 = VECTOR ( 'NONE', #4068, 1000.000000000000000 ) ;
#3658 = CARTESIAN_POINT ( 'NONE',  ( -6.499986454716468742, 65.61100843589666454, 9.593148429981317449 ) ) ;
#3659 = ORIENTED_EDGE ( 'NONE', *, *, #7203, .T. ) ;
#3660 = DIRECTION ( 'NONE',  ( 0.000000000000000000, 1.000000000000000000, 0.000000000000000000 ) ) ;
#3661 = VERTEX_POINT ( 'NONE', #6073 ) ;
#3662 = ORIENTED_EDGE ( 'NONE', *, *, #2659, .T. ) ;
#3663 = CARTESIAN_POINT ( 'NONE',  ( -8.905686027006700201, 38.05145355645103677, 20.04970418320004555 ) ) ;
#3664 = CARTESIAN_POINT ( 'NONE',  ( -9.168207402386109095, 37.23591604948001077, 1.987455271629356091 ) ) ;
#3665 = DIRECTION ( 'NONE',  ( 0.000000000000000000, 1.000000000000000000, 0.000000000000000000 ) ) ;
#3666 = CARTESIAN_POINT ( 'NONE',  ( 9.167102047879147619, 38.98256680740173863, 20.31112020407276830 ) ) ;
#3667 = ORIENTED_EDGE ( 'NONE', *, *, #585, .F. ) ;
#3668 = DIRECTION ( 'NONE',  ( 0.000000000000000000, 0.000000000000000000, 1.000000000000000000 ) ) ;
#3669 = ORIENTED_EDGE ( 'NONE', *, *, #7261, .T. ) ;
#3670 = LINE ( 'NONE', #6907, #1213 ) ;
#3671 = CARTESIAN_POINT ( 'NONE',  ( 1.156678901794674034E-15, 68.93591604948001361, 19.17480459382042568 ) ) ;
#3672 = CIRCLE ( 'NONE', #8247, 5.400000000000000355 ) ;
#3673 = ADVANCED_FACE ( 'NONE', ( #2207 ), #10349, .F. ) ;
#3674 = ORIENTED_EDGE ( 'NONE', *, *, #2918, .F. ) ;
#3675 = ORIENTED_EDGE ( 'NONE', *, *, #4376, .T. ) ;
#3676 = AXIS2_PLACEMENT_3D ( 'NONE', #6863, #6065, #9876 ) ;
#3677 = CARTESIAN_POINT ( 'NONE',  ( 12.08563196527180139, 38.53591604948001503, 11.72980459382046625 ) ) ;
#3678 = ORIENTED_EDGE ( 'NONE', *, *, #9217, .F. ) ;
#3679 = ORIENTED_EDGE ( 'NONE', *, *, #9857, .T. ) ;
#3680 = VECTOR ( 'NONE', #5181, 1000.000000000000000 ) ;
#3681 = DIRECTION ( 'NONE',  ( 0.000000000000000000, 0.000000000000000000, 1.000000000000000000 ) ) ;
#3682 = ORIENTED_EDGE ( 'NONE', *, *, #3214, .T. ) ;
#3683 = DIRECTION ( 'NONE',  ( -0.7071067811865470176, 0.000000000000000000, -0.7071067811865480168 ) ) ;
#3684 = CYLINDRICAL_SURFACE ( 'NONE', #3217, 0.9999999999999991118 ) ;
#3685 = CIRCLE ( 'NONE', #6052, 1.000000000000000888 ) ;
#3686 = EDGE_CURVE ( 'NONE', #6814, #2506, #1372, .T. ) ;
#3687 = VERTEX_POINT ( 'NONE', #3003 ) ;
#3688 = LINE ( 'NONE', #6923, #9264 ) ;
#3689 = CARTESIAN_POINT ( 'NONE',  ( -9.368642366680571598, 66.47169401827753177, 10.92837257673087414 ) ) ;
#3690 = EDGE_CURVE ( 'NONE', #1032, #4732, #4179, .T. ) ;
#3691 = ORIENTED_EDGE ( 'NONE', *, *, #6537, .F. ) ;
#3692 = DIRECTION ( 'NONE',  ( 0.000000000000000000, 1.000000000000000000, 0.000000000000000000 ) ) ;
#3693 = CYLINDRICAL_SURFACE ( 'NONE', #1407, 1.749999999999999778 ) ;
#3694 = CARTESIAN_POINT ( 'NONE',  ( 3.367778697655220026E-16, 56.83591604948001930, 6.979804593820427172 ) ) ;
#3695 = CARTESIAN_POINT ( 'NONE',  ( 1.275000000000021894, 66.63591604948001645, 0.2848045938204264438 ) ) ;
#3696 = CARTESIAN_POINT ( 'NONE',  ( 4.776122516674678272E-16, 63.13591604948001645, 13.62980459382042753 ) ) ;
#3697 = DIRECTION ( 'NONE',  ( 0.000000000000000000, 1.081498426419455997E-17, -1.000000000000000000 ) ) ;
#3698 = EDGE_CURVE ( 'NONE', #932, #9774, #3672, .T. ) ;
#3699 = CARTESIAN_POINT ( 'NONE',  ( 0.000000000000000000, 59.13591604948001645, 9.729804593820427172 ) ) ;
#3700 = EDGE_LOOP ( 'NONE', ( #9756, #4643 ) ) ;
#3701 = DIRECTION ( 'NONE',  ( 0.000000000000000000, -1.000000000000000000, 0.000000000000000000 ) ) ;
#3702 = EDGE_CURVE ( 'NONE', #3991, #7006, #729, .T. ) ;
#3703 = EDGE_CURVE ( 'NONE', #4474, #7581, #2823, .T. ) ;
#3704 = CYLINDRICAL_SURFACE ( 'NONE', #2331, 3.499999999999999556 ) ;
#3705 = CARTESIAN_POINT ( 'NONE',  ( -9.222737788580410268, 37.23724115402390566, 17.53832882002761906 ) ) ;
#3706 = CIRCLE ( 'NONE', #9122, 0.09999999999999983902 ) ;
#3707 = DATE_AND_TIME ( #2118, #7502 ) ;
#3708 = CARTESIAN_POINT ( 'NONE',  ( -0.9999999999999369393, 39.73591604948001077, 9.729804593820414738 ) ) ;
#3709 = ORIENTED_EDGE ( 'NONE', *, *, #6037, .F. ) ;
#3710 = VECTOR ( 'NONE', #8746, 1000.000000000000000 ) ;
#3711 = EDGE_CURVE ( 'NONE', #7370, #6703, #3800, .T. ) ;
#3712 = CARTESIAN_POINT ( 'NONE',  ( 0.000000000000000000, 63.33591604948001219, 9.729804593820427172 ) ) ;
#3713 = ORIENTED_EDGE ( 'NONE', *, *, #509, .F. ) ;
#3714 = CYLINDRICAL_SURFACE ( 'NONE', #5818, 2.000000000000000000 ) ;
#3715 = EDGE_LOOP ( 'NONE', ( #1201, #10219, #7776, #2033, #347 ) ) ;
#3716 = AXIS2_PLACEMENT_3D ( 'NONE', #4053, #7286, #61 ) ;
#3717 = AXIS2_PLACEMENT_3D ( 'NONE', #8522, #3810, #7083 ) ;
#3718 = ORIENTED_EDGE ( 'NONE', *, *, #5191, .T. ) ;
#3719 = CARTESIAN_POINT ( 'NONE',  ( 12.33849908792398153, 37.25597432290904720, 8.729804593820476910 ) ) ;
#3720 = CIRCLE ( 'NONE', #7264, 6.500000000000000000 ) ;
#3721 = DIRECTION ( 'NONE',  ( 0.000000000000000000, 0.000000000000000000, -1.000000000000000000 ) ) ;
#3722 = CARTESIAN_POINT ( 'NONE',  ( 7.571253563712630807, 40.23591604948001077, 18.71527171990623728 ) ) ;
#3723 = ORIENTED_EDGE ( 'NONE', *, *, #2130, .T. ) ;
#3724 = LINE ( 'NONE', #1506, #2588 ) ;
#3725 = ORIENTED_EDGE ( 'NONE', *, *, #8144, .F. ) ;
#3726 = LINE ( 'NONE', #5464, #2387 ) ;
#3727 = CARTESIAN_POINT ( 'NONE',  ( 0.000000000000000000, 59.13591604948001645, 7.729804593820426284 ) ) ;
#3728 = AXIS2_PLACEMENT_3D ( 'NONE', #8173, #9076, #7474 ) ;
#3729 = ORIENTED_EDGE ( 'NONE', *, *, #9476, .T. ) ;
#3730 = VECTOR ( 'NONE', #172, 1000.000000000000114 ) ;
#3731 = ORIENTED_EDGE ( 'NONE', *, *, #6819, .F. ) ;
#3732 = CARTESIAN_POINT ( 'NONE',  ( -12.58696689167818050, 37.32017160744028672, 10.72980459382029572 ) ) ;
#3733 = DIRECTION ( 'NONE',  ( 0.000000000000000000, 1.000000000000000000, 0.000000000000000000 ) ) ;
#3734 = ORIENTED_EDGE ( 'NONE', *, *, #1804, .T. ) ;
#3735 = CARTESIAN_POINT ( 'NONE',  ( -6.480528600280256235, 67.53063217746232283, 10.24804119555220971 ) ) ;
#3736 = ORIENTED_EDGE ( 'NONE', *, *, #5930, .F. ) ;
#3737 = ADVANCED_FACE ( 'NONE', ( #1422 ), #7872, .T. ) ;
#3738 = CARTESIAN_POINT ( 'NONE',  ( 4.000000000000000000, 59.13591604948001645, -7.970195406179570341 ) ) ;
#3739 = VERTEX_POINT ( 'NONE', #7923 ) ;
#3740 = DIRECTION ( 'NONE',  ( 0.000000000000000000, 0.000000000000000000, 1.000000000000000000 ) ) ;
#3741 = CARTESIAN_POINT ( 'NONE',  ( -0.9999999999999997780, 37.31829136155905502, 22.31201982087426927 ) ) ;
#3742 = CIRCLE ( 'NONE', #2891, 1.000000000000000000 ) ;
#3743 = ORIENTED_EDGE ( 'NONE', *, *, #9000, .T. ) ;
#3744 = DIRECTION ( 'NONE',  ( 0.000000000000000000, -1.000000000000000000, -0.000000000000000000 ) ) ;
#3745 = FACE_OUTER_BOUND ( 'NONE', #8343, .T. ) ;
#3746 = ORIENTED_EDGE ( 'NONE', *, *, #3703, .T. ) ;
#3747 = CARTESIAN_POINT ( 'NONE',  ( 8.391694066586790512, 39.73591604948001077, 11.72980459382042717 ) ) ;
#3748 = CIRCLE ( 'NONE', #1057, 1.300000000000000711 ) ;
#3749 = DIRECTION ( 'NONE',  ( 1.000000000000000000, 0.000000000000000000, 1.088453945710938178E-14 ) ) ;
#3750 = CARTESIAN_POINT ( 'NONE',  ( 9.431272911958142657, 67.79002938846682014, 10.24022895759881102 ) ) ;
#3751 = ADVANCED_FACE ( 'NONE', ( #3050, #10304 ), #9573, .T. ) ;
#3752 = CARTESIAN_POINT ( 'NONE',  ( -13.96424004376891936, 39.23591604948001077, 8.729804593820276182 ) ) ;
#3753 = DIRECTION ( 'NONE',  ( 0.000000000000000000, -1.000000000000000000, 0.000000000000000000 ) ) ;
#3754 = CARTESIAN_POINT ( 'NONE',  ( 0.1359174511671654428, 67.66091604948005056, 16.22980459382042895 ) ) ;
#3755 = DIRECTION ( 'NONE',  ( -0.000000000000000000, -1.000000000000000000, -0.000000000000000000 ) ) ;
#3756 = EDGE_CURVE ( 'NONE', #5032, #10259, #2827, .T. ) ;
#3757 = VERTEX_POINT ( 'NONE', #6128 ) ;
#3758 = CARTESIAN_POINT ( 'NONE',  ( -0.3193930081536247578, 63.83591604948001219, 8.418130813361816678 ) ) ;
#3759 = DIRECTION ( 'NONE',  ( 0.000000000000000000, -1.000000000000000000, 0.000000000000000000 ) ) ;
#3760 = CARTESIAN_POINT ( 'NONE',  ( -8.867759061886511418, 43.73591604948001077, 2.731894012917237102 ) ) ;
#3761 = EDGE_CURVE ( 'NONE', #1424, #7680, #3502, .T. ) ;
#3762 = DIRECTION ( 'NONE',  ( 0.000000000000000000, -1.000000000000000000, 0.000000000000000000 ) ) ;
#3763 = ORIENTED_EDGE ( 'NONE', *, *, #1758, .T. ) ;
#3764 = DIRECTION ( 'NONE',  ( 0.000000000000000000, 1.000000000000000000, 0.000000000000000000 ) ) ;
#3765 = ORIENTED_EDGE ( 'NONE', *, *, #7381, .F. ) ;
#3766 = DIRECTION ( 'NONE',  ( 0.000000000000000000, 1.000000000000000000, 0.000000000000000000 ) ) ;
#3767 = EDGE_CURVE ( 'NONE', #2237, #1036, #7906, .T. ) ;
#3768 = AXIS2_PLACEMENT_3D ( 'NONE', #1719, #1767, #8816 ) ;
#3769 = ORIENTED_EDGE ( 'NONE', *, *, #5441, .F. ) ;
#3770 = EDGE_CURVE ( 'NONE', #3509, #3145, #10207, .T. ) ;
#3771 = ORIENTED_EDGE ( 'NONE', *, *, #7719, .T. ) ;
#3772 = DIRECTION ( 'NONE',  ( 0.000000000000000000, 0.000000000000000000, -1.000000000000000000 ) ) ;
#3773 = ADVANCED_FACE ( 'NONE', ( #8074 ), #4002, .T. ) ;
#3774 = DIRECTION ( 'NONE',  ( -0.000000000000000000, 1.000000000000000000, -0.000000000000000000 ) ) ;
#3775 = ORIENTED_EDGE ( 'NONE', *, *, #8460, .F. ) ;
#3776 = AXIS2_PLACEMENT_3D ( 'NONE', #4655, #10315, #4704 ) ;
#3777 = DIRECTION ( 'NONE',  ( 0.000000000000000000, 1.000000000000000000, -0.000000000000000000 ) ) ;
#3778 = VERTEX_POINT ( 'NONE', #7531 ) ;
#3779 = CIRCLE ( 'NONE', #10040, 1.000000000000000888 ) ;
#3780 = CARTESIAN_POINT ( 'NONE',  ( 4.031128874149270125, 38.53591604948001503, 7.729804593820426284 ) ) ;
#3781 = ADVANCED_FACE ( 'NONE', ( #9722 ), #9178, .F. ) ;
#3782 = PERSON_AND_ORGANIZATION_ROLE ( 'design_supplier' ) ;
#3783 = ORIENTED_EDGE ( 'NONE', *, *, #2544, .F. ) ;
#3784 = VECTOR ( 'NONE', #6114, 1000.000000000000000 ) ;
#3785 = VERTEX_POINT ( 'NONE', #8130 ) ;
#3786 = AXIS2_PLACEMENT_3D ( 'NONE', #3365, #1632, #7439 ) ;
#3787 = CARTESIAN_POINT ( 'NONE',  ( 1.959434878635765723E-16, 59.13591604948001645, 11.32980459382042682 ) ) ;
#3788 = CARTESIAN_POINT ( 'NONE',  ( 0.9999999999999997780, 37.25604337872318439, -2.609784079911125598 ) ) ;
#3789 = DIRECTION ( 'NONE',  ( 1.000000000000000000, 0.000000000000000000, 0.000000000000000000 ) ) ;
#3790 = ORIENTED_EDGE ( 'NONE', *, *, #4571, .T. ) ;
#3791 = DIRECTION ( 'NONE',  ( 1.000000000000000000, 0.000000000000000000, 0.000000000000000000 ) ) ;
#3792 = ORIENTED_EDGE ( 'NONE', *, *, #799, .F. ) ;
#3793 = LINE ( 'NONE', #10254, #7613 ) ;
#3794 = CIRCLE ( 'NONE', #7843, 1.100000000000000089 ) ;
#3795 = AXIS2_PLACEMENT_3D ( 'NONE', #2316, #6132, #4696 ) ;
#3796 = DIRECTION ( 'NONE',  ( 0.000000000000000000, 0.000000000000000000, -1.000000000000000000 ) ) ;
#3797 = AXIS2_PLACEMENT_3D ( 'NONE', #9647, #8910, #85 ) ;
#3798 = VERTEX_POINT ( 'NONE', #1574 ) ;
#3799 = EDGE_CURVE ( 'NONE', #8916, #5666, #2466, .T. ) ;
#3800 = LINE ( 'NONE', #4691, #8068 ) ;
#3801 = AXIS2_PLACEMENT_3D ( 'NONE', #1679, #7339, #60 ) ;
#3802 = LINE ( 'NONE', #3898, #5541 ) ;
#3803 = EDGE_LOOP ( 'NONE', ( #1686, #3890, #8675, #2558 ) ) ;
#3804 = DIRECTION ( 'NONE',  ( -0.1129614320333118399, 0.000000000000000000, 0.9935993734262232868 ) ) ;
#3805 = FACE_OUTER_BOUND ( 'NONE', #4212, .T. ) ;
#3806 = AXIS2_PLACEMENT_3D ( 'NONE', #4085, #6472, #8969 ) ;
#3807 = CARTESIAN_POINT ( 'NONE',  ( 9.410756932193439894, 67.58319466829402700, 8.924388780961182377 ) ) ;
#3808 = LINE ( 'NONE', #9524, #1532 ) ;
#3809 = CYLINDRICAL_SURFACE ( 'NONE', #2681, 6.250000000000000000 ) ;
#3810 = DIRECTION ( 'NONE',  ( 0.000000000000000000, -1.000000000000000000, 0.000000000000000000 ) ) ;
#3811 = DIRECTION ( 'NONE',  ( 0.000000000000000000, 0.000000000000000000, -1.000000000000000000 ) ) ;
#3812 = VERTEX_POINT ( 'NONE', #9671 ) ;
#3813 = EDGE_CURVE ( 'NONE', #2611, #9725, #2407, .T. ) ;
#3814 = CARTESIAN_POINT ( 'NONE',  ( 7.808524226207270047, 37.23724115402391988, 0.5070668052400972847 ) ) ;
#3815 = CARTESIAN_POINT ( 'NONE',  ( -8.386236586499729029, 33.28616858117417365, 7.729804593820376546 ) ) ;
#3816 = DIRECTION ( 'NONE',  ( 0.000000000000000000, -1.000000000000000000, 0.000000000000000000 ) ) ;
#3817 = CARTESIAN_POINT ( 'NONE',  ( -13.96424004376891936, 39.73591604948001077, 8.729804593820276182 ) ) ;
#3818 = ORIENTED_EDGE ( 'NONE', *, *, #285, .F. ) ;
#3819 = CARTESIAN_POINT ( 'NONE',  ( -10.58131561025237843, 50.29182918005297154, 18.89690664169953749 ) ) ;
#3820 = DIRECTION ( 'NONE',  ( 0.000000000000000000, -1.000000000000000000, 0.000000000000000000 ) ) ;
#3821 = VERTEX_POINT ( 'NONE', #4789 ) ;
#3822 = EDGE_CURVE ( 'NONE', #7049, #6095, #7225, .T. ) ;
#3823 = AXIS2_PLACEMENT_3D ( 'NONE', #8843, #10182, #3220 ) ;
#3824 = VECTOR ( 'NONE', #2744, 1000.000000000000000 ) ;
#3825 = VERTEX_POINT ( 'NONE', #2361 ) ;
#3826 = LINE ( 'NONE', #7052, #1039 ) ;
#3827 = EDGE_CURVE ( 'NONE', #7030, #1184, #785, .T. ) ;
#3828 = DIRECTION ( 'NONE',  ( 0.000000000000000000, -1.000000000000000000, 0.000000000000000000 ) ) ;
#3829 = ORIENTED_EDGE ( 'NONE', *, *, #1183, .T. ) ;
#3830 = LINE ( 'NONE', #507, #2933 ) ;
#3831 = VERTEX_POINT ( 'NONE', #8384 ) ;
#3832 = LINE ( 'NONE', #10187, #1554 ) ;
#3833 = DATE_AND_TIME ( #621, #1429 ) ;
#3834 = EDGE_CURVE ( 'NONE', #1837, #1878, #5639, .T. ) ;
#3835 = ORIENTED_EDGE ( 'NONE', *, *, #1626, .F. ) ;
#3836 = ORIENTED_EDGE ( 'NONE', *, *, #9402, .T. ) ;
#3837 = CARTESIAN_POINT ( 'NONE',  ( 1.000000000000000222, 38.05709085949234094, -3.854331860311320135 ) ) ;
#3838 = EDGE_CURVE ( 'NONE', #1344, #4135, #2711, .T. ) ;
#3839 = EDGE_CURVE ( 'NONE', #4816, #9197, #5021, .T. ) ;
#3840 = DIRECTION ( 'NONE',  ( 0.1129614320333122424, 0.000000000000000000, -0.9935993734262231758 ) ) ;
#3841 = ORIENTED_EDGE ( 'NONE', *, *, #1262, .F. ) ;
#3842 = CARTESIAN_POINT ( 'NONE',  ( 0.000000000000000000, 39.73591604948001077, 9.729804593820427172 ) ) ;
#3843 = ORIENTED_EDGE ( 'NONE', *, *, #6176, .T. ) ;
#3844 = DIRECTION ( 'NONE',  ( 0.000000000000000000, 1.000000000000000000, 0.000000000000000000 ) ) ;
#3845 = CARTESIAN_POINT ( 'NONE',  ( 0.000000000000000000, 62.93591604948001361, 9.729804593820427172 ) ) ;
#3846 = ORIENTED_EDGE ( 'NONE', *, *, #7459, .T. ) ;
#3847 = DIRECTION ( 'NONE',  ( 0.000000000000000000, 1.000000000000000000, 0.000000000000000000 ) ) ;
#3848 = CYLINDRICAL_SURFACE ( 'NONE', #3856, 1.000000000000000888 ) ;
#3849 = VECTOR ( 'NONE', #6464, 1000.000000000000000 ) ;
#3850 = ORIENTED_EDGE ( 'NONE', *, *, #10417, .F. ) ;
#3851 = CARTESIAN_POINT ( 'NONE',  ( 4.608304801002010009, 38.53591604948001503, 10.72980459382042540 ) ) ;
#3852 = CYLINDRICAL_SURFACE ( 'NONE', #7681, 9.445000000000000284 ) ;
#3853 = CARTESIAN_POINT ( 'NONE',  ( -3.953542708762614488, 50.29182918005297154, 15.09756086495611704 ) ) ;
#3854 = DIRECTION ( 'NONE',  ( 0.000000000000000000, 0.000000000000000000, 1.000000000000000000 ) ) ;
#3855 = DIRECTION ( 'NONE',  ( 1.000000000000000000, 0.000000000000000000, 9.966433447514970497E-15 ) ) ;
#3856 = AXIS2_PLACEMENT_3D ( 'NONE', #3004, #7711, #532 ) ;
#3857 = FACE_OUTER_BOUND ( 'NONE', #3499, .T. ) ;
#3858 = EDGE_LOOP ( 'NONE', ( #9608, #3156 ) ) ;
#3859 = CARTESIAN_POINT ( 'NONE',  ( 9.168207402386160609, 37.23591604948001077, 17.47215391601143608 ) ) ;
#3860 = CARTESIAN_POINT ( 'NONE',  ( 10.58131561025229850, 39.73591604948001077, 0.5627025459412470232 ) ) ;
#3861 = CARTESIAN_POINT ( 'NONE',  ( -1.198567587268943191, 66.80022754870859103, 0.3611621765210228929 ) ) ;
#3862 = CARTESIAN_POINT ( 'NONE',  ( 1.024927070495938786, 66.49985214761483121, 16.14849016842361351 ) ) ;
#3863 = CARTESIAN_POINT ( 'NONE',  ( 1.000000000000015987, 38.53591604948001503, 13.76093346796968220 ) ) ;
#3864 = ORIENTED_EDGE ( 'NONE', *, *, #5544, .T. ) ;
#3865 = EDGE_CURVE ( 'NONE', #10444, #413, #1084, .T. ) ;
#3866 = FACE_OUTER_BOUND ( 'NONE', #6599, .T. ) ;
#3867 = LINE ( 'NONE', #10323, #2774 ) ;
#3868 = ORIENTED_EDGE ( 'NONE', *, *, #428, .F. ) ;
#3869 = VERTEX_POINT ( 'NONE', #6492 ) ;
#3870 = CARTESIAN_POINT ( 'NONE',  ( 13.23950262296045111, 37.69137366613549744, 8.729804593820473357 ) ) ;
#3871 = CARTESIAN_POINT ( 'NONE',  ( -12.08563196527182093, 39.73591604948001077, 10.72980459382042540 ) ) ;
#3872 = VERTEX_POINT ( 'NONE', #8023 ) ;
#3873 = EDGE_CURVE ( 'NONE', #1405, #9954, #9094, .T. ) ;
#3874 = DIRECTION ( 'NONE',  ( 0.000000000000000000, 0.000000000000000000, 1.000000000000000000 ) ) ;
#3875 = ORIENTED_EDGE ( 'NONE', *, *, #7376, .T. ) ;
#3876 = CARTESIAN_POINT ( 'NONE',  ( -9.252939098755051717, 39.73591604948001077, 1.891079057438276756 ) ) ;
#3877 = AXIS2_PLACEMENT_3D ( 'NONE', #1885, #1104, #9256 ) ;
#3878 = CIRCLE ( 'NONE', #1182, 11.25000000000000178 ) ;
#3879 = APPROVAL_DATE_TIME ( #4677, #1915 ) ;
#3880 = EDGE_CURVE ( 'NONE', #1101, #349, #6222, .T. ) ;
#3881 = AXIS2_PLACEMENT_3D ( 'NONE', #10310, #2317, #2263 ) ;
#3882 = ORIENTED_EDGE ( 'NONE', *, *, #7745, .T. ) ;
#3883 = EDGE_CURVE ( 'NONE', #92, #950, #9930, .T. ) ;
#3884 = CARTESIAN_POINT ( 'NONE',  ( 0.000000000000000000, 39.23591604948001077, 9.729804593820427172 ) ) ;
#3885 = CARTESIAN_POINT ( 'NONE',  ( -6.499999897834149998, 38.53591604948001503, 11.48095705036433323 ) ) ;
#3886 = VECTOR ( 'NONE', #8206, 1000.000000000000000 ) ;
#3887 = ORIENTED_EDGE ( 'NONE', *, *, #9711, .T. ) ;
#3888 = EDGE_CURVE ( 'NONE', #5300, #345, #5356, .T. ) ;
#3889 = FACE_OUTER_BOUND ( 'NONE', #1296, .T. ) ;
#3890 = ORIENTED_EDGE ( 'NONE', *, *, #6544, .T. ) ;
#3891 = CARTESIAN_POINT ( 'NONE',  ( -5.727727414766490230E-15, 39.73591604948001077, 10.72980459382039697 ) ) ;
#3892 = DIRECTION ( 'NONE',  ( 0.000000000000000000, -1.000000000000000000, 0.000000000000000000 ) ) ;
#3893 = ADVANCED_FACE ( 'NONE', ( #4047 ), #7281, .T. ) ;
#3894 = ORIENTED_EDGE ( 'NONE', *, *, #2761, .F. ) ;
#3895 = ORIENTED_EDGE ( 'NONE', *, *, #2723, .F. ) ;
#3896 = CARTESIAN_POINT ( 'NONE',  ( 11.95756933358830132, 37.23591604948001077, 8.721570676304780889 ) ) ;
#3897 = EDGE_CURVE ( 'NONE', #30, #3917, #9124, .T. ) ;
#3898 = CARTESIAN_POINT ( 'NONE',  ( 3.449999999999999734, 59.14591604948001446, -7.770195406179568387 ) ) ;
#3899 = ORIENTED_EDGE ( 'NONE', *, *, #3299, .F. ) ;
#3900 = CARTESIAN_POINT ( 'NONE',  ( -8.985467126085680434, 40.23591604948001077, 2.158551030107636937 ) ) ;
#3901 = DIRECTION ( 'NONE',  ( -2.983470769828700236E-15, 0.000000000000000000, 1.000000000000000000 ) ) ;
#3902 = CARTESIAN_POINT ( 'NONE',  ( 3.135322457671664953, 39.73591604948001077, 11.28536014937597720 ) ) ;
#3903 = CARTESIAN_POINT ( 'NONE',  ( 0.000000000000000000, 63.13591604948001645, 9.729804593820427172 ) ) ;
#3904 = CARTESIAN_POINT ( 'NONE',  ( 0.000000000000000000, 74.83591604948000509, 11.22980459382042717 ) ) ;
#3905 = LINE ( 'NONE', #10414, #2098 ) ;
#3906 = VERTEX_POINT ( 'NONE', #6845 ) ;
#3907 = CIRCLE ( 'NONE', #6106, 11.25000000000000000 ) ;
#3908 = DIRECTION ( 'NONE',  ( 0.000000000000000000, -1.000000000000000000, 0.000000000000000000 ) ) ;
#3909 = DIRECTION ( 'NONE',  ( -0.000000000000000000, 1.000000000000000000, -0.000000000000000000 ) ) ;
#3910 = CARTESIAN_POINT ( 'NONE',  ( -1.000000000000000000, 50.29182918005297154, -2.355827371451393315 ) ) ;
#3911 = DIRECTION ( 'NONE',  ( 0.000000000000000000, 0.000000000000000000, -1.000000000000000000 ) ) ;
#3912 = DIRECTION ( 'NONE',  ( 0.000000000000000000, 0.000000000000000000, -1.000000000000000000 ) ) ;
#3913 = LINE ( 'NONE', #1280, #4496 ) ;
#3914 = ORIENTED_EDGE ( 'NONE', *, *, #475, .T. ) ;
#3915 = CARTESIAN_POINT ( 'NONE',  ( 1.198633929408789989, 66.63591604948001645, 19.09843852322924818 ) ) ;
#3916 = DIRECTION ( 'NONE',  ( 0.000000000000000000, 0.000000000000000000, 1.000000000000000000 ) ) ;
#3917 = VERTEX_POINT ( 'NONE', #6101 ) ;
#3918 = EDGE_CURVE ( 'NONE', #3739, #3227, #7792, .T. ) ;
#3919 = FACE_OUTER_BOUND ( 'NONE', #7746, .T. ) ;
#3920 = ORIENTED_EDGE ( 'NONE', *, *, #9350, .F. ) ;
#3921 = DIRECTION ( 'NONE',  ( 0.000000000000000000, 1.000000000000000000, 0.000000000000000000 ) ) ;
#3922 = CARTESIAN_POINT ( 'NONE',  ( -0.7434455013959719860, 65.63256767754577936, 0.3138846106456218976 ) ) ;
#3923 = ORIENTED_EDGE ( 'NONE', *, *, #1891, .T. ) ;
#3924 = VERTEX_POINT ( 'NONE', #5401 ) ;
#3925 = CARTESIAN_POINT ( 'NONE',  ( 0.000000000000000000, 59.13591604948001645, 9.729804593820427172 ) ) ;
#3926 = VECTOR ( 'NONE', #1690, 1000.000000000000000 ) ;
#3927 = EDGE_CURVE ( 'NONE', #446, #1111, #8650, .T. ) ;
#3928 = AXIS2_PLACEMENT_3D ( 'NONE', #547, #6300, #7777 ) ;
#3929 = VERTEX_POINT ( 'NONE', #1399 ) ;
#3930 = CARTESIAN_POINT ( 'NONE',  ( -4.660649489949130420, 38.53591604948001503, 5.069155103871266554 ) ) ;
#3931 = FACE_OUTER_BOUND ( 'NONE', #3188, .T. ) ;
#3932 = VERTEX_POINT ( 'NONE', #352 ) ;
#3933 = DIRECTION ( 'NONE',  ( 0.000000000000000000, -1.000000000000000000, 0.000000000000000000 ) ) ;
#3934 = ORIENTED_EDGE ( 'NONE', *, *, #2253, .F. ) ;
#3935 = DIRECTION ( 'NONE',  ( 0.000000000000000000, -1.000000000000000000, 0.000000000000000000 ) ) ;
#3936 = CARTESIAN_POINT ( 'NONE',  ( 1.690012582823345163E-15, 59.13591604948001645, -4.070195406179572650 ) ) ;
#3937 = AXIS2_PLACEMENT_3D ( 'NONE', #4129, #8800, #971 ) ;
#3938 = AXIS2_PLACEMENT_3D ( 'NONE', #3815, #749, #1489 ) ;
#3939 = ORIENTED_EDGE ( 'NONE', *, *, #6526, .F. ) ;
#3940 = ADVANCED_FACE ( 'NONE', ( #3919 ), #3230, .F. ) ;
#3941 = ORIENTED_EDGE ( 'NONE', *, *, #5301, .F. ) ;
#3942 = CARTESIAN_POINT ( 'NONE',  ( 0.9153374705667735034, 67.46256039988250564, 19.13050600459414952 ) ) ;
#3943 = DIRECTION ( 'NONE',  ( 0.000000000000000000, 0.000000000000000000, -1.000000000000000000 ) ) ;
#3944 = ORIENTED_EDGE ( 'NONE', *, *, #5190, .T. ) ;
#3945 = DIRECTION ( 'NONE',  ( 0.000000000000000000, -1.000000000000000000, -0.000000000000000000 ) ) ;
#3946 = DIRECTION ( 'NONE',  ( 0.000000000000000000, -1.000000000000000000, -0.000000000000000000 ) ) ;
#3947 = EDGE_CURVE ( 'NONE', #8856, #2629, #3132, .T. ) ;
#3948 = CARTESIAN_POINT ( 'NONE',  ( -2.269462866248204551E-14, 66.63591604948001645, 19.17480459382042568 ) ) ;
#3949 = FACE_OUTER_BOUND ( 'NONE', #2221, .T. ) ;
#3950 = AXIS2_PLACEMENT_3D ( 'NONE', #6025, #5218, #3482 ) ;
#3951 = FACE_OUTER_BOUND ( 'NONE', #2972, .T. ) ;
#3952 = ADVANCED_FACE ( 'NONE', ( #9695 ), #2436, .F. ) ;
#3953 = FACE_OUTER_BOUND ( 'NONE', #4555, .T. ) ;
#3954 = VERTEX_POINT ( 'NONE', #6366 ) ;
#3955 = EDGE_CURVE ( 'NONE', #4327, #8322, #2834, .T. ) ;
#3956 = VECTOR ( 'NONE', #4985, 1000.000000000000000 ) ;
#3957 = VECTOR ( 'NONE', #9115, 1000.000000000000000 ) ;
#3958 = PLANE ( 'NONE',  #3928 ) ;
#3959 = DIRECTION ( 'NONE',  ( 0.000000000000000000, -1.000000000000000000, 0.000000000000000000 ) ) ;
#3960 = CARTESIAN_POINT ( 'NONE',  ( -1.198633929411949905, 66.63591604947636426, 0.3611706644118181653 ) ) ;
#3961 = CARTESIAN_POINT ( 'NONE',  ( 0.000000000000000000, 68.93591604948001361, 9.729804593820427172 ) ) ;
#3962 = ADVANCED_FACE ( 'NONE', ( #9899 ), #1022, .F. ) ;
#3963 = CARTESIAN_POINT ( 'NONE',  ( 7.698402319198659249, 39.73591604948001077, 8.458534105914933932 ) ) ;
#3964 = B_SPLINE_CURVE_WITH_KNOTS ( 'NONE', 3,
 ( #329, #1946, #5323, #3896 ),
 .UNSPECIFIED., .F., .F.,
 ( 4, 4 ),
 ( 8.470329472542999629E-22, 0.0001283903908514688207 ),
 .UNSPECIFIED. ) ;
#3965 = DIRECTION ( 'NONE',  ( -0.000000000000000000, -1.000000000000000000, -0.000000000000000000 ) ) ;
#3966 = ORIENTED_EDGE ( 'NONE', *, *, #1626, .T. ) ;
#3967 = DIRECTION ( 'NONE',  ( 0.000000000000000000, 1.000000000000000000, 0.000000000000000000 ) ) ;
#3968 = VECTOR ( 'NONE', #1171, 1000.000000000000000 ) ;
#3969 = CONICAL_SURFACE ( 'NONE', #9225, 0.7999999999999986011, 1.029744258676657198 ) ;
#3970 = CARTESIAN_POINT ( 'NONE',  ( 5.367756271135689872, 38.53591604948001503, 5.776261885057837553 ) ) ;
#3971 = ORIENTED_EDGE ( 'NONE', *, *, #9597, .T. ) ;
#3972 = VERTEX_POINT ( 'NONE', #8962 ) ;
#3973 = CARTESIAN_POINT ( 'NONE',  ( -9.431743155920822019, 37.25597432290898325, 1.712275000272486247 ) ) ;
#3974 = DIRECTION ( 'NONE',  ( 0.000000000000000000, -1.000000000000000000, -1.081498426419455997E-17 ) ) ;
#3975 = ORIENTED_EDGE ( 'NONE', *, *, #2511, .F. ) ;
#3976 = ORIENTED_EDGE ( 'NONE', *, *, #1240, .F. ) ;
#3977 = FACE_OUTER_BOUND ( 'NONE', #3715, .T. ) ;
#3978 = AXIS2_PLACEMENT_3D ( 'NONE', #2496, #9851, #5720 ) ;
#3979 = B_SPLINE_CURVE_WITH_KNOTS ( 'NONE', 3,
 ( #7705, #6917, #6124, #9360, #8565, #1310, #4531, #9567, #8772, #7121 ),
 .UNSPECIFIED., .F., .F.,
 ( 4, 2, 2, 2, 4 ),
 ( 0.000000000000000000, 0.2499999999999999445, 0.4999999999999998890, 0.7499999999999997780, 1.000000000000000000 ),
 .UNSPECIFIED. ) ;
#3980 = ORIENTED_EDGE ( 'NONE', *, *, #6406, .T. ) ;
#3981 = DIRECTION ( 'NONE',  ( 0.000000000000000000, 1.000000000000000000, 0.000000000000000000 ) ) ;
#3982 = DIRECTION ( 'NONE',  ( 0.000000000000000000, -1.000000000000000000, 0.000000000000000000 ) ) ;
#3983 = FACE_OUTER_BOUND ( 'NONE', #2491, .T. ) ;
#3984 = DIRECTION ( 'NONE',  ( 0.000000000000000000, 0.000000000000000000, -1.000000000000000000 ) ) ;
#3985 = VERTEX_POINT ( 'NONE', #9846 ) ;
#3986 = DIRECTION ( 'NONE',  ( 0.000000000000000000, 0.000000000000000000, -1.000000000000000000 ) ) ;
#3987 = ORIENTED_EDGE ( 'NONE', *, *, #1319, .T. ) ;
#3988 = CARTESIAN_POINT ( 'NONE',  ( 8.383203968001060602, 39.73591604948001077, 8.729804593820459147 ) ) ;
#3989 = EDGE_CURVE ( 'NONE', #6463, #9047, #10438, .T. ) ;
#3990 = DIRECTION ( 'NONE',  ( 0.000000000000000000, 1.000000000000000000, 0.000000000000000000 ) ) ;
#3991 = VERTEX_POINT ( 'NONE', #9113 ) ;
#3992 = EDGE_LOOP ( 'NONE', ( #3256, #7113, #1597, #6238 ) ) ;
#3993 = CARTESIAN_POINT ( 'NONE',  ( 0.5000000000000004441, 59.14591604948001446, -7.770195406179568387 ) ) ;
#3994 = CARTESIAN_POINT ( 'NONE',  ( 9.607436424862269675, 37.32017160744005224, 17.92302745630970051 ) ) ;
#3995 = VERTEX_POINT ( 'NONE', #6676 ) ;
#3996 = DIRECTION ( 'NONE',  ( -0.000000000000000000, -1.000000000000000000, -0.000000000000000000 ) ) ;
#3997 = CARTESIAN_POINT ( 'NONE',  ( -9.929587795663701755, 37.53403809989924156, 18.24517882711087680 ) ) ;
#3998 = CARTESIAN_POINT ( 'NONE',  ( 4.898587196589410857E-16, 62.93591604948001361, 5.729804593820426284 ) ) ;
#3999 = DIRECTION ( 'NONE',  ( 0.000000000000000000, -1.000000000000000000, 0.000000000000000000 ) ) ;
#4000 = EDGE_CURVE ( 'NONE', #2056, #6910, #5927, .T. ) ;
#4001 = CARTESIAN_POINT ( 'NONE',  ( 9.432513609434346691, 37.25604337872314176, 1.711504546759210044 ) ) ;
#4002 = CONICAL_SURFACE ( 'NONE', #10272, 1.300000000000000711, 0.7853981633974503884 ) ;
#4003 = VERTEX_POINT ( 'NONE', #5025 ) ;
#4004 = EDGE_CURVE ( 'NONE', #1611, #868, #6388, .T. ) ;
#4005 = CARTESIAN_POINT ( 'NONE',  ( -7.838725536381959458, 39.73591604948001077, 0.4768654950651867175 ) ) ;
#4006 = CARTESIAN_POINT ( 'NONE',  ( -3.700000000000000178, 57.53591604948001503, -8.270195406179569275 ) ) ;
#4007 = CARTESIAN_POINT ( 'NONE',  ( 1.047223258230402632, 66.01053651796763688, 19.11666370516300617 ) ) ;
#4008 = CARTESIAN_POINT ( 'NONE',  ( 1.999999999999924949, 38.53591604948001503, 21.81543655909224455 ) ) ;
#4009 = PLANE ( 'NONE',  #8899 ) ;
#4010 = CARTESIAN_POINT ( 'NONE',  ( -10.44090513317689961, 39.73591604948001077, 11.82980459382042682 ) ) ;
#4011 = VERTEX_POINT ( 'NONE', #9752 ) ;
#4012 = CIRCLE ( 'NONE', #6897, 1.499999999999999556 ) ;
#4013 = ADVANCED_FACE ( 'NONE', ( #4183 ), #921, .F. ) ;
#4014 = DIRECTION ( 'NONE',  ( -1.000000000000000000, 0.000000000000000000, -0.000000000000000000 ) ) ;
#4015 = CARTESIAN_POINT ( 'NONE',  ( 7.742349322190920979, 37.23591604948001077, 18.89801199620665884 ) ) ;
#4016 = AXIS2_PLACEMENT_3D ( 'NONE', #2052, #5329, #5221 ) ;
#4017 = VECTOR ( 'NONE', #5421, 1000.000000000000000 ) ;
#4018 = VERTEX_POINT ( 'NONE', #2697 ) ;
#4019 = ADVANCED_FACE ( 'NONE', ( #8103 ), #4240, .F. ) ;
#4020 = ORIENTED_EDGE ( 'NONE', *, *, #6667, .F. ) ;
#4021 = DIRECTION ( 'NONE',  ( 0.000000000000000000, 0.000000000000000000, 1.000000000000000000 ) ) ;
#4022 = ORIENTED_EDGE ( 'NONE', *, *, #1095, .T. ) ;
#4023 = EDGE_CURVE ( 'NONE', #10391, #1878, #5533, .T. ) ;
#4024 = CARTESIAN_POINT ( 'NONE',  ( -13.96424004376891936, 39.23591604948001077, 8.729804593820276182 ) ) ;
#4025 = FACE_OUTER_BOUND ( 'NONE', #9571, .T. ) ;
#4026 = ORIENTED_EDGE ( 'NONE', *, *, #7529, .T. ) ;
#4027 = ORIENTED_EDGE ( 'NONE', *, *, #5575, .T. ) ;
#4028 = CARTESIAN_POINT ( 'NONE',  ( -0.6131856005678033572, 67.73167542835120969, 19.15494349721409506 ) ) ;
#4029 = CONICAL_SURFACE ( 'NONE', #1678, 1.275000000000000133, 0.7853981633974476129 ) ;
#4030 = EDGE_LOOP ( 'NONE', ( #8744, #2589, #4773, #8717 ) ) ;
#4031 = DIRECTION ( 'NONE',  ( 1.000000000000000000, 0.000000000000000000, 1.015447888376670146E-14 ) ) ;
#4032 = DIRECTION ( 'NONE',  ( -0.000000000000000000, -1.000000000000000000, -0.000000000000000000 ) ) ;
#4033 = DIRECTION ( 'NONE',  ( -0.7071067811865510144, 0.000000000000000000, 0.7071067811865441310 ) ) ;
#4034 = FACE_OUTER_BOUND ( 'NONE', #1904, .T. ) ;
#4035 = VERTEX_POINT ( 'NONE', #3390 ) ;
#4036 = DIRECTION ( 'NONE',  ( 0.000000000000000000, 0.000000000000000000, 1.000000000000000000 ) ) ;
#4037 = CONICAL_SURFACE ( 'NONE', #9626, 9.445000000000000284, 0.7853981633974476129 ) ;
#4038 = ORIENTED_EDGE ( 'NONE', *, *, #1927, .F. ) ;
#4039 = DIRECTION ( 'NONE',  ( 0.000000000000000000, -1.000000000000000000, 0.000000000000000000 ) ) ;
#4040 = VECTOR ( 'NONE', #1043, 1000.000000000000000 ) ;
#4041 = PLANE ( 'NONE',  #41 ) ;
#4042 = ORIENTED_EDGE ( 'NONE', *, *, #9729, .T. ) ;
#4043 = AXIS2_PLACEMENT_3D ( 'NONE', #10034, #7703, #3681 ) ;
#4044 = AXIS2_PLACEMENT_3D ( 'NONE', #914, #8048, #4966 ) ;
#4045 = ORIENTED_EDGE ( 'NONE', *, *, #5019, .T. ) ;
#4046 = B_SPLINE_CURVE_WITH_KNOTS ( 'NONE', 3,
 ( #7865, #7964, #7811, #8770, #2943, #5579, #722, #676, #7168, #4684, #10342, #3043 ),
 .UNSPECIFIED., .F., .F.,
 ( 4, 2, 2, 2, 2, 4 ),
 ( 0.000000000000000000, 0.2499999999999984457, 0.4999999999999968914, 0.6249999999999961142, 0.7499999999999953371, 1.000000000000000000 ),
 .UNSPECIFIED. ) ;
#4047 = FACE_OUTER_BOUND ( 'NONE', #6579, .T. ) ;
#4048 = CARTESIAN_POINT ( 'NONE',  ( -9.372462587041731297, 66.31329885001973423, 8.560044022192135671 ) ) ;
#4049 = EDGE_CURVE ( 'NONE', #4524, #10391, #9009, .T. ) ;
#4050 = ORIENTED_EDGE ( 'NONE', *, *, #7047, .F. ) ;
#4051 = CARTESIAN_POINT ( 'NONE',  ( 1.078158506628609015, 63.83591604948001219, 8.426056820993313323 ) ) ;
#4052 = CARTESIAN_POINT ( 'NONE',  ( -10.58131561025237488, 38.98256680740734481, 18.89690664169953394 ) ) ;
#4053 = CARTESIAN_POINT ( 'NONE',  ( -7.131618755195589188, 38.53591604948001503, 19.68985047376206765 ) ) ;
#4054 = CARTESIAN_POINT ( 'NONE',  ( -0.4499999999999994560, 59.14591604948001446, -4.470195406179568565 ) ) ;
#4055 = CARTESIAN_POINT ( 'NONE',  ( 0.5000000000000004441, 59.13591604948001645, -4.470195406179568565 ) ) ;
#4056 = DIRECTION ( 'NONE',  ( -0.7071067811865335839, 0.000000000000000000, -0.7071067811865615615 ) ) ;
#4057 = AXIS2_PLACEMENT_3D ( 'NONE', #2989, #6227, #9455 ) ;
#4058 = AXIS2_PLACEMENT_3D ( 'NONE', #4268, #1158, #4373 ) ;
#4059 = CARTESIAN_POINT ( 'NONE',  ( -9.252939098755220471, 38.53591604948001503, 17.56853013020241860 ) ) ;
#4060 = AXIS2_PLACEMENT_3D ( 'NONE', #718, #4032, #5573 ) ;
#4061 = ORIENTED_EDGE ( 'NONE', *, *, #9131, .T. ) ;
#4062 = DIRECTION ( 'NONE',  ( 0.000000000000000000, 0.000000000000000000, -1.000000000000000000 ) ) ;
#4063 = EDGE_CURVE ( 'NONE', #8862, #6723, #4527, .T. ) ;
#4064 = CARTESIAN_POINT ( 'NONE',  ( 1.734285328746095018E-15, 67.91091604948002214, 19.17480459382042568 ) ) ;
#4065 = CIRCLE ( 'NONE', #7790, 2.000000000000000000 ) ;
#4066 = CYLINDRICAL_SURFACE ( 'NONE', #2575, 0.2999999999999999334 ) ;
#4067 = DIRECTION ( 'NONE',  ( -0.000000000000000000, -1.000000000000000000, -0.000000000000000000 ) ) ;
#4068 = DIRECTION ( 'NONE',  ( 0.000000000000000000, -1.000000000000000000, 0.000000000000000000 ) ) ;
#4069 = DIRECTION ( 'NONE',  ( 0.000000000000000000, 0.000000000000000000, -1.000000000000000000 ) ) ;
#4070 = ORIENTED_EDGE ( 'NONE', *, *, #4801, .T. ) ;
#4071 = EDGE_CURVE ( 'NONE', #7079, #9365, #134, .T. ) ;
#4072 = CARTESIAN_POINT ( 'NONE',  ( -11.70736947396810024, 40.23591604948001077, 10.72980459382030283 ) ) ;
#4073 = DIRECTION ( 'NONE',  ( 1.000000000000000000, 0.000000000000000000, 0.000000000000000000 ) ) ;
#4074 = VECTOR ( 'NONE', #6003, 1000.000000000000000 ) ;
#4075 = VERTEX_POINT ( 'NONE', #8157 ) ;
#4076 = EDGE_LOOP ( 'NONE', ( #8339, #8534, #7866, #3887 ) ) ;
#4077 = EDGE_CURVE ( 'NONE', #2733, #1408, #8214, .T. ) ;
#4078 = DIRECTION ( 'NONE',  ( 0.000000000000000000, -1.000000000000000000, 0.000000000000000000 ) ) ;
#4079 = ORIENTED_EDGE ( 'NONE', *, *, #4552, .F. ) ;
#4080 = CARTESIAN_POINT ( 'NONE',  ( -10.54785636456332654, 38.73517269221227366, 0.5961617916299508657 ) ) ;
#4081 = DIRECTION ( 'NONE',  ( 0.000000000000000000, 0.000000000000000000, 1.000000000000000000 ) ) ;
#4082 = VERTEX_POINT ( 'NONE', #7463 ) ;
#4083 = EDGE_CURVE ( 'NONE', #10450, #10424, #4012, .T. ) ;
#4084 = ORIENTED_EDGE ( 'NONE', *, *, #9275, .F. ) ;
#4085 = CARTESIAN_POINT ( 'NONE',  ( 2.269462866248204551E-14, 66.63591604948001645, 0.2848045938204264438 ) ) ;
#4086 = EDGE_CURVE ( 'NONE', #6867, #822, #9032, .T. ) ;
#4087 = EDGE_CURVE ( 'NONE', #2815, #1966, #6726, .T. ) ;
#4088 = ORIENTED_EDGE ( 'NONE', *, *, #2280, .T. ) ;
#4089 = DIRECTION ( 'NONE',  ( 0.1129614320333118399, 0.000000000000000000, -0.9935993734262232868 ) ) ;
#4090 = DIRECTION ( 'NONE',  ( 0.000000000000000000, 0.000000000000000000, -1.000000000000000000 ) ) ;
#4091 = CARTESIAN_POINT ( 'NONE',  ( -6.499999897834149998, 37.23591604948001077, 10.75595705036433003 ) ) ;
#4092 = CARTESIAN_POINT ( 'NONE',  ( -9.445000000000000284, 66.63591604948001645, 9.729804593820372105 ) ) ;
#4093 = ORIENTED_EDGE ( 'NONE', *, *, #7309, .F. ) ;
#4094 = FACE_OUTER_BOUND ( 'NONE', #8274, .T. ) ;
#4095 = EDGE_CURVE ( 'NONE', #1205, #5062, #6048, .T. ) ;
#4096 = VERTEX_POINT ( 'NONE', #8475 ) ;
#4097 = ADVANCED_FACE ( 'NONE', ( #2059 ), #3704, .T. ) ;
#4098 = DIRECTION ( 'NONE',  ( 0.000000000000000000, 1.000000000000000000, 0.000000000000000000 ) ) ;
#4099 = B_SPLINE_CURVE_WITH_KNOTS ( 'NONE', 3,
 ( #5921, #9220, #2004, #9110, #9163, #1122, #1954, #9894, #8364, #5176, #8418, #6831, #8313, #1219, #8260, #1170, #5020, #4385, #6882, #7458, #6670, #8469, #1902, #2848, #7614, #235, #1845, #1070, #7510, #4338 ),
 .UNSPECIFIED., .F., .F.,
 ( 4, 2, 2, 2, 2, 2, 2, 2, 2, 2, 2, 2, 2, 2, 4 ),
 ( 0.000000000000000000, 0.06249999999999827915, 0.1249999999999965583, 0.1874999999999948375, 0.2499999999999931166, 0.3124999999999913958, 0.3749999999999896749, 0.4999999999999906741, 0.5624999999999917843, 0.6249999999999930056, 0.6874999999999941158, 0.7499999999999953371, 0.8124999999999964473, 0.8749999999999976685, 1.000000000000000000 ),
 .UNSPECIFIED. ) ;
#4100 = DIRECTION ( 'NONE',  ( -0.7071067811865415775, 0.000000000000000000, -0.7071067811865535679 ) ) ;
#4101 = CIRCLE ( 'NONE', #907, 1.749999999999999778 ) ;
#4102 = AXIS2_PLACEMENT_3D ( 'NONE', #68, #8038, #8252 ) ;
#4103 = VERTEX_POINT ( 'NONE', #6990 ) ;
#4104 = ORIENTED_EDGE ( 'NONE', *, *, #3552, .T. ) ;
#4105 = CARTESIAN_POINT ( 'NONE',  ( 10.13536548265341253, 37.77423283245897778, 18.45095651410084869 ) ) ;
#4106 = VERTEX_POINT ( 'NONE', #8528 ) ;
#4107 = LINE ( 'NONE', #2516, #8526 ) ;
#4108 = DIRECTION ( 'NONE',  ( -1.000000000000000000, 0.000000000000000000, -1.723387009752805082E-14 ) ) ;
#4109 = CARTESIAN_POINT ( 'NONE',  ( -6.499999897834149998, 38.53591604948001503, 9.730957050364331451 ) ) ;
#4110 = DIRECTION ( 'NONE',  ( -0.000000000000000000, -1.000000000000000000, -0.000000000000000000 ) ) ;
#4111 = AXIS2_PLACEMENT_3D ( 'NONE', #4752, #3908, #9433 ) ;
#4112 = DIRECTION ( 'NONE',  ( 0.000000000000000000, -1.000000000000000000, 0.000000000000000000 ) ) ;
#4113 = CIRCLE ( 'NONE', #7326, 1.000000000000000888 ) ;
#4114 = EDGE_CURVE ( 'NONE', #9047, #6463, #820, .T. ) ;
#4115 = DIRECTION ( 'NONE',  ( -0.1129614320333120481, 0.000000000000000000, 0.9935993734262233978 ) ) ;
#4116 = ORIENTED_EDGE ( 'NONE', *, *, #1571, .T. ) ;
#4117 = DIRECTION ( 'NONE',  ( 0.000000000000000000, 0.000000000000000000, 1.000000000000000000 ) ) ;
#4118 = VECTOR ( 'NONE', #118, 1000.000000000000000 ) ;
#4119 = CARTESIAN_POINT ( 'NONE',  ( 9.960045879941779035, 39.73591604948001077, 2.598185838625027166 ) ) ;
#4120 = DIRECTION ( 'NONE',  ( 0.000000000000000000, 1.000000000000000000, 0.000000000000000000 ) ) ;
#4121 = VECTOR ( 'NONE', #6551, 1000.000000000000000 ) ;
#4122 = CARTESIAN_POINT ( 'NONE',  ( 13.96424004376894068, 50.29182918005297154, 8.729804593820475134 ) ) ;
#4123 = CARTESIAN_POINT ( 'NONE',  ( -6.499999897834149998, 38.53591604948001503, 9.730957050364331451 ) ) ;
#4124 = DIRECTION ( 'NONE',  ( -0.7071067811865531239, 0.000000000000000000, 0.7071067811865420216 ) ) ;
#4125 = ORIENTED_EDGE ( 'NONE', *, *, #2001, .F. ) ;
#4126 = FACE_OUTER_BOUND ( 'NONE', #2234, .T. ) ;
#4127 = VECTOR ( 'NONE', #1378, 1000.000000000000000 ) ;
#4128 = EDGE_CURVE ( 'NONE', #10435, #8213, #1174, .T. ) ;
#4129 = CARTESIAN_POINT ( 'NONE',  ( 3.700000000000000178, 59.13591604948001645, -7.970195406179570341 ) ) ;
#4130 = VECTOR ( 'NONE', #4559, 1000.000000000000000 ) ;
#4131 = VECTOR ( 'NONE', #3921, 1000.000000000000000 ) ;
#4132 = ORIENTED_EDGE ( 'NONE', *, *, #1135, .F. ) ;
#4133 = ORIENTED_EDGE ( 'NONE', *, *, #10041, .F. ) ;
#4134 = CARTESIAN_POINT ( 'NONE',  ( -7.571253563712570411, 40.23591604948001077, 0.7443374677345675483 ) ) ;
#4135 = VERTEX_POINT ( 'NONE', #6836 ) ;
#4136 = CARTESIAN_POINT ( 'NONE',  ( 6.499999433794410031, 37.23591604948001077, 9.733810752080316320 ) ) ;
#4137 = DIRECTION ( 'NONE',  ( 0.000000000000000000, 1.081498426419455997E-17, -1.000000000000000000 ) ) ;
#4138 = ORIENTED_EDGE ( 'NONE', *, *, #4520, .T. ) ;
#4139 = VECTOR ( 'NONE', #185, 1000.000000000000000 ) ;
#4140 = VECTOR ( 'NONE', #5548, 1000.000000000000000 ) ;
#4141 = ORIENTED_EDGE ( 'NONE', *, *, #7706, .T. ) ;
#4142 = ADVANCED_FACE ( 'NONE', ( #6940 ), #5365, .T. ) ;
#4143 = FACE_OUTER_BOUND ( 'NONE', #10075, .T. ) ;
#4144 = ADVANCED_FACE ( 'NONE', ( #8374 ), #1962, .F. ) ;
#4145 = ORIENTED_EDGE ( 'NONE', *, *, #9189, .F. ) ;
#4146 = DIRECTION ( 'NONE',  ( 0.000000000000000000, 0.000000000000000000, -1.000000000000000000 ) ) ;
#4147 = LINE ( 'NONE', #5143, #533 ) ;
#4148 = DIRECTION ( 'NONE',  ( 0.000000000000000000, 1.000000000000000000, 0.000000000000000000 ) ) ;
#4149 = ORIENTED_EDGE ( 'NONE', *, *, #3636, .T. ) ;
#4150 = CYLINDRICAL_SURFACE ( 'NONE', #6081, 9.445000000000000284 ) ;
#4151 = VERTEX_POINT ( 'NONE', #2908 ) ;
#4152 = CARTESIAN_POINT ( 'NONE',  ( -6.470294749300292025, 65.81468572321985278, 10.35800654124823339 ) ) ;
#4153 = CIRCLE ( 'NONE', #10251, 14.00000000000000000 ) ;
#4154 = EDGE_CURVE ( 'NONE', #3906, #345, #9326, .T. ) ;
#4155 = CARTESIAN_POINT ( 'NONE',  ( 0.000000000000000000, 74.83591604948000509, 9.729804593820427172 ) ) ;
#4156 = ORIENTED_EDGE ( 'NONE', *, *, #9282, .F. ) ;
#4157 = EDGE_CURVE ( 'NONE', #6534, #3387, #10112, .T. ) ;
#4158 = EDGE_CURVE ( 'NONE', #9974, #721, #6087, .T. ) ;
#4159 = EDGE_LOOP ( 'NONE', ( #463, #7253, #2126, #5346 ) ) ;
#4160 = AXIS2_PLACEMENT_3D ( 'NONE', #5068, #2800, #1069 ) ;
#4161 = CARTESIAN_POINT ( 'NONE',  ( 10.06884886541803859, 37.69137366613458795, 18.38443989686548008 ) ) ;
#4162 = VERTEX_POINT ( 'NONE', #4500 ) ;
#4163 = LINE ( 'NONE', #9038, #5134 ) ;
#4164 = CARTESIAN_POINT ( 'NONE',  ( 0.000000000000000000, 63.03591604948001503, 5.729804593820426284 ) ) ;
#4165 = VECTOR ( 'NONE', #17, 1000.000000000000000 ) ;
#4166 = DIRECTION ( 'NONE',  ( 0.000000000000000000, -1.000000000000000000, 0.000000000000000000 ) ) ;
#4167 = CARTESIAN_POINT ( 'NONE',  ( -4.613763209168499912, 38.53591604948001503, 7.729804593820426284 ) ) ;
#4168 = CARTESIAN_POINT ( 'NONE',  ( 1.000000000000001332, 38.05145355645174021, 23.32434655545101521 ) ) ;
#4169 = CARTESIAN_POINT ( 'NONE',  ( 6.499999433794410031, 34.40748892473381915, 9.733810752080316320 ) ) ;
#4170 = VERTEX_POINT ( 'NONE', #7725 ) ;
#4171 = CARTESIAN_POINT ( 'NONE',  ( 0.5945224130445398991, 63.43591604948001361, 8.041466426925909516 ) ) ;
#4172 = CARTESIAN_POINT ( 'NONE',  ( 0.000000000000000000, 59.23591604948001788, 7.729804593820426284 ) ) ;
#4173 = CARTESIAN_POINT ( 'NONE',  ( 0.1636982163727951911, 67.91091604948005056, 0.2848045938204265548 ) ) ;
#4174 = DIRECTION ( 'NONE',  ( 0.000000000000000000, 0.000000000000000000, 1.000000000000000000 ) ) ;
#4175 = FACE_OUTER_BOUND ( 'NONE', #2232, .T. ) ;
#4176 = CARTESIAN_POINT ( 'NONE',  ( 6.499999433794410031, 38.53591604948001503, 9.733810752080316320 ) ) ;
#4177 = ORIENTED_EDGE ( 'NONE', *, *, #1854, .F. ) ;
#4178 = LINE ( 'NONE', #8904, #1194 ) ;
#4179 = CIRCLE ( 'NONE', #2321, 1.000000000000000888 ) ;
#4180 = DIRECTION ( 'NONE',  ( 0.000000000000000000, 0.000000000000000000, 1.000000000000000000 ) ) ;
#4181 = ORIENTED_EDGE ( 'NONE', *, *, #9048, .F. ) ;
#4182 = ORIENTED_EDGE ( 'NONE', *, *, #871, .T. ) ;
#4183 = FACE_OUTER_BOUND ( 'NONE', #4489, .T. ) ;
#4184 = ORIENTED_EDGE ( 'NONE', *, *, #9325, .T. ) ;
#4185 = CARTESIAN_POINT ( 'NONE',  ( 6.500013481120348047, 65.61082406995190297, 9.594440034699692532 ) ) ;
#4186 = AXIS2_PLACEMENT_3D ( 'NONE', #1799, #7518, #6626 ) ;
#4187 = EDGE_CURVE ( 'NONE', #3229, #5408, #1224, .T. ) ;
#4188 = CARTESIAN_POINT ( 'NONE',  ( 3.700000000000000178, 59.13591604948001645, -8.270195406179569275 ) ) ;
#4189 = ORIENTED_EDGE ( 'NONE', *, *, #4157, .T. ) ;
#4190 = UNCERTAINTY_MEASURE_WITH_UNIT (LENGTH_MEASURE( 1.000000000000000082E-05 ), #3620, 'distance_accuracy_value', 'NONE');
#4191 = ORIENTED_EDGE ( 'NONE', *, *, #4508, .T. ) ;
#4192 = DIRECTION ( 'NONE',  ( 0.000000000000000000, 0.000000000000000000, -1.000000000000000000 ) ) ;
#4193 = AXIS2_PLACEMENT_3D ( 'NONE', #8726, #2950, #7126 ) ;
#4194 = ORIENTED_EDGE ( 'NONE', *, *, #2798, .F. ) ;
#4195 = CARTESIAN_POINT ( 'NONE',  ( 9.195000000000000284, 66.63591604948001645, 9.729804593820546188 ) ) ;
#4196 = ADVANCED_FACE ( 'NONE', ( #10166 ), #2116, .T. ) ;
#4197 = FACE_OUTER_BOUND ( 'NONE', #8959, .T. ) ;
#4198 = DIRECTION ( 'NONE',  ( 0.000000000000000000, 1.000000000000000000, 0.000000000000000000 ) ) ;
#4199 = ORIENTED_EDGE ( 'NONE', *, *, #8953, .F. ) ;
#4200 = FACE_BOUND ( 'NONE', #9363, .T. ) ;
#4201 = B_SPLINE_CURVE_WITH_KNOTS ( 'NONE', 3,
 ( #136, #9803, #1553, #5774, #4763, #2386, #5612, #814, #8852, #1605, #8054, #4024 ),
 .UNSPECIFIED., .F., .F.,
 ( 4, 2, 2, 2, 2, 4 ),
 ( 0.000000000000000000, 0.2499999999999990008, 0.4999999999999980016, 0.6249999999999998890, 0.7500000000000018874, 1.000000000000000000 ),
 .UNSPECIFIED. ) ;
#4202 = ORIENTED_EDGE ( 'NONE', *, *, #9908, .F. ) ;
#4203 = CARTESIAN_POINT ( 'NONE',  ( -6.675728040208349867, 39.73591604948001077, 17.81974619640174495 ) ) ;
#4204 = EDGE_CURVE ( 'NONE', #5408, #1552, #9195, .T. ) ;
#4205 = CARTESIAN_POINT ( 'NONE',  ( 0.000000000000000000, 37.23591604948001077, 9.729804593820427172 ) ) ;
#4206 = EDGE_CURVE ( 'NONE', #8594, #140, #548, .T. ) ;
#4207 = ORIENTED_EDGE ( 'NONE', *, *, #5930, .T. ) ;
#4208 = EDGE_LOOP ( 'NONE', ( #7592, #6861 ) ) ;
#4209 = DIRECTION ( 'NONE',  ( 0.000000000000000000, -1.000000000000000000, -0.000000000000000000 ) ) ;
#4210 = EDGE_CURVE ( 'NONE', #6711, #7219, #2751, .T. ) ;
#4211 = AXIS2_PLACEMENT_3D ( 'NONE', #7691, #5946, #2078 ) ;
#4212 = EDGE_LOOP ( 'NONE', ( #7631, #2683, #6520, #6681 ) ) ;
#4213 = CARTESIAN_POINT ( 'NONE',  ( 9.146980910150508848, 80.83389579592666507, 16.27925038940818681 ) ) ;
#4214 = VECTOR ( 'NONE', #7836, 1000.000000000000000 ) ;
#4215 = FACE_OUTER_BOUND ( 'NONE', #9314, .T. ) ;
#4216 = DIRECTION ( 'NONE',  ( -0.000000000000000000, 0.000000000000000000, 1.000000000000000000 ) ) ;
#4217 = DIRECTION ( 'NONE',  ( 0.000000000000000000, -1.000000000000000000, 0.000000000000000000 ) ) ;
#4218 = ADVANCED_FACE ( 'NONE', ( #7570 ), #341, .T. ) ;
#4219 = DIRECTION ( 'NONE',  ( 0.7071067811865495711, 0.000000000000000000, -0.7071067811865455743 ) ) ;
#4220 = CIRCLE ( 'NONE', #10137, 1.000000000000000888 ) ;
#4221 = AXIS2_PLACEMENT_3D ( 'NONE', #9841, #2428, #5712 ) ;
#4222 = EDGE_CURVE ( 'NONE', #7030, #1672, #5982, .T. ) ;
#4223 = EDGE_LOOP ( 'NONE', ( #6205, #3324, #10343, #6218 ) ) ;
#4224 = DIRECTION ( 'NONE',  ( 0.1129614320333122424, 0.000000000000000000, -0.9935993734262231758 ) ) ;
#4225 = VERTEX_POINT ( 'NONE', #4444 ) ;
#4226 = CONICAL_SURFACE ( 'NONE', #10145, 0.7999999999999986011, 1.029744258676657198 ) ;
#4227 = CARTESIAN_POINT ( 'NONE',  ( 10.44090513317692093, 36.84381467316708836, 10.72980459382052665 ) ) ;
#4228 = CARTESIAN_POINT ( 'NONE',  ( -9.410756703038524407, 67.58319216870721391, 10.53522312273104689 ) ) ;
#4229 = DIRECTION ( 'NONE',  ( 0.000000000000000000, 0.000000000000000000, 1.000000000000000000 ) ) ;
#4230 = DIRECTION ( 'NONE',  ( -0.000000000000000000, -0.000000000000000000, -1.000000000000000000 ) ) ;
#4231 = CARTESIAN_POINT ( 'NONE',  ( 1.555555555555555136, 38.53591604948001503, 6.594482136148771545 ) ) ;
#4232 = CIRCLE ( 'NONE', #1370, 1.024999999999999911 ) ;
#4233 = EDGE_CURVE ( 'NONE', #9408, #5255, #7671, .T. ) ;
#4234 = DIRECTION ( 'NONE',  ( 0.000000000000000000, -1.000000000000000000, 0.000000000000000000 ) ) ;
#4235 = EDGE_CURVE ( 'NONE', #1695, #3798, #9694, .T. ) ;
#4236 = AXIS2_PLACEMENT_3D ( 'NONE', #1718, #6536, #7115 ) ;
#4237 = CARTESIAN_POINT ( 'NONE',  ( -7.742349322191031114, 37.23591604948001077, 18.89801199620656647 ) ) ;
#4238 = ORIENTED_EDGE ( 'NONE', *, *, #3865, .T. ) ;
#4239 = CIRCLE ( 'NONE', #5585, 1.749999999999999778 ) ;
#4240 = PLANE ( 'NONE',  #5874 ) ;
#4241 = ORIENTED_EDGE ( 'NONE', *, *, #7785, .T. ) ;
#4242 = DIRECTION ( 'NONE',  ( 0.000000000000000000, 0.000000000000000000, 1.000000000000000000 ) ) ;
#4243 = CARTESIAN_POINT ( 'NONE',  ( 6.480562945060444058, 67.53089174626788349, 10.24761800029649805 ) ) ;
#4244 = VERTEX_POINT ( 'NONE', #5498 ) ;
#4245 = ORIENTED_EDGE ( 'NONE', *, *, #4154, .F. ) ;
#4246 = CIRCLE ( 'NONE', #8138, 14.00000000000000000 ) ;
#4247 = CARTESIAN_POINT ( 'NONE',  ( -7.838725536381969228, 38.53591604948001503, 0.4768654950651867175 ) ) ;
#4248 = VERTEX_POINT ( 'NONE', #8039 ) ;
#4249 = AXIS2_PLACEMENT_3D ( 'NONE', #5411, #7108, #6219 ) ;
#4250 = DIRECTION ( 'NONE',  ( -0.000000000000000000, 1.000000000000000000, 0.000000000000000000 ) ) ;
#4251 = VERTEX_POINT ( 'NONE', #4604 ) ;
#4252 = DIRECTION ( 'NONE',  ( 0.000000000000000000, 1.000000000000000000, 0.000000000000000000 ) ) ;
#4253 = CARTESIAN_POINT ( 'NONE',  ( 0.000000000000000000, 59.23591604948001077, 9.729804593820427172 ) ) ;
#4254 = DIRECTION ( 'NONE',  ( -0.04386249709000759889, 0.000000000000000000, -0.9990375775460245134 ) ) ;
#4255 = ORIENTED_EDGE ( 'NONE', *, *, #8739, .F. ) ;
#4256 = FACE_OUTER_BOUND ( 'NONE', #5637, .T. ) ;
#4257 = ORIENTED_EDGE ( 'NONE', *, *, #5307, .T. ) ;
#4258 = DIRECTION ( 'NONE',  ( 0.000000000000000000, 0.000000000000000000, 1.000000000000000000 ) ) ;
#4259 = DIRECTION ( 'NONE',  ( 0.7071067811865410224, 0.000000000000000000, 0.7071067811865540120 ) ) ;
#4260 = EDGE_CURVE ( 'NONE', #7040, #4135, #9027, .T. ) ;
#4261 = ORIENTED_EDGE ( 'NONE', *, *, #3435, .T. ) ;
#4262 = ORIENTED_EDGE ( 'NONE', *, *, #5629, .F. ) ;
#4263 = DIRECTION ( 'NONE',  ( 1.000000000000000000, 0.000000000000000000, 0.000000000000000000 ) ) ;
#4264 = EDGE_LOOP ( 'NONE', ( #6974, #6481, #4292, #7175, #2554, #3014, #6540 ) ) ;
#4265 = CARTESIAN_POINT ( 'NONE',  ( 0.000000000000000000, 39.23591604948001077, 9.729804593820427172 ) ) ;
#4266 = CARTESIAN_POINT ( 'NONE',  ( 0.000000000000000000, 39.73591604948001077, 9.729804593820427172 ) ) ;
#4267 = DIRECTION ( 'NONE',  ( 1.000000000000000000, -0.000000000000000000, 0.000000000000000000 ) ) ;
#4268 = CARTESIAN_POINT ( 'NONE',  ( 0.000000000000000000, 39.23591604948001077, 9.729804593820427172 ) ) ;
#4269 = CARTESIAN_POINT ( 'NONE',  ( 1.016439536705160407E-17, 56.53591604948001503, 9.729804593820425396 ) ) ;
#4270 = AXIS2_PLACEMENT_3D ( 'NONE', #5625, #774, #148 ) ;
#4271 = EDGE_CURVE ( 'NONE', #5462, #10450, #6252, .T. ) ;
#4272 = ORIENTED_EDGE ( 'NONE', *, *, #4095, .F. ) ;
#4273 = AXIS2_PLACEMENT_3D ( 'NONE', #6716, #5863, #483 ) ;
#4274 = CARTESIAN_POINT ( 'NONE',  ( -4.660649489949130420, 31.87054094663176329, 5.069155103871266554 ) ) ;
#4275 = ORIENTED_EDGE ( 'NONE', *, *, #4408, .F. ) ;
#4276 = EDGE_CURVE ( 'NONE', #206, #6703, #5463, .T. ) ;
#4277 = DIRECTION ( 'NONE',  ( -0.000000000000000000, -1.000000000000000000, -0.000000000000000000 ) ) ;
#4278 = FACE_OUTER_BOUND ( 'NONE', #299, .T. ) ;
#4279 = CARTESIAN_POINT ( 'NONE',  ( 8.089941602581388835, 38.53591604948001503, 16.40553263402877704 ) ) ;
#4280 = LINE ( 'NONE', #965, #2429 ) ;
#4281 = FACE_OUTER_BOUND ( 'NONE', #8382, .T. ) ;
#4282 = CIRCLE ( 'NONE', #2416, 2.000000000000000000 ) ;
#4283 = DIRECTION ( 'NONE',  ( 0.000000000000000000, 1.000000000000000000, 0.000000000000000000 ) ) ;
#4284 = ADVANCED_FACE ( 'NONE', ( #7139 ), #13, .F. ) ;
#4285 = CARTESIAN_POINT ( 'NONE',  ( 0.000000000000000000, 53.73541098609166511, 9.729804593820427172 ) ) ;
#4286 = ORIENTED_EDGE ( 'NONE', *, *, #862, .F. ) ;
#4287 = CIRCLE ( 'NONE', #8525, 0.2999999999999996003 ) ;
#4288 = CIRCLE ( 'NONE', #3616, 1.000000000000000000 ) ;
#4289 = EDGE_CURVE ( 'NONE', #2288, #8007, #4786, .T. ) ;
#4290 = ADVANCED_FACE ( 'NONE', ( #4753 ), #8790, .F. ) ;
#4291 = CARTESIAN_POINT ( 'NONE',  ( -12.04292086282116081, 37.23724115402390566, 8.729804593820317038 ) ) ;
#4292 = ORIENTED_EDGE ( 'NONE', *, *, #1193, .F. ) ;
#4293 = CARTESIAN_POINT ( 'NONE',  ( 7.838725536382001202, 39.73591604948001077, 18.98274369257560679 ) ) ;
#4294 = CARTESIAN_POINT ( 'NONE',  ( 2.449999999999999734, 59.14591604948001446, -4.470195406179568565 ) ) ;
#4295 = EDGE_LOOP ( 'NONE', ( #1129, #4455, #4341, #3609 ) ) ;
#4296 = ORIENTED_EDGE ( 'NONE', *, *, #4534, .T. ) ;
#4297 = VECTOR ( 'NONE', #6600, 1000.000000000000000 ) ;
#4298 = CARTESIAN_POINT ( 'NONE',  ( 0.000000000000000000, 62.93591604948001361, -4.270195406179573716 ) ) ;
#4299 = ORIENTED_EDGE ( 'NONE', *, *, #5321, .F. ) ;
#4300 = AXIS2_PLACEMENT_3D ( 'NONE', #2161, #3749, #5378 ) ;
#4301 = DIRECTION ( 'NONE',  ( 0.000000000000000000, 0.7071067811865450192, 0.7071067811865500152 ) ) ;
#4302 = ORIENTED_EDGE ( 'NONE', *, *, #9084, .T. ) ;
#4303 = AXIS2_PLACEMENT_3D ( 'NONE', #1030, #6841, #3447 ) ;
#4304 = CIRCLE ( 'NONE', #7015, 1.000000000000000888 ) ;
#4305 = FACE_OUTER_BOUND ( 'NONE', #372, .T. ) ;
#4306 = CARTESIAN_POINT ( 'NONE',  ( -7.131618755195399117, 39.73591604948001077, -0.2302412861213531392 ) ) ;
#4307 = DIRECTION ( 'NONE',  ( 0.000000000000000000, -1.000000000000000000, 0.000000000000000000 ) ) ;
#4308 = FACE_OUTER_BOUND ( 'NONE', #5776, .T. ) ;
#4309 = ORIENTED_EDGE ( 'NONE', *, *, #7650, .F. ) ;
#4310 = CARTESIAN_POINT ( 'NONE',  ( -0.7440266387730304354, 65.63305433760815788, 19.14567889951785418 ) ) ;
#4311 = EDGE_LOOP ( 'NONE', ( #7656, #9783, #9026, #2142 ) ) ;
#4312 = DIRECTION ( 'NONE',  ( -4.731064025391290857E-15, 0.000000000000000000, -1.000000000000000000 ) ) ;
#4313 = CARTESIAN_POINT ( 'NONE',  ( 9.252939098755149416, 39.73591604948001077, 1.891079057438396438 ) ) ;
#4314 = AXIS2_PLACEMENT_3D ( 'NONE', #5016, #2581, #2686 ) ;
#4315 = ORIENTED_EDGE ( 'NONE', *, *, #6747, .T. ) ;
#4316 = ORIENTED_EDGE ( 'NONE', *, *, #7102, .F. ) ;
#4317 = CARTESIAN_POINT ( 'NONE',  ( -6.499999897834149998, 41.23591604948001788, 9.730957050364331451 ) ) ;
#4318 = VERTEX_POINT ( 'NONE', #1390 ) ;
#4319 = CARTESIAN_POINT ( 'NONE',  ( -1.000000000000000000, 39.23591604948001077, -4.234435449948514396 ) ) ;
#4320 = CARTESIAN_POINT ( 'NONE',  ( 0.000000000000000000, 56.83591604948001930, 9.729804593820427172 ) ) ;
#4321 = CIRCLE ( 'NONE', #8552, 14.00000000000000000 ) ;
#4322 = EDGE_CURVE ( 'NONE', #7676, #6910, #249, .T. ) ;
#4323 = LINE ( 'NONE', #8404, #16 ) ;
#4324 = DIRECTION ( 'NONE',  ( 1.000000000000000000, 0.000000000000000000, 0.000000000000000000 ) ) ;
#4325 = DIRECTION ( 'NONE',  ( 0.000000000000000000, 0.000000000000000000, 1.000000000000000000 ) ) ;
#4326 = CIRCLE ( 'NONE', #4661, 1.499999999999999556 ) ;
#4327 = VERTEX_POINT ( 'NONE', #7984 ) ;
#4328 = EDGE_CURVE ( 'NONE', #3687, #4612, #3437, .T. ) ;
#4329 = DIRECTION ( 'NONE',  ( 0.000000000000000000, 1.000000000000000000, 0.000000000000000000 ) ) ;
#4330 = ORIENTED_EDGE ( 'NONE', *, *, #3799, .T. ) ;
#4331 = AXIS2_PLACEMENT_3D ( 'NONE', #1014, #5917, #7298 ) ;
#4332 = CYLINDRICAL_SURFACE ( 'NONE', #2099, 3.499999999999999556 ) ;
#4333 = CYLINDRICAL_SURFACE ( 'NONE', #10011, 11.25000000000000000 ) ;
#4334 = DIRECTION ( 'NONE',  ( -1.000000000000000000, 0.000000000000000000, -0.000000000000000000 ) ) ;
#4335 = EDGE_CURVE ( 'NONE', #5683, #3821, #3119, .T. ) ;
#4336 = LINE ( 'NONE', #1269, #152 ) ;
#4337 = FACE_OUTER_BOUND ( 'NONE', #4980, .T. ) ;
#4338 = CARTESIAN_POINT ( 'NONE',  ( 9.368633929408799688, 66.63591604948001645, 10.92843852322935305 ) ) ;
#4339 = FACE_OUTER_BOUND ( 'NONE', #397, .T. ) ;
#4340 = EDGE_CURVE ( 'NONE', #728, #4170, #4113, .T. ) ;
#4341 = ORIENTED_EDGE ( 'NONE', *, *, #4154, .T. ) ;
#4342 = DIRECTION ( 'NONE',  ( 1.000000000000000000, 0.000000000000000000, 0.000000000000000000 ) ) ;
#4343 = DIRECTION ( 'NONE',  ( 0.000000000000000000, 0.000000000000000000, 1.000000000000000000 ) ) ;
#4344 = FACE_OUTER_BOUND ( 'NONE', #8607, .T. ) ;
#4345 = ADVANCED_FACE ( 'NONE', ( #10268 ), #5546, .T. ) ;
#4346 = CARTESIAN_POINT ( 'NONE',  ( -3.953542708762605162, 31.87054094663176329, 13.68334730258301235 ) ) ;
#4347 = ORIENTED_EDGE ( 'NONE', *, *, #7075, .T. ) ;
#4348 = EDGE_LOOP ( 'NONE', ( #3841, #5169, #120, #5422, #4181, #5466, #2820 ) ) ;
#4349 = DIRECTION ( 'NONE',  ( 0.000000000000000000, 0.000000000000000000, -1.000000000000000000 ) ) ;
#4350 = ADVANCED_FACE ( 'NONE', ( #3167 ), #1437, .F. ) ;
#4351 = EDGE_LOOP ( 'NONE', ( #3036, #3078, #7425, #2129 ) ) ;
#4352 = EDGE_CURVE ( 'NONE', #2137, #3069, #1914, .T. ) ;
#4353 = VECTOR ( 'NONE', #9517, 1000.000000000000000 ) ;
#4354 = DIRECTION ( 'NONE',  ( 0.000000000000000000, -1.000000000000000000, 0.000000000000000000 ) ) ;
#4355 = ORIENTED_EDGE ( 'NONE', *, *, #1177, .T. ) ;
#4356 = CARTESIAN_POINT ( 'NONE',  ( 13.96424004376894068, 39.73591604948001077, 8.729804593820475134 ) ) ;
#4357 = CYLINDRICAL_SURFACE ( 'NONE', #113, 1.000000000000000888 ) ;
#4358 = ORIENTED_EDGE ( 'NONE', *, *, #3178, .T. ) ;
#4359 = CARTESIAN_POINT ( 'NONE',  ( -5.897910580903079847, 38.53591604948001503, 18.59756365570700609 ) ) ;
#4360 = VERTEX_POINT ( 'NONE', #5446 ) ;
#4361 = VECTOR ( 'NONE', #10306, 1000.000000000000000 ) ;
#4362 = CARTESIAN_POINT ( 'NONE',  ( 0.000000000000000000, 62.93591604948001361, 9.729804593820427172 ) ) ;
#4363 = DIRECTION ( 'NONE',  ( -0.9935993734262231758, 0.000000000000000000, -0.1129614320333122424 ) ) ;
#4364 = CIRCLE ( 'NONE', #2500, 2.750000000000000888 ) ;
#4365 = VERTEX_POINT ( 'NONE', #3860 ) ;
#4366 = EDGE_LOOP ( 'NONE', ( #3298, #5189, #9602, #1515 ) ) ;
#4367 = CARTESIAN_POINT ( 'NONE',  ( 0.9987909401652768082, 66.36870575794428362, 3.306786020807033211 ) ) ;
#4368 = VERTEX_POINT ( 'NONE', #3016 ) ;
#4369 = CARTESIAN_POINT ( 'NONE',  ( -0.9999999999999997780, 37.25597432290889799, -2.608694494101393868 ) ) ;
#4370 = DIRECTION ( 'NONE',  ( 1.000000000000000000, 0.000000000000000000, 5.727727414766659835E-15 ) ) ;
#4371 = CARTESIAN_POINT ( 'NONE',  ( 0.000000000000000000, 63.13591604948001645, 16.22980459382042895 ) ) ;
#4372 = ORIENTED_EDGE ( 'NONE', *, *, #39, .F. ) ;
#4373 = DIRECTION ( 'NONE',  ( 0.000000000000000000, 0.000000000000000000, -1.000000000000000000 ) ) ;
#4374 = CARTESIAN_POINT ( 'NONE',  ( 1.000000000000000666, 37.32017160743957618, 22.31677148549590228 ) ) ;
#4375 = ORIENTED_EDGE ( 'NONE', *, *, #9131, .F. ) ;
#4376 = EDGE_CURVE ( 'NONE', #10197, #584, #4657, .T. ) ;
#4377 = AXIS2_PLACEMENT_3D ( 'NONE', #792, #3999, #7233 ) ;
#4378 = CARTESIAN_POINT ( 'NONE',  ( 0.000000000000000000, 59.13591604948001645, 13.72980459382042717 ) ) ;
#4379 = EDGE_LOOP ( 'NONE', ( #8801, #6023, #5870, #2340 ) ) ;
#4380 = DIRECTION ( 'NONE',  ( -0.000000000000000000, -1.000000000000000000, -0.000000000000000000 ) ) ;
#4381 = LINE ( 'NONE', #1999, #9850 ) ;
#4382 = CARTESIAN_POINT ( 'NONE',  ( 9.368642424543583758, 66.80021798699162616, 10.92837212446817574 ) ) ;
#4383 = LINE ( 'NONE', #6079, #8937 ) ;
#4384 = FACE_OUTER_BOUND ( 'NONE', #629, .T. ) ;
#4385 = CARTESIAN_POINT ( 'NONE',  ( 9.439944743014496709, 65.40374732100849542, 10.04860641751303874 ) ) ;
#4386 = VECTOR ( 'NONE', #7272, 1000.000000000000000 ) ;
#4387 = AXIS2_PLACEMENT_3D ( 'NONE', #1723, #6640, #9922 ) ;
#4388 = CARTESIAN_POINT ( 'NONE',  ( -7.808524226207319785, 37.23724115402391988, 18.95254238240070777 ) ) ;
#4389 = EDGE_LOOP ( 'NONE', ( #6458, #1958, #7093, #6371 ) ) ;
#4390 = ADVANCED_FACE ( 'NONE', ( #2275 ), #2529, .F. ) ;
#4391 = AXIS2_PLACEMENT_3D ( 'NONE', #7877, #1581, #7082 ) ;
#4392 = LINE ( 'NONE', #3598, #9368 ) ;
#4393 = DIRECTION ( 'NONE',  ( 1.000000000000000000, 0.000000000000000000, 1.723387009752805082E-14 ) ) ;
#4394 = CIRCLE ( 'NONE', #9136, 4.000000000000000000 ) ;
#4395 = CARTESIAN_POINT ( 'NONE',  ( 0.000000000000000000, 65.61091604948001077, 16.22980459382042895 ) ) ;
#4396 = CARTESIAN_POINT ( 'NONE',  ( 0.000000000000000000, 59.13591604948001645, 6.229804593820427172 ) ) ;
#4397 = ORIENTED_EDGE ( 'NONE', *, *, #1291, .T. ) ;
#4398 = VECTOR ( 'NONE', #8447, 1000.000000000000000 ) ;
#4399 = ORIENTED_EDGE ( 'NONE', *, *, #4423, .T. ) ;
#4400 = LINE ( 'NONE', #8482, #2606 ) ;
#4401 = CIRCLE ( 'NONE', #5417, 1.000000000000000888 ) ;
#4402 = CIRCLE ( 'NONE', #9485, 14.00000000000000000 ) ;
#4403 = ORIENTED_EDGE ( 'NONE', *, *, #4049, .T. ) ;
#4404 = EDGE_CURVE ( 'NONE', #8133, #7196, #8691, .T. ) ;
#4405 = ORIENTED_EDGE ( 'NONE', *, *, #6304, .F. ) ;
#4406 = CYLINDRICAL_SURFACE ( 'NONE', #8802, 1.000000000000000000 ) ;
#4407 = CYLINDRICAL_SURFACE ( 'NONE', #9520, 1.024999999999999911 ) ;
#4408 = EDGE_CURVE ( 'NONE', #6000, #8302, #2929, .T. ) ;
#4409 = CARTESIAN_POINT ( 'NONE',  ( 4.608304801002010009, 39.73591604948001077, 10.72980459382042540 ) ) ;
#4410 = VECTOR ( 'NONE', #6869, 1000.000000000000114 ) ;
#4411 = DIRECTION ( 'NONE',  ( -0.1129614320333118260, 0.000000000000000000, 0.9935993734262231758 ) ) ;
#4412 = ORIENTED_EDGE ( 'NONE', *, *, #4847, .F. ) ;
#4413 = FACE_OUTER_BOUND ( 'NONE', #8066, .T. ) ;
#4414 = ORIENTED_EDGE ( 'NONE', *, *, #2219, .F. ) ;
#4415 = EDGE_CURVE ( 'NONE', #9657, #4318, #9786, .T. ) ;
#4416 = FACE_BOUND ( 'NONE', #8491, .T. ) ;
#4417 = CARTESIAN_POINT ( 'NONE',  ( -0.2482845362398255207, 63.83591604948001219, 7.487405256266078446 ) ) ;
#4418 = EDGE_CURVE ( 'NONE', #2480, #5673, #1739, .T. ) ;
#4419 = VECTOR ( 'NONE', #6058, 1000.000000000000000 ) ;
#4420 = ORIENTED_EDGE ( 'NONE', *, *, #408, .F. ) ;
#4421 = ORIENTED_EDGE ( 'NONE', *, *, #21, .F. ) ;
#4422 = CARTESIAN_POINT ( 'NONE',  ( 0.7340186939830664059, 63.83591604948001219, 7.699726625642012934 ) ) ;
#4423 = EDGE_CURVE ( 'NONE', #9251, #7438, #1420, .T. ) ;
#4424 = ORIENTED_EDGE ( 'NONE', *, *, #6789, .F. ) ;
#4425 = DIRECTION ( 'NONE',  ( -0.000000000000000000, -1.000000000000000000, -0.000000000000000000 ) ) ;
#4426 = CARTESIAN_POINT ( 'NONE',  ( 1.198567906555342955, 66.47160330757756697, 0.3611622173708955996 ) ) ;
#4427 = DIRECTION ( 'NONE',  ( -1.000000000000000000, -0.000000000000000000, -0.000000000000000000 ) ) ;
#4428 = ORIENTED_EDGE ( 'NONE', *, *, #6423, .T. ) ;
#4429 = CARTESIAN_POINT ( 'NONE',  ( 6.549445795587670816, 37.23591604948001077, 18.87678550397100352 ) ) ;
#4430 = CARTESIAN_POINT ( 'NONE',  ( -0.9999999999999991118, 37.53403809989917761, 22.77236232322234244 ) ) ;
#4431 = VERTEX_POINT ( 'NONE', #4853 ) ;
#4432 = CARTESIAN_POINT ( 'NONE',  ( 8.867759061886641092, 38.53591604948001503, 3.831894012917426373 ) ) ;
#4433 = ORIENTED_EDGE ( 'NONE', *, *, #8079, .F. ) ;
#4434 = DIRECTION ( 'NONE',  ( 0.000000000000000000, 0.000000000000000000, -1.000000000000000000 ) ) ;
#4435 = DIRECTION ( 'NONE',  ( 0.000000000000000000, 1.000000000000000000, 0.000000000000000000 ) ) ;
#4436 = DIRECTION ( 'NONE',  ( 0.000000000000000000, -1.000000000000000000, 0.000000000000000000 ) ) ;
#4437 = CARTESIAN_POINT ( 'NONE',  ( 0.000000000000000000, 59.23591604948001788, 9.729804593820427172 ) ) ;
#4438 = CARTESIAN_POINT ( 'NONE',  ( 9.146980910150508848, 37.23591604948001077, 16.27925038940818681 ) ) ;
#4439 = FACE_OUTER_BOUND ( 'NONE', #3992, .T. ) ;
#4440 = AXIS2_PLACEMENT_3D ( 'NONE', #3378, #6613, #8948 ) ;
#4441 = ORIENTED_EDGE ( 'NONE', *, *, #6607, .F. ) ;
#4442 = CIRCLE ( 'NONE', #79, 1.000000000000000888 ) ;
#4443 = DIRECTION ( 'NONE',  ( -0.000000000000000000, 1.000000000000000000, -0.000000000000000000 ) ) ;
#4444 = CARTESIAN_POINT ( 'NONE',  ( 0.000000000000000000, 39.23591604948001077, -4.270195406179573716 ) ) ;
#4445 = CARTESIAN_POINT ( 'NONE',  ( -9.252939098755209812, 39.73591604948001077, 17.56853013020240795 ) ) ;
#4446 = CARTESIAN_POINT ( 'NONE',  ( 6.480528600281332707, 67.53063217746719715, 9.211567992106417080 ) ) ;
#4447 = ORIENTED_EDGE ( 'NONE', *, *, #9700, .F. ) ;
#4448 = EDGE_CURVE ( 'NONE', #4524, #1837, #4282, .T. ) ;
#4449 = ORIENTED_EDGE ( 'NONE', *, *, #3368, .T. ) ;
#4450 = VECTOR ( 'NONE', #1349, 1000.000000000000000 ) ;
#4451 = CARTESIAN_POINT ( 'NONE',  ( -2.000000000000000000, 38.53591604948001503, -2.355827371451393315 ) ) ;
#4452 = AXIS2_PLACEMENT_3D ( 'NONE', #3699, #2849, #2269 ) ;
#4453 = AXIS2_PLACEMENT_3D ( 'NONE', #7088, #7238, #10419 ) ;
#4454 = VERTEX_POINT ( 'NONE', #8254 ) ;
#4455 = ORIENTED_EDGE ( 'NONE', *, *, #3250, .F. ) ;
#4456 = CARTESIAN_POINT ( 'NONE',  ( 0.000000000000000000, 74.83591604948000509, 9.729804593820427172 ) ) ;
#4457 = FACE_OUTER_BOUND ( 'NONE', #5242, .T. ) ;
#4458 = DIRECTION ( 'NONE',  ( 0.000000000000000000, -1.000000000000000000, 0.000000000000000000 ) ) ;
#4459 = CARTESIAN_POINT ( 'NONE',  ( 1.000000000000000000, 39.23591604948001077, -4.234435449948514396 ) ) ;
#4460 = ORIENTED_EDGE ( 'NONE', *, *, #6100, .T. ) ;
#4461 = AXIS2_PLACEMENT_3D ( 'NONE', #2410, #111, #3313 ) ;
#4462 = EDGE_CURVE ( 'NONE', #3073, #4815, #9103, .T. ) ;
#4463 = CARTESIAN_POINT ( 'NONE',  ( -0.5447201961159910955, 65.49732773447125567, 19.15937399810942665 ) ) ;
#4464 = ORIENTED_EDGE ( 'NONE', *, *, #6036, .F. ) ;
#4465 = LINE ( 'NONE', #2668, #4074 ) ;
#4466 = CYLINDRICAL_SURFACE ( 'NONE', #9870, 0.8000000000000003775 ) ;
#4467 = EDGE_CURVE ( 'NONE', #9412, #2102, #7451, .T. ) ;
#4468 = CIRCLE ( 'NONE', #4637, 12.90000000000000036 ) ;
#4469 = ORIENTED_EDGE ( 'NONE', *, *, #4086, .T. ) ;
#4470 = ORIENTED_EDGE ( 'NONE', *, *, #4276, .F. ) ;
#4471 = DIRECTION ( 'NONE',  ( 0.000000000000000000, 1.000000000000000000, 0.000000000000000000 ) ) ;
#4472 = VERTEX_POINT ( 'NONE', #6564 ) ;
#4473 = CARTESIAN_POINT ( 'NONE',  ( -1.000000000000000000, 37.77423283245857988, -3.603766731355733999 ) ) ;
#4474 = VERTEX_POINT ( 'NONE', #4064 ) ;
#4475 = ADVANCED_FACE ( 'NONE', ( #5756 ), #6453, .F. ) ;
#4476 = CARTESIAN_POINT ( 'NONE',  ( 7.654042494670959579E-16, 61.63591604948001645, 3.479804593820426284 ) ) ;
#4477 = EDGE_LOOP ( 'NONE', ( #7974, #2776, #4309, #4104 ) ) ;
#4478 = CARTESIAN_POINT ( 'NONE',  ( -1.449999999999999067, 59.13591604948001645, -7.770195406179568387 ) ) ;
#4479 = AXIS2_PLACEMENT_3D ( 'NONE', #9796, #3175, #2382 ) ;
#4480 = CIRCLE ( 'NONE', #6683, 1.600000000000000755 ) ;
#4481 = CYLINDRICAL_SURFACE ( 'NONE', #5246, 1.000000000000000000 ) ;
#4482 = EDGE_CURVE ( 'NONE', #999, #6330, #5608, .T. ) ;
#4483 = ADVANCED_FACE ( 'NONE', ( #8089 ), #9682, .F. ) ;
#4484 = ORIENTED_EDGE ( 'NONE', *, *, #9018, .F. ) ;
#4485 = AXIS2_PLACEMENT_3D ( 'NONE', #7215, #9025, #9813 ) ;
#4486 = CARTESIAN_POINT ( 'NONE',  ( -0.2436918121557152261, 63.43591604948001361, 8.332265935790436728 ) ) ;
#4487 = ADVANCED_FACE ( 'NONE', ( #9739 ), #5289, .F. ) ;
#4488 = CYLINDRICAL_SURFACE ( 'NONE', #4700, 1.000000000000000888 ) ;
#4489 = EDGE_LOOP ( 'NONE', ( #8756, #7498, #7250, #9977 ) ) ;
#4490 = CARTESIAN_POINT ( 'NONE',  ( -1.000000000000000000, 50.29182918005297154, -0.7111005393564736599 ) ) ;
#4491 = DIRECTION ( 'NONE',  ( -0.000000000000000000, -0.000000000000000000, 1.000000000000000000 ) ) ;
#4492 = LINE ( 'NONE', #10212, #7684 ) ;
#4493 = FACE_OUTER_BOUND ( 'NONE', #5290, .T. ) ;
#4494 = DIRECTION ( 'NONE',  ( -0.000000000000000000, 1.000000000000000000, -0.000000000000000000 ) ) ;
#4495 = DIRECTION ( 'NONE',  ( 0.000000000000000000, 1.000000000000000000, 1.081498426419455997E-17 ) ) ;
#4496 = VECTOR ( 'NONE', #7092, 1000.000000000000000 ) ;
#4497 = DIRECTION ( 'NONE',  ( 0.000000000000000000, 1.000000000000000000, 0.000000000000000000 ) ) ;
#4498 = ORIENTED_EDGE ( 'NONE', *, *, #7855, .F. ) ;
#4499 = CARTESIAN_POINT ( 'NONE',  ( -0.2229493721031009512, 63.43591604948001361, 8.149817155984505845 ) ) ;
#4500 = CARTESIAN_POINT ( 'NONE',  ( 0.000000000000000000, 63.33591604948001219, 11.22980459382042717 ) ) ;
#4501 = CARTESIAN_POINT ( 'NONE',  ( 3.953542708762589619, 38.53591604948001503, 13.68334730258302656 ) ) ;
#4502 = DIRECTION ( 'NONE',  ( 0.000000000000000000, 1.000000000000000000, 0.000000000000000000 ) ) ;
#4503 = ORIENTED_EDGE ( 'NONE', *, *, #1557, .T. ) ;
#4504 = CARTESIAN_POINT ( 'NONE',  ( -6.470176526640107895, 65.81559664305591184, 9.100421537984439979 ) ) ;
#4505 = EDGE_LOOP ( 'NONE', ( #2892, #5947, #5098, #3975, #8220, #6465 ) ) ;
#4506 = DIRECTION ( 'NONE',  ( -0.000000000000000000, -0.000000000000000000, 1.000000000000000000 ) ) ;
#4507 = ORIENTED_EDGE ( 'NONE', *, *, #2719, .T. ) ;
#4508 = EDGE_CURVE ( 'NONE', #3812, #4106, #9865, .T. ) ;
#4509 = ORIENTED_EDGE ( 'NONE', *, *, #3316, .F. ) ;
#4510 = FACE_OUTER_BOUND ( 'NONE', #5351, .T. ) ;
#4511 = CARTESIAN_POINT ( 'NONE',  ( -9.410663185441682899, 67.58213801429984358, 8.923312737498193314 ) ) ;
#4512 = FACE_BOUND ( 'NONE', #4208, .T. ) ;
#4513 = CARTESIAN_POINT ( 'NONE',  ( -1.140954691586725023, 66.23906726459561867, 0.3539245295836602190 ) ) ;
#4514 = ORIENTED_EDGE ( 'NONE', *, *, #9073, .T. ) ;
#4515 = CARTESIAN_POINT ( 'NONE',  ( 0.000000000000000000, 37.23591604948001077, 9.729804593820427172 ) ) ;
#4516 = ORIENTED_EDGE ( 'NONE', *, *, #10156, .F. ) ;
#4517 = FACE_OUTER_BOUND ( 'NONE', #1398, .T. ) ;
#4518 = AXIS2_PLACEMENT_3D ( 'NONE', #1674, #4354, #6439 ) ;
#4519 = EDGE_LOOP ( 'NONE', ( #8920, #5109, #281, #8504, #670 ) ) ;
#4520 = EDGE_CURVE ( 'NONE', #7501, #3624, #4959, .T. ) ;
#4521 = ORIENTED_EDGE ( 'NONE', *, *, #1771, .F. ) ;
#4522 = AXIS2_PLACEMENT_3D ( 'NONE', #4320, #2782, #9255 ) ;
#4523 = CARTESIAN_POINT ( 'NONE',  ( 0.000000000000000000, 59.33591604948000509, 9.729804593820427172 ) ) ;
#4524 = VERTEX_POINT ( 'NONE', #4172 ) ;
#4525 = CARTESIAN_POINT ( 'NONE',  ( -1.723387009752960015E-14, 39.73591604948001077, 10.72980459382052132 ) ) ;
#4526 = ORIENTED_EDGE ( 'NONE', *, *, #675, .T. ) ;
#4527 = CIRCLE ( 'NONE', #5028, 1.000000000000000000 ) ;
#4528 = ADVANCED_FACE ( 'NONE', ( #7400 ), #6075, .F. ) ;
#4529 = CARTESIAN_POINT ( 'NONE',  ( 1.016439536705160407E-17, 56.83591604948001930, 9.729804593820425396 ) ) ;
#4530 = ORIENTED_EDGE ( 'NONE', *, *, #3118, .T. ) ;
#4531 = CARTESIAN_POINT ( 'NONE',  ( -0.5193919933285836565, 65.74180227358759510, 16.21024788737933875 ) ) ;
#4532 = DIRECTION ( 'NONE',  ( 0.000000000000000000, 0.000000000000000000, -1.000000000000000000 ) ) ;
#4533 = ORIENTED_EDGE ( 'NONE', *, *, #2391, .T. ) ;
#4534 = EDGE_CURVE ( 'NONE', #9488, #8736, #1212, .T. ) ;
#4535 = DIRECTION ( 'NONE',  ( 0.000000000000000000, -1.000000000000000000, 0.000000000000000000 ) ) ;
#4536 = CARTESIAN_POINT ( 'NONE',  ( 0.9999999999999241718, 37.23994810002849221, 21.81543655909224455 ) ) ;
#4537 = ORIENTED_EDGE ( 'NONE', *, *, #2666, .F. ) ;
#4538 = CARTESIAN_POINT ( 'NONE',  ( 0.000000000000000000, 63.03591604948001503, 9.729804593820427172 ) ) ;
#4539 = CARTESIAN_POINT ( 'NONE',  ( 7.960204202785249823E-16, 65.61091604948001077, 3.229804593820427172 ) ) ;
#4540 = CYLINDRICAL_SURFACE ( 'NONE', #10399, 0.2999999999999995448 ) ;
#4541 = EDGE_CURVE ( 'NONE', #9194, #4895, #5628, .T. ) ;
#4542 = CARTESIAN_POINT ( 'NONE',  ( -10.44090513317689961, 38.53591604948001503, 11.82980459382042682 ) ) ;
#4543 = FACE_OUTER_BOUND ( 'NONE', #4379, .T. ) ;
#4544 = PLANE ( 'NONE',  #8631 ) ;
#4545 = EDGE_CURVE ( 'NONE', #2102, #5781, #3779, .T. ) ;
#4546 = DIRECTION ( 'NONE',  ( 0.000000000000000000, 0.000000000000000000, -1.000000000000000000 ) ) ;
#4547 = VERTEX_POINT ( 'NONE', #1998 ) ;
#4548 = EDGE_CURVE ( 'NONE', #2574, #8736, #3111, .T. ) ;
#4549 = DIRECTION ( 'NONE',  ( -0.000000000000000000, 1.000000000000000000, -0.000000000000000000 ) ) ;
#4550 = CARTESIAN_POINT ( 'NONE',  ( 2.449999999999999734, 59.13591604948001645, -7.770195406179568387 ) ) ;
#4551 = DIRECTION ( 'NONE',  ( 0.000000000000000000, -1.000000000000000000, 0.000000000000000000 ) ) ;
#4552 = EDGE_CURVE ( 'NONE', #8153, #4943, #5268, .T. ) ;
#4553 = CIRCLE ( 'NONE', #4884, 1.749999999999999778 ) ;
#4554 = CARTESIAN_POINT ( 'NONE',  ( -1.836734693877620117, 80.83389579592666507, 20.82885435784554673 ) ) ;
#4555 = EDGE_LOOP ( 'NONE', ( #5899, #8289, #967, #3725 ) ) ;
#4556 = AXIS2_PLACEMENT_3D ( 'NONE', #6069, #9309, #5263 ) ;
#4557 = CARTESIAN_POINT ( 'NONE',  ( 0.000000000000000000, 61.63591604948001645, 9.729804593820427172 ) ) ;
#4558 = VERTEX_POINT ( 'NONE', #9367 ) ;
#4559 = DIRECTION ( 'NONE',  ( -0.7071067811865450192, 8.659560562354929160E-17, -0.7071067811865500152 ) ) ;
#4560 = ORIENTED_EDGE ( 'NONE', *, *, #4841, .F. ) ;
#4561 = AXIS2_PLACEMENT_3D ( 'NONE', #9307, #422, #8563 ) ;
#4562 = VECTOR ( 'NONE', #594, 1000.000000000000000 ) ;
#4563 = ORIENTED_EDGE ( 'NONE', *, *, #10279, .T. ) ;
#4564 = CARTESIAN_POINT ( 'NONE',  ( -1.000000000000101918, 39.23591604948001077, 23.69404463758936785 ) ) ;
#4565 = DIRECTION ( 'NONE',  ( 0.000000000000000000, 1.000000000000000000, 0.000000000000000000 ) ) ;
#4566 = LINE ( 'NONE', #7153, #6688 ) ;
#4567 = ORIENTED_EDGE ( 'NONE', *, *, #9527, .F. ) ;
#4568 = CARTESIAN_POINT ( 'NONE',  ( 12.08563196527180139, 37.23591604948001077, 11.72980459382046625 ) ) ;
#4569 = ORIENTED_EDGE ( 'NONE', *, *, #9217, .T. ) ;
#4570 = VECTOR ( 'NONE', #5212, 1000.000000000000114 ) ;
#4571 = EDGE_CURVE ( 'NONE', #6840, #8612, #10216, .T. ) ;
#4572 = LINE ( 'NONE', #1559, #1887 ) ;
#4573 = PERSON_AND_ORGANIZATION ( #1306, #8001 ) ;
#4574 = VECTOR ( 'NONE', #2658, 1000.000000000000000 ) ;
#4575 = EDGE_LOOP ( 'NONE', ( #2542, #6962, #1625, #423 ) ) ;
#4576 = CIRCLE ( 'NONE', #37, 12.00000000000000000 ) ;
#4577 = VERTEX_POINT ( 'NONE', #1265 ) ;
#4578 = CARTESIAN_POINT ( 'NONE',  ( -0.03388842960999357418, 63.83591604948001219, 10.02788440584829388 ) ) ;
#4579 = CARTESIAN_POINT ( 'NONE',  ( -1.449999999999999512, 59.14591604948001446, -4.470195406179568565 ) ) ;
#4580 = ORIENTED_EDGE ( 'NONE', *, *, #684, .F. ) ;
#4581 = CARTESIAN_POINT ( 'NONE',  ( -0.5999999999999999778, 57.53491604948001736, -7.270195406179567499 ) ) ;
#4582 = VERTEX_POINT ( 'NONE', #482 ) ;
#4583 = CARTESIAN_POINT ( 'NONE',  ( 4.031128874149270125, 53.73541098609166511, 7.729804593820426284 ) ) ;
#4584 = ORIENTED_EDGE ( 'NONE', *, *, #8298, .F. ) ;
#4585 = CYLINDRICAL_SURFACE ( 'NONE', #7781, 1.499999999999999556 ) ;
#4586 = ADVANCED_FACE ( 'NONE', ( #3644 ), #5811, .F. ) ;
#4587 = DIRECTION ( 'NONE',  ( 0.000000000000000000, 0.000000000000000000, 1.000000000000000000 ) ) ;
#4588 = AXIS2_PLACEMENT_3D ( 'NONE', #2722, #8443, #8336 ) ;
#4589 = ORIENTED_EDGE ( 'NONE', *, *, #297, .T. ) ;
#4590 = CARTESIAN_POINT ( 'NONE',  ( 1.734285328746095018E-15, 67.91091604948002214, 19.17480459382042568 ) ) ;
#4591 = VERTEX_POINT ( 'NONE', #9158 ) ;
#4592 = ORIENTED_EDGE ( 'NONE', *, *, #545, .F. ) ;
#4593 = DIRECTION ( 'NONE',  ( -0.7071067811865420216, 0.000000000000000000, -0.7071067811865531239 ) ) ;
#4594 = VECTOR ( 'NONE', #9501, 1000.000000000000000 ) ;
#4595 = CARTESIAN_POINT ( 'NONE',  ( 11.70736947396810024, 40.23591604948001077, 8.729804593820469805 ) ) ;
#4596 = LINE ( 'NONE', #641, #651 ) ;
#4597 = DIRECTION ( 'NONE',  ( 1.000000000000000000, 0.000000000000000000, 0.000000000000000000 ) ) ;
#4598 = EDGE_CURVE ( 'NONE', #7006, #9883, #3446, .T. ) ;
#4599 = DIRECTION ( 'NONE',  ( 0.000000000000000000, 0.000000000000000000, 1.000000000000000000 ) ) ;
#4600 = DIRECTION ( 'NONE',  ( 1.000000000000000000, 0.000000000000000000, -0.000000000000000000 ) ) ;
#4601 = ORIENTED_EDGE ( 'NONE', *, *, #5961, .T. ) ;
#4602 = EDGE_CURVE ( 'NONE', #3356, #1912, #2423, .T. ) ;
#4603 = CARTESIAN_POINT ( 'NONE',  ( 1.274999999999975930, 66.63591604948001645, 19.17480459382042568 ) ) ;
#4604 = CARTESIAN_POINT ( 'NONE',  ( 0.1694421480499677390, 63.13591604948001645, 8.239405533681090077 ) ) ;
#4605 = CARTESIAN_POINT ( 'NONE',  ( 1.500000000000000444, 59.13591604948001645, -4.470195406179568565 ) ) ;
#4606 = LINE ( 'NONE', #7889, #2802 ) ;
#4607 = ORIENTED_EDGE ( 'NONE', *, *, #655, .T. ) ;
#4608 = EDGE_CURVE ( 'NONE', #4368, #2611, #7766, .T. ) ;
#4609 = CARTESIAN_POINT ( 'NONE',  ( 0.7071067811865869857, 39.73591604948001077, 9.022697812633852621 ) ) ;
#4610 = CARTESIAN_POINT ( 'NONE',  ( 0.000000000000000000, 44.75113973862977446, 16.22980459382042895 ) ) ;
#4611 = CIRCLE ( 'NONE', #69, 1.000000000000000888 ) ;
#4612 = VERTEX_POINT ( 'NONE', #5969 ) ;
#4613 = EDGE_CURVE ( 'NONE', #6627, #9663, #1949, .T. ) ;
#4614 = ORIENTED_EDGE ( 'NONE', *, *, #3214, .F. ) ;
#4615 = DIRECTION ( 'NONE',  ( 1.000000000000000000, 0.000000000000000000, -0.000000000000000000 ) ) ;
#4616 = CARTESIAN_POINT ( 'NONE',  ( -1.082051182893605912, 66.08324729819580057, 0.3469441651022877049 ) ) ;
#4617 = ORIENTED_EDGE ( 'NONE', *, *, #7822, .F. ) ;
#4618 = CYLINDRICAL_SURFACE ( 'NONE', #6654, 1.499999999999999556 ) ;
#4619 = ORIENTED_EDGE ( 'NONE', *, *, #5348, .T. ) ;
#4620 = VECTOR ( 'NONE', #4805, 1000.000000000000000 ) ;
#4621 = DIRECTION ( 'NONE',  ( -0.000000000000000000, -1.000000000000000000, -0.000000000000000000 ) ) ;
#4622 = APPROVAL_ROLE ( '' ) ;
#4623 = EDGE_LOOP ( 'NONE', ( #1211, #8560, #5240, #990 ) ) ;
#4624 = LOCAL_TIME ( 10, 53, 11.00000000000000000, #3035 ) ;
#4625 = ORIENTED_EDGE ( 'NONE', *, *, #10243, .T. ) ;
#4626 = CIRCLE ( 'NONE', #4461, 0.2999999999999999334 ) ;
#4627 = CARTESIAN_POINT ( 'NONE',  ( -1.025000000000021894, 66.63591604948001645, 18.92480459382042568 ) ) ;
#4628 = CARTESIAN_POINT ( 'NONE',  ( 0.000000000000000000, 69.13591604948000224, 9.729804593820427172 ) ) ;
#4629 = DIRECTION ( 'NONE',  ( 0.000000000000000000, -1.000000000000000000, 0.000000000000000000 ) ) ;
#4630 = ORIENTED_EDGE ( 'NONE', *, *, #3170, .T. ) ;
#4631 = DIRECTION ( 'NONE',  ( 0.000000000000000000, 1.000000000000000000, 1.084202172485503972E-17 ) ) ;
#4632 = ORIENTED_EDGE ( 'NONE', *, *, #6989, .F. ) ;
#4633 = DIRECTION ( 'NONE',  ( 1.000000000000000000, 0.000000000000000000, -5.080105690144320343E-16 ) ) ;
#4634 = CIRCLE ( 'NONE', #8510, 2.500000000000000444 ) ;
#4635 = CIRCLE ( 'NONE', #10044, 1.749999999999999778 ) ;
#4636 = LINE ( 'NONE', #7919, #8812 ) ;
#4637 = AXIS2_PLACEMENT_3D ( 'NONE', #610, #5288, #9441 ) ;
#4638 = AXIS2_PLACEMENT_3D ( 'NONE', #1202, #419, #3629 ) ;
#4639 = ORIENTED_EDGE ( 'NONE', *, *, #6368, .F. ) ;
#4640 = DIRECTION ( 'NONE',  ( -1.734723475976805517E-15, 0.000000000000000000, -1.000000000000000000 ) ) ;
#4641 = ORIENTED_EDGE ( 'NONE', *, *, #9844, .T. ) ;
#4642 = EDGE_CURVE ( 'NONE', #2345, #7953, #10099, .T. ) ;
#4643 = ORIENTED_EDGE ( 'NONE', *, *, #3243, .T. ) ;
#4644 = CARTESIAN_POINT ( 'NONE',  ( 10.44090513317689961, 39.73591604948001077, 10.72980459382046270 ) ) ;
#4645 = CARTESIAN_POINT ( 'NONE',  ( 8.969675008373659608, 38.53591604948001503, 2.736625488832296949 ) ) ;
#4646 = CIRCLE ( 'NONE', #7664, 11.25000000000000000 ) ;
#4647 = VECTOR ( 'NONE', #2855, 1000.000000000000000 ) ;
#4648 = CARTESIAN_POINT ( 'NONE',  ( 9.368642406238624432, 66.80038912337877832, 8.531236920099393828 ) ) ;
#4649 = LINE ( 'NONE', #7977, #1939 ) ;
#4650 = CARTESIAN_POINT ( 'NONE',  ( 1.579794370900085147E-15, 59.13591604948001645, 22.62980459382042753 ) ) ;
#4651 = CARTESIAN_POINT ( 'NONE',  ( -8.867759061886580696, 38.53591604948001503, 3.831894012917346437 ) ) ;
#4652 = FACE_OUTER_BOUND ( 'NONE', #7723, .T. ) ;
#4653 = CIRCLE ( 'NONE', #4817, 11.25000000000000000 ) ;
#4654 = ORIENTED_EDGE ( 'NONE', *, *, #2404, .T. ) ;
#4655 = CARTESIAN_POINT ( 'NONE',  ( -2.000000000000000000, 37.23591604948001077, -2.355827371451393315 ) ) ;
#4656 = EDGE_CURVE ( 'NONE', #4135, #7040, #759, .T. ) ;
#4657 = LINE ( 'NONE', #7887, #1082 ) ;
#4658 = CARTESIAN_POINT ( 'NONE',  ( -4.613763209168499912, 39.73591604948001077, 7.729804593820426284 ) ) ;
#4659 = CARTESIAN_POINT ( 'NONE',  ( 0.000000000000000000, 39.73591604948001077, 9.729804593820427172 ) ) ;
#4660 = ORIENTED_EDGE ( 'NONE', *, *, #2959, .F. ) ;
#4661 = AXIS2_PLACEMENT_3D ( 'NONE', #1392, #6993, #2176 ) ;
#4662 = ADVANCED_FACE ( 'NONE', ( #2684 ), #9703, .T. ) ;
#4663 = LINE ( 'NONE', #10227, #5908 ) ;
#4664 = CARTESIAN_POINT ( 'NONE',  ( 4.000000000000000000, 59.13591604948001645, -4.412331029910525615 ) ) ;
#4665 = EDGE_LOOP ( 'NONE', ( #2596, #9082, #9068, #6799 ) ) ;
#4666 = CONICAL_SURFACE ( 'NONE', #125, 14.00000000000000000, 0.7853981633974568277 ) ;
#4667 = AXIS2_PLACEMENT_3D ( 'NONE', #10373, #8901, #754 ) ;
#4668 = EDGE_CURVE ( 'NONE', #6622, #8612, #5113, .T. ) ;
#4669 = ORIENTED_EDGE ( 'NONE', *, *, #4418, .F. ) ;
#4670 = CARTESIAN_POINT ( 'NONE',  ( -6.499999897834149998, 34.40748892473381915, 9.730957050364331451 ) ) ;
#4671 = LINE ( 'NONE', #7103, #3473 ) ;
#4672 = ORIENTED_EDGE ( 'NONE', *, *, #4919, .F. ) ;
#4673 = CARTESIAN_POINT ( 'NONE',  ( -1.449999999999999512, 59.13591604948001645, -4.470195406179568565 ) ) ;
#4674 = ADVANCED_FACE ( 'NONE', ( #8358 ), #4332, .F. ) ;
#4675 = ORIENTED_EDGE ( 'NONE', *, *, #7644, .T. ) ;
#4676 = DIRECTION ( 'NONE',  ( 0.000000000000000000, 1.000000000000000000, 0.000000000000000000 ) ) ;
#4677 = DATE_AND_TIME ( #3080, #4624 ) ;
#4678 = EDGE_CURVE ( 'NONE', #7355, #2643, #7000, .T. ) ;
#4679 = ORIENTED_EDGE ( 'NONE', *, *, #3417, .F. ) ;
#4680 = CARTESIAN_POINT ( 'NONE',  ( 2.100000000000000089, 39.73591604948001077, -0.7111005393564736599 ) ) ;
#4681 = FACE_OUTER_BOUND ( 'NONE', #5265, .T. ) ;
#4682 = DIRECTION ( 'NONE',  ( 0.000000000000000000, -1.000000000000000000, -0.000000000000000000 ) ) ;
#4683 = ORIENTED_EDGE ( 'NONE', *, *, #89, .F. ) ;
#4684 = CARTESIAN_POINT ( 'NONE',  ( -9.132622032380242061, 38.73069151434265223, -0.8170310009331415158 ) ) ;
#4685 = ORIENTED_EDGE ( 'NONE', *, *, #10110, .T. ) ;
#4686 = LINE ( 'NONE', #7170, #1018 ) ;
#4687 = AXIS2_PLACEMENT_3D ( 'NONE', #5266, #3528, #6713 ) ;
#4688 = DIRECTION ( 'NONE',  ( -1.734723475976805517E-15, 0.000000000000000000, -1.000000000000000000 ) ) ;
#4689 = VERTEX_POINT ( 'NONE', #7080 ) ;
#4690 = ORIENTED_EDGE ( 'NONE', *, *, #9407, .F. ) ;
#4691 = CARTESIAN_POINT ( 'NONE',  ( 0.7071067811864850672, 39.73591604948001077, 9.022697812633969860 ) ) ;
#4692 = CARTESIAN_POINT ( 'NONE',  ( -9.368633929408819228, 66.63591604948001645, 10.92843852322918252 ) ) ;
#4693 = AXIS2_PLACEMENT_3D ( 'NONE', #10223, #9379, #8424 ) ;
#4694 = ORIENTED_EDGE ( 'NONE', *, *, #3239, .F. ) ;
#4695 = DIRECTION ( 'NONE',  ( -0.000000000000000000, -1.000000000000000000, -0.000000000000000000 ) ) ;
#4696 = DIRECTION ( 'NONE',  ( 0.9935993734262231758, 0.000000000000000000, 0.1129614320333118260 ) ) ;
#4697 = DIRECTION ( 'NONE',  ( 1.000000000000000000, 0.000000000000000000, 1.723283975212949948E-14 ) ) ;
#4698 = FACE_OUTER_BOUND ( 'NONE', #6110, .T. ) ;
#4699 = DIRECTION ( 'NONE',  ( 1.000000000000000000, 0.000000000000000000, 2.983470769828700236E-15 ) ) ;
#4700 = AXIS2_PLACEMENT_3D ( 'NONE', #3051, #6288, #6976 ) ;
#4701 = ADVANCED_FACE ( 'NONE', ( #734 ), #7031, .F. ) ;
#4702 = CYLINDRICAL_SURFACE ( 'NONE', #5994, 11.25000000000000000 ) ;
#4703 = EDGE_LOOP ( 'NONE', ( #9986, #8714, #10276, #84 ) ) ;
#4704 = DIRECTION ( 'NONE',  ( -1.734723475976807094E-15, 0.000000000000000000, -1.000000000000000000 ) ) ;
#4705 = BREP_WITH_VOIDS ( 'NONE', #659, ( #198 ) );
#4706 = DIRECTION ( 'NONE',  ( 0.000000000000000000, 0.000000000000000000, 1.000000000000000000 ) ) ;
#4707 = CARTESIAN_POINT ( 'NONE',  ( -0.8061411419532020783, 67.58248861527546580, 0.3191103373664727627 ) ) ;
#4708 = CARTESIAN_POINT ( 'NONE',  ( 0.000000000000000000, 63.13591604948001645, 9.729804593820427172 ) ) ;
#4709 = DIRECTION ( 'NONE',  ( -1.000000000000000000, 0.000000000000000000, 0.000000000000000000 ) ) ;
#4710 = ORIENTED_EDGE ( 'NONE', *, *, #9970, .T. ) ;
#4711 = PLANE ( 'NONE',  #7418 ) ;
#4712 = EDGE_CURVE ( 'NONE', #5344, #9412, #7669, .T. ) ;
#4713 = CARTESIAN_POINT ( 'NONE',  ( -9.445000000000000284, 66.63591604948001645, 8.454804593820371750 ) ) ;
#4714 = EDGE_LOOP ( 'NONE', ( #2302, #3608, #5912, #3642 ) ) ;
#4715 = AXIS2_PLACEMENT_3D ( 'NONE', #3150, #5528, #7329 ) ;
#4716 = ORIENTED_EDGE ( 'NONE', *, *, #3770, .T. ) ;
#4717 = CARTESIAN_POINT ( 'NONE',  ( 0.000000000000000000, 37.23591604948001077, 9.729804593820427172 ) ) ;
#4718 = CARTESIAN_POINT ( 'NONE',  ( -1.046366971391685441, 66.00988800081412933, 0.3428498104807399804 ) ) ;
#4719 = VERTEX_POINT ( 'NONE', #5486 ) ;
#4720 = EDGE_LOOP ( 'NONE', ( #2718, #261, #1673, #7319, #3941 ) ) ;
#4721 = ADVANCED_FACE ( 'NONE', ( #6191 ), #4793, .F. ) ;
#4722 = DIRECTION ( 'NONE',  ( 0.000000000000000000, 0.000000000000000000, -1.000000000000000000 ) ) ;
#4723 = AXIS2_PLACEMENT_3D ( 'NONE', #2903, #6196, #10160 ) ;
#4724 = EDGE_CURVE ( 'NONE', #3391, #9617, #593, .T. ) ;
#4725 = ORIENTED_EDGE ( 'NONE', *, *, #5833, .T. ) ;
#4726 = FACE_OUTER_BOUND ( 'NONE', #6597, .T. ) ;
#4727 = CARTESIAN_POINT ( 'NONE',  ( -6.499991940957384529, 67.66085832398700006, 9.866137863228479077 ) ) ;
#4728 = CIRCLE ( 'NONE', #2369, 0.1999999999999996780 ) ;
#4729 = ORIENTED_EDGE ( 'NONE', *, *, #4418, .T. ) ;
#4730 = EDGE_CURVE ( 'NONE', #1111, #1408, #2160, .T. ) ;
#4731 = FACE_OUTER_BOUND ( 'NONE', #9793, .T. ) ;
#4732 = VERTEX_POINT ( 'NONE', #7129 ) ;
#4733 = LINE ( 'NONE', #8124, #1685 ) ;
#4734 = AXIS2_PLACEMENT_3D ( 'NONE', #3575, #417, #1780 ) ;
#4735 = EDGE_CURVE ( 'NONE', #4842, #2756, #6665, .T. ) ;
#4736 = DIRECTION ( 'NONE',  ( 0.000000000000000000, 0.000000000000000000, 1.000000000000000000 ) ) ;
#4737 = AXIS2_PLACEMENT_3D ( 'NONE', #4670, #10123, #7794 ) ;
#4738 = ORIENTED_EDGE ( 'NONE', *, *, #2353, .T. ) ;
#4739 = EDGE_CURVE ( 'NONE', #2345, #4689, #5435, .T. ) ;
#4740 = ORIENTED_EDGE ( 'NONE', *, *, #2381, .T. ) ;
#4741 = DIRECTION ( 'NONE',  ( 0.000000000000000000, 1.000000000000000000, 0.000000000000000000 ) ) ;
#4742 = CYLINDRICAL_SURFACE ( 'NONE', #7406, 1.100000000000000311 ) ;
#4743 = VERTEX_POINT ( 'NONE', #9621 ) ;
#4744 = CARTESIAN_POINT ( 'NONE',  ( 0.000000000000000000, 63.13591604948001645, 9.729804593820427172 ) ) ;
#4745 = DIRECTION ( 'NONE',  ( 0.000000000000000000, -1.000000000000000000, 0.000000000000000000 ) ) ;
#4746 = CARTESIAN_POINT ( 'NONE',  ( 8.511591571920295252, 37.54475081683079196, -0.1960005404729251444 ) ) ;
#4747 = DIRECTION ( 'NONE',  ( 0.000000000000000000, 0.7071067811865474617, 0.7071067811865474617 ) ) ;
#4748 = AXIS2_PLACEMENT_3D ( 'NONE', #3637, #10146, #528 ) ;
#4749 = DIRECTION ( 'NONE',  ( -0.000000000000000000, -1.000000000000000000, -0.000000000000000000 ) ) ;
#4750 = ORIENTED_EDGE ( 'NONE', *, *, #2669, .F. ) ;
#4751 = AXIS2_PLACEMENT_3D ( 'NONE', #104, #6545, #9769 ) ;
#4752 = CARTESIAN_POINT ( 'NONE',  ( 5.897910580903100275, 43.73591604948001077, 0.8620455319338551359 ) ) ;
#4753 = FACE_OUTER_BOUND ( 'NONE', #10346, .T. ) ;
#4754 = CARTESIAN_POINT ( 'NONE',  ( -2.799999999999999378, 57.53591604948001503, -4.470195406179566788 ) ) ;
#4755 = CARTESIAN_POINT ( 'NONE',  ( 0.000000000000000000, 69.13591604948000224, 19.17480459382042568 ) ) ;
#4756 = LINE ( 'NONE', #4808, #2463 ) ;
#4757 = CYLINDRICAL_SURFACE ( 'NONE', #6870, 4.000000000000000000 ) ;
#4758 = ORIENTED_EDGE ( 'NONE', *, *, #7963, .T. ) ;
#4759 = CARTESIAN_POINT ( 'NONE',  ( 1.600000000000000533, 57.53591604948001503, -7.270195406179567499 ) ) ;
#4760 = CYLINDRICAL_SURFACE ( 'NONE', #769, 11.25000000000000000 ) ;
#4761 = ORIENTED_EDGE ( 'NONE', *, *, #8822, .F. ) ;
#4762 = VERTEX_POINT ( 'NONE', #10308 ) ;
#4763 = CARTESIAN_POINT ( 'NONE',  ( -13.24540937921370443, 37.68099700768787130, 8.729804593820290393 ) ) ;
#4764 = EDGE_CURVE ( 'NONE', #5353, #6627, #3270, .T. ) ;
#4765 = LINE ( 'NONE', #4979, #5504 ) ;
#4766 = ORIENTED_EDGE ( 'NONE', *, *, #10082, .T. ) ;
#4767 = EDGE_LOOP ( 'NONE', ( #2560, #10384, #4403, #8831 ) ) ;
#4768 = VECTOR ( 'NONE', #6426, 1000.000000000000000 ) ;
#4769 = CARTESIAN_POINT ( 'NONE',  ( -3.953542708762585178, 39.73591604948001077, 5.776261885057816237 ) ) ;
#4770 = CIRCLE ( 'NONE', #243, 0.7999999999999986011 ) ;
#4771 = EDGE_CURVE ( 'NONE', #6261, #3145, #10353, .T. ) ;
#4772 = CIRCLE ( 'NONE', #3261, 0.1999999999999996780 ) ;
#4773 = ORIENTED_EDGE ( 'NONE', *, *, #3947, .F. ) ;
#4774 = DIRECTION ( 'NONE',  ( 0.000000000000000000, -1.000000000000000000, 0.000000000000000000 ) ) ;
#4775 = CARTESIAN_POINT ( 'NONE',  ( -6.499999897834149998, 37.23591604948001077, 8.705957050364331096 ) ) ;
#4776 = EDGE_CURVE ( 'NONE', #7368, #2308, #6162, .T. ) ;
#4777 = DIRECTION ( 'NONE',  ( -0.000000000000000000, 1.000000000000000000, 0.000000000000000000 ) ) ;
#4778 = ORIENTED_EDGE ( 'NONE', *, *, #3450, .T. ) ;
#4779 = DIRECTION ( 'NONE',  ( 0.000000000000000000, 1.000000000000000000, 0.000000000000000000 ) ) ;
#4780 = ORIENTED_EDGE ( 'NONE', *, *, #1961, .T. ) ;
#4781 = DIRECTION ( 'NONE',  ( 0.000000000000000000, -1.000000000000000000, -0.000000000000000000 ) ) ;
#4782 = EDGE_CURVE ( 'NONE', #3917, #1873, #6341, .T. ) ;
#4783 = CARTESIAN_POINT ( 'NONE',  ( -0.5999999999999999778, 57.53491604948001736, -7.270195406179567499 ) ) ;
#4784 = VECTOR ( 'NONE', #8423, 1000.000000000000000 ) ;
#4785 =( GEOMETRIC_REPRESENTATION_CONTEXT ( 3 ) GLOBAL_UNCERTAINTY_ASSIGNED_CONTEXT ( ( #4190 ) ) GLOBAL_UNIT_ASSIGNED_CONTEXT ( ( #3620, #6855, #10080 ) ) REPRESENTATION_CONTEXT ( 'NONE', 'WORKASPACE' ) );
#4786 = CIRCLE ( 'NONE', #920, 14.00000000000000000 ) ;
#4787 = ORIENTED_EDGE ( 'NONE', *, *, #7764, .F. ) ;
#4788 = EDGE_LOOP ( 'NONE', ( #8410, #4026, #3718, #9139 ) ) ;
#4789 = CARTESIAN_POINT ( 'NONE',  ( -10.44090513317689961, 39.73591604948001077, 10.72980459382042540 ) ) ;
#4790 = LINE ( 'NONE', #57, #3012 ) ;
#4791 = EDGE_CURVE ( 'NONE', #950, #7355, #9576, .T. ) ;
#4792 = EDGE_LOOP ( 'NONE', ( #9014, #9925, #9283, #9802 ) ) ;
#4793 = PLANE ( 'NONE',  #4797 ) ;
#4794 = CARTESIAN_POINT ( 'NONE',  ( -9.604076490585056192, 37.31829136155901239, 17.91966752203223479 ) ) ;
#4795 = CARTESIAN_POINT ( 'NONE',  ( -6.993179104988140438, 38.53591604948001503, 0.7601295854467171598 ) ) ;
#4796 = CARTESIAN_POINT ( 'NONE',  ( 1.714505518806294835E-15, 59.13591604948001645, 23.72980459382042540 ) ) ;
#4797 = AXIS2_PLACEMENT_3D ( 'NONE', #3900, #587, #5591 ) ;
#4798 = ADVANCED_FACE ( 'NONE', ( #1377, #6290 ), #1479, .F. ) ;
#4799 = DIRECTION ( 'NONE',  ( -0.1129614320333118260, 0.000000000000000000, 0.9935993734262231758 ) ) ;
#4800 = DIRECTION ( 'NONE',  ( 0.1129614320333129224, 0.000000000000000000, -0.9935993734262231758 ) ) ;
#4801 = EDGE_CURVE ( 'NONE', #8555, #5683, #2211, .T. ) ;
#4802 = ORIENTED_EDGE ( 'NONE', *, *, #3955, .T. ) ;
#4803 = AXIS2_PLACEMENT_3D ( 'NONE', #4265, #1883, #268 ) ;
#4804 = LINE ( 'NONE', #798, #9526 ) ;
#4805 = DIRECTION ( 'NONE',  ( -1.000000000000000000, -0.000000000000000000, -0.000000000000000000 ) ) ;
#4806 = CARTESIAN_POINT ( 'NONE',  ( 0.8057735076151348874, 67.58283915654151031, 0.3190792562554731204 ) ) ;
#4807 = LINE ( 'NONE', #8041, #9395 ) ;
#4808 = CARTESIAN_POINT ( 'NONE',  ( 1.156678901794674034E-15, 59.13591604948001645, 19.17480459382042568 ) ) ;
#4809 = DIRECTION ( 'NONE',  ( 0.000000000000000000, -1.000000000000000000, 0.000000000000000000 ) ) ;
#4810 = ORIENTED_EDGE ( 'NONE', *, *, #2089, .T. ) ;
#4811 = CARTESIAN_POINT ( 'NONE',  ( 5.301596548390189234, 33.28616858117417365, 8.458534105914926826 ) ) ;
#4812 = AXIS2_PLACEMENT_3D ( 'NONE', #4008, #3328, #9106 ) ;
#4813 = CARTESIAN_POINT ( 'NONE',  ( -4.031128874149304764, 38.23591604948001077, 8.729804593820452041 ) ) ;
#4814 = ORIENTED_EDGE ( 'NONE', *, *, #1927, .T. ) ;
#4815 = VERTEX_POINT ( 'NONE', #4644 ) ;
#4816 = VERTEX_POINT ( 'NONE', #639 ) ;
#4817 = AXIS2_PLACEMENT_3D ( 'NONE', #2291, #3075, #8752 ) ;
#4818 = CARTESIAN_POINT ( 'NONE',  ( -6.418673928468400014, 66.63591604948001645, 8.704804593820389513 ) ) ;
#4819 = PLANE ( 'NONE',  #8561 ) ;
#4820 = VERTEX_POINT ( 'NONE', #3851 ) ;
#4821 = EDGE_LOOP ( 'NONE', ( #2070, #3625, #4255, #5216 ) ) ;
#4822 = CARTESIAN_POINT ( 'NONE',  ( -0.6471414443772647296, 67.70926776950227577, 19.15266698677752544 ) ) ;
#4823 = AXIS2_PLACEMENT_3D ( 'NONE', #8693, #8643, #2278 ) ;
#4824 = ADVANCED_FACE ( 'NONE', ( #9522 ), #690, .T. ) ;
#4825 = ORIENTED_EDGE ( 'NONE', *, *, #10326, .T. ) ;
#4826 = DIRECTION ( 'NONE',  ( -3.384826294588892334E-15, 0.000000000000000000, 1.000000000000000000 ) ) ;
#4827 = DIRECTION ( 'NONE',  ( -0.000000000000000000, 1.000000000000000000, -0.000000000000000000 ) ) ;
#4828 = CARTESIAN_POINT ( 'NONE',  ( -5.299667459592365404, 39.73591604948001077, 8.457496396200031796 ) ) ;
#4829 = CARTESIAN_POINT ( 'NONE',  ( 8.515374233291236550, 37.53403809990026474, 19.65939238948485368 ) ) ;
#4830 = ORIENTED_EDGE ( 'NONE', *, *, #7637, .F. ) ;
#4831 = AXIS2_PLACEMENT_3D ( 'NONE', #912, #5661, #1545 ) ;
#4832 = CARTESIAN_POINT ( 'NONE',  ( -7.838725536382120218, 37.23994810002849221, 18.98274369257551797 ) ) ;
#4833 = EDGE_LOOP ( 'NONE', ( #2501, #7739, #9300, #9990 ) ) ;
#4834 = LINE ( 'NONE', #8067, #3537 ) ;
#4835 = CARTESIAN_POINT ( 'NONE',  ( 13.96424004376894068, 39.23591604948001077, 10.72980459382047691 ) ) ;
#4836 = EDGE_CURVE ( 'NONE', #3291, #1340, #427, .T. ) ;
#4837 = ORIENTED_EDGE ( 'NONE', *, *, #10248, .F. ) ;
#4838 = EDGE_LOOP ( 'NONE', ( #2014, #4537, #8287, #6405 ) ) ;
#4839 = CARTESIAN_POINT ( 'NONE',  ( 0.000000000000000000, 39.23591604948001077, 9.729804593820427172 ) ) ;
#4840 = CARTESIAN_POINT ( 'NONE',  ( -9.368642374763123115, 66.47162388477812556, 8.531236674083960025 ) ) ;
#4841 = EDGE_CURVE ( 'NONE', #7692, #5153, #4288, .T. ) ;
#4842 = VERTEX_POINT ( 'NONE', #3205 ) ;
#4843 = CYLINDRICAL_SURFACE ( 'NONE', #10378, 1.000000000000000000 ) ;
#4844 = DIRECTION ( 'NONE',  ( -0.1129614320333117844, 0.000000000000000000, 0.9935993734262232868 ) ) ;
#4845 = CARTESIAN_POINT ( 'NONE',  ( 0.000000000000000000, 63.83591604948001219, 9.729804593820427172 ) ) ;
#4846 = LINE ( 'NONE', #62, #8977 ) ;
#4847 = EDGE_CURVE ( 'NONE', #6627, #638, #1677, .T. ) ;
#4848 = PLANE ( 'NONE',  #5808 ) ;
#4849 = AXIS2_PLACEMENT_3D ( 'NONE', #4893, #7471, #1629 ) ;
#4850 = EDGE_LOOP ( 'NONE', ( #6015, #2592, #3049, #7477, #6491, #2188 ) ) ;
#4851 = DIRECTION ( 'NONE',  ( 0.1129614320333122424, 0.000000000000000000, -0.9935993734262231758 ) ) ;
#4852 = ADVANCED_FACE ( 'NONE', ( #7387 ), #9674, .F. ) ;
#4853 = CARTESIAN_POINT ( 'NONE',  ( -9.168207402386258309, 37.23591604948001077, 17.47215391601131529 ) ) ;
#4854 = CARTESIAN_POINT ( 'NONE',  ( -9.382743046844909784, 67.18761340728144660, 10.81285761306655857 ) ) ;
#4855 = AXIS2_PLACEMENT_3D ( 'NONE', #8559, #7961, #574 ) ;
#4856 = DIRECTION ( 'NONE',  ( -0.000000000000000000, -1.000000000000000000, -0.000000000000000000 ) ) ;
#4857 = CARTESIAN_POINT ( 'NONE',  ( 12.08563196527182093, 39.73591604948001077, 7.729804593820426284 ) ) ;
#4858 = LINE ( 'NONE', #6515, #129 ) ;
#4859 = ORIENTED_EDGE ( 'NONE', *, *, #10431, .T. ) ;
#4860 = AXIS2_PLACEMENT_3D ( 'NONE', #6387, #730, #3943 ) ;
#4861 = EDGE_CURVE ( 'NONE', #2725, #5861, #6495, .T. ) ;
#4862 = CARTESIAN_POINT ( 'NONE',  ( 5.367756271135689872, 39.73591604948001077, 13.68334730258303722 ) ) ;
#4863 = EDGE_CURVE ( 'NONE', #5255, #1565, #4626, .T. ) ;
#4864 = CARTESIAN_POINT ( 'NONE',  ( 7.808524226207209651, 37.23724115402390566, 18.95254238240080724 ) ) ;
#4865 = ORIENTED_EDGE ( 'NONE', *, *, #3498, .F. ) ;
#4866 = VERTEX_POINT ( 'NONE', #4051 ) ;
#4867 = EDGE_CURVE ( 'NONE', #6698, #1099, #2567, .T. ) ;
#4868 = CARTESIAN_POINT ( 'NONE',  ( 3.449999999999999734, 59.14591604948001446, -4.470195406179568565 ) ) ;
#4869 = EDGE_LOOP ( 'NONE', ( #7668, #1803, #9080, #1759 ) ) ;
#4870 = LINE ( 'NONE', #3232, #9552 ) ;
#4871 = DIRECTION ( 'NONE',  ( 0.000000000000000000, -1.000000000000000000, 0.000000000000000000 ) ) ;
#4872 = EDGE_LOOP ( 'NONE', ( #6821, #3301 ) ) ;
#4873 = ORIENTED_EDGE ( 'NONE', *, *, #6595, .T. ) ;
#4874 = DIRECTION ( 'NONE',  ( 1.000000000000000000, 0.000000000000000000, 9.966433447514970497E-15 ) ) ;
#4875 = TOROIDAL_SURFACE ( 'NONE', #4058, 12.00000000000000000, 2.000000000000000000 ) ;
#4876 = ORIENTED_EDGE ( 'NONE', *, *, #1640, .F. ) ;
#4877 = CARTESIAN_POINT ( 'NONE',  ( 2.449999999999999734, 59.13591604948001645, -7.770195406179568387 ) ) ;
#4878 = CARTESIAN_POINT ( 'NONE',  ( 4.031128874149279895, 39.73591604948001077, 11.72980459382042717 ) ) ;
#4879 = CARTESIAN_POINT ( 'NONE',  ( -1.836734693877549951, 38.53591604948001503, -1.369245170204713036 ) ) ;
#4880 = DIRECTION ( 'NONE',  ( -0.1129614320333120481, 0.000000000000000000, 0.9935993734262233978 ) ) ;
#4881 = ORIENTED_EDGE ( 'NONE', *, *, #7673, .F. ) ;
#4882 = CC_DESIGN_PERSON_AND_ORGANIZATION_ASSIGNMENT ( #343, #6943, ( #2766 ) ) ;
#4883 = CARTESIAN_POINT ( 'NONE',  ( 1.002753247070495846, 37.23591604948001077, 21.72981833906316851 ) ) ;
#4884 = AXIS2_PLACEMENT_3D ( 'NONE', #7069, #2149, #5366 ) ;
#4885 = VERTEX_POINT ( 'NONE', #5694 ) ;
#4886 = DIRECTION ( 'NONE',  ( 0.000000000000000000, -1.000000000000000000, 0.000000000000000000 ) ) ;
#4887 = CIRCLE ( 'NONE', #10303, 1.400000000000000133 ) ;
#4888 = LINE ( 'NONE', #8236, #9333 ) ;
#4889 = ORIENTED_EDGE ( 'NONE', *, *, #3093, .T. ) ;
#4890 = CIRCLE ( 'NONE', #6419, 1.000000000000000000 ) ;
#4891 = VECTOR ( 'NONE', #336, 1000.000000000000000 ) ;
#4892 = ORIENTED_EDGE ( 'NONE', *, *, #4986, .T. ) ;
#4893 = CARTESIAN_POINT ( 'NONE',  ( 6.499999433794410031, 37.46091604948001219, 9.733810752080316320 ) ) ;
#4894 = CARTESIAN_POINT ( 'NONE',  ( 10.31989958937938567, 38.05145355645041860, 18.63549062082682894 ) ) ;
#4895 = VERTEX_POINT ( 'NONE', #789 ) ;
#4896 = DIRECTION ( 'NONE',  ( 0.000000000000000000, -1.000000000000000000, 0.000000000000000000 ) ) ;
#4897 = DIRECTION ( 'NONE',  ( 0.000000000000000000, -1.000000000000000000, 0.000000000000000000 ) ) ;
#4898 = VECTOR ( 'NONE', #9196, 1000.000000000000000 ) ;
#4899 = ADVANCED_FACE ( 'NONE', ( #5798 ), #4843, .F. ) ;
#4900 = LINE ( 'NONE', #9730, #9633 ) ;
#4901 = CARTESIAN_POINT ( 'NONE',  ( -1.024999999999970157, 66.63591604948001645, 0.2848045938204264438 ) ) ;
#4902 = CARTESIAN_POINT ( 'NONE',  ( 8.089941602581339097, 40.23591604948001077, 16.40553263402875572 ) ) ;
#4903 = CARTESIAN_POINT ( 'NONE',  ( 8.383203968001071260, 33.28616858117417365, 7.729804593820426284 ) ) ;
#4904 = VECTOR ( 'NONE', #1511, 1000.000000000000000 ) ;
#4905 = CIRCLE ( 'NONE', #7271, 3.499999999999999556 ) ;
#4906 = DIRECTION ( 'NONE',  ( 0.06021147382357448091, 0.000000000000000000, 0.9981856432648152921 ) ) ;
#4907 = TOROIDAL_SURFACE ( 'NONE', #2710, 12.00000000000000000, 2.000000000000000000 ) ;
#4908 = ORIENTED_EDGE ( 'NONE', *, *, #4235, .F. ) ;
#4909 = DIRECTION ( 'NONE',  ( -0.000000000000000000, -1.000000000000000000, -0.000000000000000000 ) ) ;
#4910 = DIRECTION ( 'NONE',  ( 0.000000000000000000, 0.000000000000000000, 1.000000000000000000 ) ) ;
#4911 = CARTESIAN_POINT ( 'NONE',  ( 1.198567531944818354, 66.47154519594889166, 19.09844701819806190 ) ) ;
#4912 = DIRECTION ( 'NONE',  ( 0.1129614320332981425, 0.000000000000000000, -0.9935993734262248411 ) ) ;
#4913 = EDGE_CURVE ( 'NONE', #265, #9174, #3413, .T. ) ;
#4914 = DIRECTION ( 'NONE',  ( 0.000000000000000000, 1.000000000000000000, 0.000000000000000000 ) ) ;
#4915 = CARTESIAN_POINT ( 'NONE',  ( 1.000000000000000000, 50.29182918005297154, -2.355827371451393315 ) ) ;
#4916 = ORIENTED_EDGE ( 'NONE', *, *, #7972, .F. ) ;
#4917 = DIRECTION ( 'NONE',  ( -0.000000000000000000, -0.000000000000000000, -1.000000000000000000 ) ) ;
#4918 = CYLINDRICAL_SURFACE ( 'NONE', #7182, 5.400000000000000355 ) ;
#4919 = EDGE_CURVE ( 'NONE', #2992, #9974, #4107, .T. ) ;
#4920 = ORIENTED_EDGE ( 'NONE', *, *, #5582, .F. ) ;
#4921 = ORIENTED_EDGE ( 'NONE', *, *, #6018, .F. ) ;
#4922 = DIRECTION ( 'NONE',  ( -0.000000000000000000, -1.000000000000000000, -0.000000000000000000 ) ) ;
#4923 = ORIENTED_EDGE ( 'NONE', *, *, #5562, .F. ) ;
#4924 = CARTESIAN_POINT ( 'NONE',  ( -10.31989958937876040, 38.05145355644967964, 0.8241185668145272203 ) ) ;
#4925 = ADVANCED_FACE ( 'NONE', ( #6649 ), #3257, .F. ) ;
#4926 = DIRECTION ( 'NONE',  ( 0.000000000000000000, 0.000000000000000000, -1.000000000000000000 ) ) ;
#4927 = EDGE_LOOP ( 'NONE', ( #10090, #6367, #9575, #8700 ) ) ;
#4928 = ORIENTED_EDGE ( 'NONE', *, *, #1821, .F. ) ;
#4929 = DIRECTION ( 'NONE',  ( 0.000000000000000000, -1.000000000000000000, 0.000000000000000000 ) ) ;
#4930 = ADVANCED_FACE ( 'NONE', ( #8077 ), #5481, .T. ) ;
#4931 = EDGE_CURVE ( 'NONE', #6698, #6542, #3454, .T. ) ;
#4932 = ORIENTED_EDGE ( 'NONE', *, *, #5975, .T. ) ;
#4933 = DIRECTION ( 'NONE',  ( 0.000000000000000000, 0.000000000000000000, -1.000000000000000000 ) ) ;
#4934 = CARTESIAN_POINT ( 'NONE',  ( 4.286263797015735609E-16, 59.23591604948001788, 13.22980459382042717 ) ) ;
#4935 = PLANE ( 'NONE',  #4485 ) ;
#4936 = ORIENTED_EDGE ( 'NONE', *, *, #4863, .T. ) ;
#4937 = DIRECTION ( 'NONE',  ( 0.000000000000000000, 1.000000000000000000, 0.000000000000000000 ) ) ;
#4938 = ORIENTED_EDGE ( 'NONE', *, *, #6931, .F. ) ;
#4939 = FACE_OUTER_BOUND ( 'NONE', #8768, .T. ) ;
#4940 = CARTESIAN_POINT ( 'NONE',  ( -6.993179104988140438, 36.84381467316708836, 0.7601295854467171598 ) ) ;
#4941 = VECTOR ( 'NONE', #7504, 1000.000000000000000 ) ;
#4942 = CIRCLE ( 'NONE', #407, 1.000000000000000888 ) ;
#4943 = VERTEX_POINT ( 'NONE', #59 ) ;
#4944 = ORIENTED_EDGE ( 'NONE', *, *, #6112, .F. ) ;
#4945 = CARTESIAN_POINT ( 'NONE',  ( -9.386867261600563950, 66.01038132347783005, 8.682649235937962118 ) ) ;
#4946 = VERTEX_POINT ( 'NONE', #9726 ) ;
#4947 = CARTESIAN_POINT ( 'NONE',  ( -4.660649489949149960, 31.87054094663176329, 14.39045408376955848 ) ) ;
#4948 = DIRECTION ( 'NONE',  ( 0.000000000000000000, 0.000000000000000000, -1.000000000000000000 ) ) ;
#4949 = DIRECTION ( 'NONE',  ( 0.000000000000000000, -1.000000000000000000, 0.000000000000000000 ) ) ;
#4950 = CARTESIAN_POINT ( 'NONE',  ( 1.000000000000000000, 39.73591604948001077, 9.729804593820427172 ) ) ;
#4951 = CARTESIAN_POINT ( 'NONE',  ( 3.953542708762599833, 31.87054094663176329, 5.776261885057832224 ) ) ;
#4952 = AXIS2_PLACEMENT_3D ( 'NONE', #439, #1019, #1124 ) ;
#4953 = VECTOR ( 'NONE', #5127, 1000.000000000000000 ) ;
#4954 = DIRECTION ( 'NONE',  ( 0.000000000000000000, 1.000000000000000000, 0.000000000000000000 ) ) ;
#4955 = ORIENTED_EDGE ( 'NONE', *, *, #10411, .F. ) ;
#4956 = ADVANCED_FACE ( 'NONE', ( #1830 ), #2, .T. ) ;
#4957 = CARTESIAN_POINT ( 'NONE',  ( -5.897910580902970601, 43.73591604948001077, 0.8620455319337753108 ) ) ;
#4958 = AXIS2_PLACEMENT_3D ( 'NONE', #3264, #4954, #900 ) ;
#4959 = LINE ( 'NONE', #8200, #6657 ) ;
#4960 = CARTESIAN_POINT ( 'NONE',  ( -1.079327105997239999E-16, 67.91091604948002214, 0.2848045938204264438 ) ) ;
#4961 = AXIS2_PLACEMENT_3D ( 'NONE', #7659, #7558, #6876 ) ;
#4962 = FACE_OUTER_BOUND ( 'NONE', #4927, .T. ) ;
#4963 = DIRECTION ( 'NONE',  ( 0.000000000000000000, 1.000000000000000000, 0.000000000000000000 ) ) ;
#4964 = FACE_OUTER_BOUND ( 'NONE', #7307, .T. ) ;
#4965 = ORIENTED_EDGE ( 'NONE', *, *, #2391, .F. ) ;
#4966 = DIRECTION ( 'NONE',  ( 0.000000000000000000, 0.000000000000000000, -1.000000000000000000 ) ) ;
#4967 = DIRECTION ( 'NONE',  ( -0.000000000000000000, -1.000000000000000000, -0.000000000000000000 ) ) ;
#4968 = AXIS2_PLACEMENT_3D ( 'NONE', #8537, #3820, #3129 ) ;
#4969 = CIRCLE ( 'NONE', #435, 3.499999999999999556 ) ;
#4970 = EDGE_LOOP ( 'NONE', ( #5740, #2245, #4050, #645, #2389, #7765 ) ) ;
#4971 = EDGE_CURVE ( 'NONE', #4327, #7791, #8884, .T. ) ;
#4972 = ORIENTED_EDGE ( 'NONE', *, *, #3767, .F. ) ;
#4973 = B_SPLINE_CURVE_WITH_KNOTS ( 'NONE', 3,
 ( #2893, #3585, #9210, #6822, #7500, #1838, #7657, #5061, #6873, #5111 ),
 .UNSPECIFIED., .F., .F.,
 ( 4, 2, 2, 2, 4 ),
 ( 0.000000000000000000, 0.2500000000000000555, 0.5000000000000001110, 0.7500000000000002220, 1.000000000000000000 ),
 .UNSPECIFIED. ) ;
#4974 = DIRECTION ( 'NONE',  ( 0.000000000000000000, 0.000000000000000000, 1.000000000000000000 ) ) ;
#4975 = EDGE_LOOP ( 'NONE', ( #8502, #7118, #2831, #5013 ) ) ;
#4976 = AXIS2_PLACEMENT_3D ( 'NONE', #9473, #8189, #8135 ) ;
#4977 = CARTESIAN_POINT ( 'NONE',  ( -1.002753247070651943, 37.23591604948001077, 21.72981833906316851 ) ) ;
#4978 = EDGE_CURVE ( 'NONE', #7696, #6528, #4163, .T. ) ;
#4979 = CARTESIAN_POINT ( 'NONE',  ( 5.367756271135689872, 38.53591604948001503, 13.68334730258303722 ) ) ;
#4980 = EDGE_LOOP ( 'NONE', ( #8184, #6955, #9946, #766 ) ) ;
#4981 = AXIS2_PLACEMENT_3D ( 'NONE', #7566, #9945, #391 ) ;
#4982 = CIRCLE ( 'NONE', #1777, 0.9999999999999991118 ) ;
#4983 = VERTEX_POINT ( 'NONE', #8134 ) ;
#4984 = ADVANCED_FACE ( 'NONE', ( #894 ), #934, .F. ) ;
#4985 = DIRECTION ( 'NONE',  ( 0.000000000000000000, 1.000000000000000000, 0.000000000000000000 ) ) ;
#4986 = EDGE_CURVE ( 'NONE', #294, #2154, #1097, .T. ) ;
#4987 = AXIS2_PLACEMENT_3D ( 'NONE', #6264, #9398, #615 ) ;
#4988 = ORIENTED_EDGE ( 'NONE', *, *, #5553, .T. ) ;
#4989 = CYLINDRICAL_SURFACE ( 'NONE', #5749, 1.000000000000000888 ) ;
#4990 = ADVANCED_FACE ( 'NONE', ( #1052 ), #2885, .T. ) ;
#4991 = DIRECTION ( 'NONE',  ( -1.000000000000000000, -0.000000000000000000, -0.000000000000000000 ) ) ;
#4992 = PLANE ( 'NONE',  #1123 ) ;
#4993 = ORIENTED_EDGE ( 'NONE', *, *, #6421, .T. ) ;
#4994 = CYLINDRICAL_SURFACE ( 'NONE', #1181, 1.000000000000000000 ) ;
#4995 = EDGE_LOOP ( 'NONE', ( #6574, #9354, #1971, #5518 ) ) ;
#4996 = DIRECTION ( 'NONE',  ( 0.000000000000000000, 0.000000000000000000, -1.000000000000000000 ) ) ;
#4997 = CIRCLE ( 'NONE', #3650, 1.749999999999999778 ) ;
#4998 = ADVANCED_FACE ( 'NONE', ( #468 ), #7007, .T. ) ;
#4999 = CARTESIAN_POINT ( 'NONE',  ( 0.7071067811865869857, 39.73591604948001077, 9.022697812633852621 ) ) ;
#5000 = ORIENTED_EDGE ( 'NONE', *, *, #2987, .F. ) ;
#5001 = VERTEX_POINT ( 'NONE', #7489 ) ;
#5002 = PLANE ( 'NONE',  #1028 ) ;
#5003 = ADVANCED_FACE ( 'NONE', ( #5955 ), #2728, .F. ) ;
#5004 = ORIENTED_EDGE ( 'NONE', *, *, #8989, .T. ) ;
#5005 = DIRECTION ( 'NONE',  ( 0.000000000000000000, 0.000000000000000000, 1.000000000000000000 ) ) ;
#5006 = DIRECTION ( 'NONE',  ( 0.000000000000000000, -1.000000000000000000, -0.000000000000000000 ) ) ;
#5007 = CIRCLE ( 'NONE', #4331, 5.400000000000000355 ) ;
#5008 = CARTESIAN_POINT ( 'NONE',  ( 0.000000000000000000, 63.13591604948001645, 6.229804593820427172 ) ) ;
#5009 = CARTESIAN_POINT ( 'NONE',  ( 1.600000000000000533, 57.53591604948001503, -4.470195406179566788 ) ) ;
#5010 = CARTESIAN_POINT ( 'NONE',  ( -0.1524979332449710456, 63.83591604948001219, 11.07116374794582825 ) ) ;
#5011 = ORIENTED_EDGE ( 'NONE', *, *, #8626, .F. ) ;
#5012 = DIRECTION ( 'NONE',  ( 0.7071067811865560104, 0.000000000000000000, -0.7071067811865391350 ) ) ;
#5013 = ORIENTED_EDGE ( 'NONE', *, *, #285, .T. ) ;
#5014 = CARTESIAN_POINT ( 'NONE',  ( 0.000000000000000000, 59.23591604948001788, 9.729804593820427172 ) ) ;
#5015 = CARTESIAN_POINT ( 'NONE',  ( 2.800000000000000266, 57.53491604948001736, -7.270195406179567499 ) ) ;
#5016 = CARTESIAN_POINT ( 'NONE',  ( 0.000000000000000000, 59.13591604948001645, 9.729804593820427172 ) ) ;
#5017 = DIRECTION ( 'NONE',  ( 0.000000000000000000, -1.000000000000000000, 0.000000000000000000 ) ) ;
#5018 = LINE ( 'NONE', #8259, #9907 ) ;
#5019 = EDGE_CURVE ( 'NONE', #6910, #7676, #2432, .T. ) ;
#5020 = CARTESIAN_POINT ( 'NONE',  ( 9.443940490462129134, 65.36947317842647465, 9.891604984940990164 ) ) ;
#5021 = CIRCLE ( 'NONE', #1809, 0.7999999999999986011 ) ;
#5022 = DIRECTION ( 'NONE',  ( 0.000000000000000000, 1.000000000000000000, 0.000000000000000000 ) ) ;
#5023 = VERTEX_POINT ( 'NONE', #1154 ) ;
#5024 = VECTOR ( 'NONE', #8716, 1000.000000000000000 ) ;
#5025 = CARTESIAN_POINT ( 'NONE',  ( 1.702259050814819900E-15, 63.13591604948001645, 23.52980459382042611 ) ) ;
#5026 = VERTEX_POINT ( 'NONE', #5259 ) ;
#5027 = DIRECTION ( 'NONE',  ( -0.000000000000000000, -0.000000000000000000, -1.000000000000000000 ) ) ;
#5028 = AXIS2_PLACEMENT_3D ( 'NONE', #867, #2645, #7361 ) ;
#5029 = CARTESIAN_POINT ( 'NONE',  ( 6.448720909120149614, 67.26495738430764959, 8.909246216289021802 ) ) ;
#5030 = ORIENTED_EDGE ( 'NONE', *, *, #389, .F. ) ;
#5031 = EDGE_CURVE ( 'NONE', #265, #9725, #1933, .T. ) ;
#5032 = VERTEX_POINT ( 'NONE', #2675 ) ;
#5033 = CARTESIAN_POINT ( 'NONE',  ( -11.70736947396810024, 40.23591604948001077, 8.729804593820304603 ) ) ;
#5034 = ORIENTED_EDGE ( 'NONE', *, *, #10425, .F. ) ;
#5035 = EDGE_LOOP ( 'NONE', ( #1138, #5205, #6172, #805 ) ) ;
#5036 = CARTESIAN_POINT ( 'NONE',  ( 8.867759061886591354, 43.73591604948001077, 3.831894012917366421 ) ) ;
#5037 = DIRECTION ( 'NONE',  ( -0.000000000000000000, 1.000000000000000000, -0.000000000000000000 ) ) ;
#5038 = ORIENTED_EDGE ( 'NONE', *, *, #7204, .T. ) ;
#5039 = EDGE_CURVE ( 'NONE', #4003, #4075, #5050, .T. ) ;
#5040 = DIRECTION ( 'NONE',  ( 1.000000000000000000, 0.000000000000000000, 1.015447888376674090E-14 ) ) ;
#5041 = ORIENTED_EDGE ( 'NONE', *, *, #6359, .F. ) ;
#5042 = DIRECTION ( 'NONE',  ( 0.000000000000000000, -1.000000000000000000, 0.000000000000000000 ) ) ;
#5043 = FACE_OUTER_BOUND ( 'NONE', #3153, .T. ) ;
#5044 = EDGE_CURVE ( 'NONE', #5894, #3149, #2309, .T. ) ;
#5045 = ORIENTED_EDGE ( 'NONE', *, *, #9464, .F. ) ;
#5046 = EDGE_LOOP ( 'NONE', ( #4375, #9410, #368, #3177 ) ) ;
#5047 = EDGE_CURVE ( 'NONE', #7370, #6909, #8401, .T. ) ;
#5048 = CARTESIAN_POINT ( 'NONE',  ( 1.025000000000016120, 66.63591604948001645, 3.311130665352026714 ) ) ;
#5049 = ORIENTED_EDGE ( 'NONE', *, *, #4801, .F. ) ;
#5050 = LINE ( 'NONE', #5900, #9045 ) ;
#5051 = AXIS2_PLACEMENT_3D ( 'NONE', #10447, #6282, #831 ) ;
#5052 = PLANE ( 'NONE',  #9604 ) ;
#5053 = EDGE_CURVE ( 'NONE', #9903, #3687, #7597, .T. ) ;
#5054 = PLANE ( 'NONE',  #6765 ) ;
#5055 = CYLINDRICAL_SURFACE ( 'NONE', #1343, 1.000000000000000000 ) ;
#5056 = CARTESIAN_POINT ( 'NONE',  ( 1.000000000000000666, 37.48007098509964408, 22.65683872341674032 ) ) ;
#5057 = EDGE_CURVE ( 'NONE', #5402, #4318, #599, .T. ) ;
#5058 = VECTOR ( 'NONE', #10142, 1000.000000000000000 ) ;
#5059 = EDGE_CURVE ( 'NONE', #10006, #7579, #7514, .T. ) ;
#5060 = VERTEX_POINT ( 'NONE', #6862 ) ;
#5061 = CARTESIAN_POINT ( 'NONE',  ( -0.2668127073915436132, 67.63488445483297085, 3.234063947247261872 ) ) ;
#5062 = VERTEX_POINT ( 'NONE', #6064 ) ;
#5063 = AXIS2_PLACEMENT_3D ( 'NONE', #626, #2247, #7749 ) ;
#5064 = CARTESIAN_POINT ( 'NONE',  ( -0.8941415474829679244, 66.11658931870294964, 3.291380215753957561 ) ) ;
#5065 = CARTESIAN_POINT ( 'NONE',  ( 0.6147996344298303217, 65.53837097761523012, 19.15499778758970351 ) ) ;
#5066 = FACE_OUTER_BOUND ( 'NONE', #7410, .T. ) ;
#5067 = DIRECTION ( 'NONE',  ( 0.7071067811865400232, 8.659560562354929160E-17, 0.7071067811865550112 ) ) ;
#5068 = CARTESIAN_POINT ( 'NONE',  ( 1.043394649214264502, 63.83591604948001219, 7.634255117909384936 ) ) ;
#5069 = CIRCLE ( 'NONE', #8955, 1.100000000000000311 ) ;
#5070 = CARTESIAN_POINT ( 'NONE',  ( 0.000000000000000000, 57.53491604948001736, 9.729804593820427172 ) ) ;
#5071 = AXIS2_PLACEMENT_3D ( 'NONE', #9127, #1973, #6693 ) ;
#5072 = CARTESIAN_POINT ( 'NONE',  ( 4.660649489949149960, 38.53591604948001503, 5.069155103871286983 ) ) ;
#5073 = ORIENTED_EDGE ( 'NONE', *, *, #4023, .F. ) ;
#5074 = VECTOR ( 'NONE', #7289, 1000.000000000000000 ) ;
#5075 = CARTESIAN_POINT ( 'NONE',  ( 0.000000000000000000, 59.23591604948001788, 9.729804593820427172 ) ) ;
#5076 = ORIENTED_EDGE ( 'NONE', *, *, #4608, .F. ) ;
#5077 = CARTESIAN_POINT ( 'NONE',  ( -6.499999897834149998, 37.23591604948001077, 10.75595705036433003 ) ) ;
#5078 = CARTESIAN_POINT ( 'NONE',  ( -1.024999999999970157, 66.63591604948001645, 3.311130665352016500 ) ) ;
#5079 = ORIENTED_EDGE ( 'NONE', *, *, #3827, .T. ) ;
#5080 = EDGE_LOOP ( 'NONE', ( #1916, #5733, #110, #1307 ) ) ;
#5081 = AXIS2_PLACEMENT_3D ( 'NONE', #5584, #7967, #8823 ) ;
#5082 = LINE ( 'NONE', #5188, #9880 ) ;
#5083 = ORIENTED_EDGE ( 'NONE', *, *, #2959, .T. ) ;
#5084 = EDGE_CURVE ( 'NONE', #7917, #1344, #1609, .T. ) ;
#5085 = CIRCLE ( 'NONE', #6451, 14.00000000000000355 ) ;
#5086 = DIRECTION ( 'NONE',  ( -0.000000000000000000, -1.000000000000000000, -0.000000000000000000 ) ) ;
#5087 = VERTEX_POINT ( 'NONE', #8804 ) ;
#5088 = DIRECTION ( 'NONE',  ( 0.000000000000000000, 0.000000000000000000, -1.000000000000000000 ) ) ;
#5089 = DIRECTION ( 'NONE',  ( 0.000000000000000000, 1.000000000000000000, 0.000000000000000000 ) ) ;
#5090 = DIRECTION ( 'NONE',  ( -1.000000000000000000, 0.000000000000000000, -0.000000000000000000 ) ) ;
#5091 = LINE ( 'NONE', #8331, #6518 ) ;
#5092 = EDGE_LOOP ( 'NONE', ( #4156, #10226 ) ) ;
#5093 = CARTESIAN_POINT ( 'NONE',  ( -0.6141395536092433272, 65.53793338013490200, 19.15504184221845918 ) ) ;
#5094 = VERTEX_POINT ( 'NONE', #9011 ) ;
#5095 = CARTESIAN_POINT ( 'NONE',  ( 8.969675008373720004, 39.73591604948001077, 2.736625488832230335 ) ) ;
#5096 = DIRECTION ( 'NONE',  ( 0.000000000000000000, 0.000000000000000000, -1.000000000000000000 ) ) ;
#5097 = B_SPLINE_CURVE_WITH_KNOTS ( 'NONE', 3,
 ( #8368, #4388, #5226, #4237 ),
 .UNSPECIFIED., .F., .F.,
 ( 4, 4 ),
 ( 8.470329472542999629E-22, 0.0001283903908514654054 ),
 .UNSPECIFIED. ) ;
#5098 = ORIENTED_EDGE ( 'NONE', *, *, #10347, .F. ) ;
#5099 = ADVANCED_FACE ( 'NONE', ( #762 ), #2955, .T. ) ;
#5100 = ORIENTED_EDGE ( 'NONE', *, *, #3449, .T. ) ;
#5101 = CARTESIAN_POINT ( 'NONE',  ( -1.836734693877549951, 80.83389579592666507, -1.369245170204713036 ) ) ;
#5102 = EDGE_LOOP ( 'NONE', ( #10307, #1722, #8196, #3864 ) ) ;
#5103 = DIRECTION ( 'NONE',  ( 0.000000000000000000, 0.000000000000000000, -1.000000000000000000 ) ) ;
#5104 = CARTESIAN_POINT ( 'NONE',  ( 0.3232328796175274466, 65.39644387378028512, 0.2891783741295831378 ) ) ;
#5105 = EDGE_CURVE ( 'NONE', #1032, #5631, #5851, .T. ) ;
#5106 = CARTESIAN_POINT ( 'NONE',  ( -1.449999999999999512, 59.14591604948001446, -4.470195406179568565 ) ) ;
#5107 = CARTESIAN_POINT ( 'NONE',  ( 13.71844261651407670, 38.26776377237172255, 10.72980459382047513 ) ) ;
#5108 = CARTESIAN_POINT ( 'NONE',  ( 6.499999433794410031, 39.73591604948001077, 9.733810752080316320 ) ) ;
#5109 = ORIENTED_EDGE ( 'NONE', *, *, #710, .F. ) ;
#5110 = EDGE_CURVE ( 'NONE', #345, #7079, #10010, .T. ) ;
#5111 = CARTESIAN_POINT ( 'NONE',  ( 1.016339595089189919E-12, 67.66091604948893234, 3.229804593819016745 ) ) ;
#5112 = ORIENTED_EDGE ( 'NONE', *, *, #6820, .T. ) ;
#5113 = LINE ( 'NONE', #8411, #1430 ) ;
#5114 = AXIS2_PLACEMENT_3D ( 'NONE', #10060, #9227, #1959 ) ;
#5115 = FACE_OUTER_BOUND ( 'NONE', #8051, .T. ) ;
#5116 = DIRECTION ( 'NONE',  ( -1.000000000000000000, 0.000000000000000000, -3.384826294588915211E-15 ) ) ;
#5117 = ADVANCED_FACE ( 'NONE', ( #1755 ), #7206, .F. ) ;
#5118 = DIRECTION ( 'NONE',  ( 0.000000000000000000, 1.000000000000000000, 0.000000000000000000 ) ) ;
#5119 = CARTESIAN_POINT ( 'NONE',  ( 0.2259228640666236798, 63.13591604948001645, 7.742605846967979488 ) ) ;
#5120 = AXIS2_PLACEMENT_3D ( 'NONE', #6400, #2373, #5600 ) ;
#5121 = CARTESIAN_POINT ( 'NONE',  ( 0.000000000000000000, 59.13591604948001645, 9.729804593820427172 ) ) ;
#5122 = EDGE_CURVE ( 'NONE', #5424, #8775, #3285, .T. ) ;
#5123 = DIRECTION ( 'NONE',  ( 7.885106708985484498E-15, 0.000000000000000000, 1.000000000000000000 ) ) ;
#5124 = ORIENTED_EDGE ( 'NONE', *, *, #8818, .F. ) ;
#5125 = AXIS2_PLACEMENT_3D ( 'NONE', #6824, #10047, #10210 ) ;
#5126 = DIRECTION ( 'NONE',  ( 4.336808689942016158E-15, 0.000000000000000000, -1.000000000000000000 ) ) ;
#5127 = DIRECTION ( 'NONE',  ( -0.000000000000000000, -1.000000000000000000, -0.000000000000000000 ) ) ;
#5128 = ORIENTED_EDGE ( 'NONE', *, *, #239, .T. ) ;
#5129 = CARTESIAN_POINT ( 'NONE',  ( 1.025000000000021894, 66.63591604948001645, 0.5348045938204266658 ) ) ;
#5130 = CARTESIAN_POINT ( 'NONE',  ( 6.423037344485593714, 66.90357726659027549, 8.731130685419985937 ) ) ;
#5131 = ORIENTED_EDGE ( 'NONE', *, *, #6286, .T. ) ;
#5132 = ORIENTED_EDGE ( 'NONE', *, *, #5253, .T. ) ;
#5133 = AXIS2_PLACEMENT_3D ( 'NONE', #4451, #9175, #2863 ) ;
#5134 = VECTOR ( 'NONE', #4896, 1000.000000000000000 ) ;
#5135 = CARTESIAN_POINT ( 'NONE',  ( 1.734285328746095018E-15, 67.91091604948002214, 19.17480459382042568 ) ) ;
#5136 = ORIENTED_EDGE ( 'NONE', *, *, #1575, .F. ) ;
#5137 = DIRECTION ( 'NONE',  ( 0.000000000000000000, -1.000000000000000000, 0.000000000000000000 ) ) ;
#5138 = EDGE_LOOP ( 'NONE', ( #7211, #6921, #8205, #5693 ) ) ;
#5139 = CIRCLE ( 'NONE', #3621, 9.445000000000000284 ) ;
#5140 = AXIS2_PLACEMENT_3D ( 'NONE', #5033, #5675, #4874 ) ;
#5141 = AXIS2_PLACEMENT_3D ( 'NONE', #8641, #3816, #444 ) ;
#5142 = DIRECTION ( 'NONE',  ( 0.000000000000000000, 0.000000000000000000, 1.000000000000000000 ) ) ;
#5143 = CARTESIAN_POINT ( 'NONE',  ( 0.5000000000000004441, 59.13591604948001645, -4.470195406179568565 ) ) ;
#5144 = CARTESIAN_POINT ( 'NONE',  ( -9.195000000000000284, 66.63591604948001645, 10.75480459382036891 ) ) ;
#5145 = DIRECTION ( 'NONE',  ( 0.000000000000000000, 0.000000000000000000, 1.000000000000000000 ) ) ;
#5146 = ORIENTED_EDGE ( 'NONE', *, *, #2895, .T. ) ;
#5147 = CYLINDRICAL_SURFACE ( 'NONE', #4211, 1.000000000000000000 ) ;
#5148 = ORIENTED_EDGE ( 'NONE', *, *, #9818, .T. ) ;
#5149 = EDGE_CURVE ( 'NONE', #9125, #7791, #2607, .T. ) ;
#5150 = FACE_BOUND ( 'NONE', #6839, .T. ) ;
#5152 = CIRCLE ( 'NONE', #5495, 1.000000000000000888 ) ;
#5151 = FACE_OUTER_BOUND ( 'NONE', #6441, .T. ) ;
#5153 = VERTEX_POINT ( 'NONE', #2438 ) ;
#5154 = ORIENTED_EDGE ( 'NONE', *, *, #2997, .F. ) ;
#5155 = LINE ( 'NONE', #9979, #4398 ) ;
#5156 = ORIENTED_EDGE ( 'NONE', *, *, #8246, .F. ) ;
#5157 = CARTESIAN_POINT ( 'NONE',  ( -1.000000000000000000, 37.48007098509953039, -3.197229535775447218 ) ) ;
#5158 = DIRECTION ( 'NONE',  ( 0.000000000000000000, 0.000000000000000000, 1.000000000000000000 ) ) ;
#5159 = AXIS2_PLACEMENT_3D ( 'NONE', #9116, #1965, #9280 ) ;
#5160 = CARTESIAN_POINT ( 'NONE',  ( 9.194344714453380973, 37.23591604948001077, 1.953567121087946834 ) ) ;
#5161 = ORIENTED_EDGE ( 'NONE', *, *, #5429, .T. ) ;
#5162 = FACE_OUTER_BOUND ( 'NONE', #8558, .T. ) ;
#5163 = EDGE_CURVE ( 'NONE', #6177, #3391, #4870, .T. ) ;
#5164 = DIRECTION ( 'NONE',  ( 0.000000000000000000, -1.000000000000000000, 0.000000000000000000 ) ) ;
#5165 = CIRCLE ( 'NONE', #627, 1.000000000000000888 ) ;
#5166 = CIRCLE ( 'NONE', #5849, 1.749999999999999778 ) ;
#5167 = VERTEX_POINT ( 'NONE', #4818 ) ;
#5168 = CARTESIAN_POINT ( 'NONE',  ( 1.723387009752639737E-14, 39.73591604948001077, 8.729804593820521319 ) ) ;
#5169 = ORIENTED_EDGE ( 'NONE', *, *, #5291, .T. ) ;
#5170 = DIRECTION ( 'NONE',  ( 0.000000000000000000, 0.000000000000000000, -1.000000000000000000 ) ) ;
#5171 = CARTESIAN_POINT ( 'NONE',  ( 0.3210997528668394496, 65.39531543308578421, 19.17055044339736369 ) ) ;
#5172 = CARTESIAN_POINT ( 'NONE',  ( -4.660649489949130420, 39.73591604948001077, 5.069155103871266554 ) ) ;
#5173 = CARTESIAN_POINT ( 'NONE',  ( -1.555555555555540037, 38.53591604948001503, 12.86512705149209168 ) ) ;
#5174 = DIRECTION ( 'NONE',  ( 0.000000000000000000, 0.000000000000000000, -1.000000000000000000 ) ) ;
#5175 = ADVANCED_FACE ( 'NONE', ( #3135 ), #8107, .F. ) ;
#5176 = CARTESIAN_POINT ( 'NONE',  ( 9.410896190440571019, 65.68697307478566927, 8.925929713187811032 ) ) ;
#5177 = DIRECTION ( 'NONE',  ( 0.000000000000000000, 1.000000000000000000, 0.000000000000000000 ) ) ;
#5178 = ORIENTED_EDGE ( 'NONE', *, *, #5314, .F. ) ;
#5179 = EDGE_CURVE ( 'NONE', #2574, #7692, #3180, .T. ) ;
#5180 = LINE ( 'NONE', #8372, #9362 ) ;
#5181 = DIRECTION ( 'NONE',  ( 0.000000000000000000, -1.000000000000000000, 0.000000000000000000 ) ) ;
#5182 = ADVANCED_FACE ( 'NONE', ( #6369 ), #5988, .F. ) ;
#5183 = CARTESIAN_POINT ( 'NONE',  ( 6.418673928468390244, 66.63591604948001645, 10.75480459382050746 ) ) ;
#5184 = FACE_BOUND ( 'NONE', #5909, .T. ) ;
#5185 = VERTEX_POINT ( 'NONE', #6413 ) ;
#5186 = EDGE_CURVE ( 'NONE', #822, #2134, #4201, .T. ) ;
#5187 = EDGE_LOOP ( 'NONE', ( #5611, #10314, #1573, #5454 ) ) ;
#5188 = CARTESIAN_POINT ( 'NONE',  ( -1.555555555555555136, 53.73541098609166511, 6.594482136148766216 ) ) ;
#5189 = ORIENTED_EDGE ( 'NONE', *, *, #1697, .F. ) ;
#5190 = EDGE_CURVE ( 'NONE', #2056, #5462, #7343, .T. ) ;
#5191 = EDGE_CURVE ( 'NONE', #3152, #3497, #7621, .T. ) ;
#5192 = AXIS2_PLACEMENT_3D ( 'NONE', #2949, #9364, #8569 ) ;
#5193 = ORIENTED_EDGE ( 'NONE', *, *, #931, .T. ) ;
#5194 = DIRECTION ( 'NONE',  ( 0.000000000000000000, 1.000000000000000000, 0.000000000000000000 ) ) ;
#5195 = CARTESIAN_POINT ( 'NONE',  ( -9.425068902795736392, 67.73099305134623194, 9.115547229326086409 ) ) ;
#5196 = CARTESIAN_POINT ( 'NONE',  ( 0.000000000000000000, 59.23591604948001788, 6.229804593820427172 ) ) ;
#5197 = CARTESIAN_POINT ( 'NONE',  ( 4.660649489949149960, 31.87054094663176329, 6.069155103871286094 ) ) ;
#5198 = ORIENTED_EDGE ( 'NONE', *, *, #9818, .F. ) ;
#5199 = PLANE ( 'NONE',  #3372 ) ;
#5200 = ORIENTED_EDGE ( 'NONE', *, *, #872, .F. ) ;
#5201 = AXIS2_PLACEMENT_3D ( 'NONE', #10258, #5267, #6189 ) ;
#5202 = DIRECTION ( 'NONE',  ( 0.000000000000000000, 0.000000000000000000, -1.000000000000000000 ) ) ;
#5203 = DIRECTION ( 'NONE',  ( 0.000000000000000000, 1.000000000000000000, 0.000000000000000000 ) ) ;
#5204 = EDGE_LOOP ( 'NONE', ( #1093, #6060, #1937, #1924 ) ) ;
#5205 = ORIENTED_EDGE ( 'NONE', *, *, #3384, .T. ) ;
#5206 = FACE_OUTER_BOUND ( 'NONE', #5237, .T. ) ;
#5207 = ORIENTED_EDGE ( 'NONE', *, *, #5651, .T. ) ;
#5208 = DIRECTION ( 'NONE',  ( 0.000000000000000000, -1.000000000000000000, 0.000000000000000000 ) ) ;
#5209 = DIRECTION ( 'NONE',  ( 0.000000000000000000, -1.000000000000000000, 0.000000000000000000 ) ) ;
#5210 = CARTESIAN_POINT ( 'NONE',  ( -4.660649489949130420, 39.73591604948001077, 5.069155103871266554 ) ) ;
#5211 = EDGE_LOOP ( 'NONE', ( #660, #187, #8524, #2409 ) ) ;
#5212 = DIRECTION ( 'NONE',  ( -0.1129614320333118260, 0.000000000000000000, 0.9935993734262231758 ) ) ;
#5213 = DIRECTION ( 'NONE',  ( 0.000000000000000000, 1.000000000000000000, 0.000000000000000000 ) ) ;
#5214 = EDGE_LOOP ( 'NONE', ( #9295, #5076, #5725, #2150 ) ) ;
#5215 = DIRECTION ( 'NONE',  ( 0.000000000000000000, 1.000000000000000000, 0.000000000000000000 ) ) ;
#5216 = ORIENTED_EDGE ( 'NONE', *, *, #1948, .T. ) ;
#5217 = EDGE_CURVE ( 'NONE', #5861, #4225, #10050, .T. ) ;
#5218 = DIRECTION ( 'NONE',  ( 0.000000000000000000, -1.000000000000000000, 0.000000000000000000 ) ) ;
#5219 = CARTESIAN_POINT ( 'NONE',  ( -6.499999897834149998, 37.23591604948001077, 9.730957050364331451 ) ) ;
#5220 = CARTESIAN_POINT ( 'NONE',  ( 9.386225940534655976, 67.26532196929318275, 10.78348617065936210 ) ) ;
#5221 = DIRECTION ( 'NONE',  ( 0.000000000000000000, 1.000000000000000000, 0.000000000000000000 ) ) ;
#5222 = CARTESIAN_POINT ( 'NONE',  ( 5.727727414766839696E-15, 50.29182918005297154, 8.729804593820396974 ) ) ;
#5223 = CARTESIAN_POINT ( 'NONE',  ( -1.449999999999999512, 59.13591604948001645, -7.770195406179568387 ) ) ;
#5224 = AXIS2_PLACEMENT_3D ( 'NONE', #4529, #9149, #6014 ) ;
#5225 = VECTOR ( 'NONE', #888, 1000.000000000000000 ) ;
#5226 = CARTESIAN_POINT ( 'NONE',  ( -7.776237472732570488, 37.23591604948001077, 18.92414930827372643 ) ) ;
#5227 = EDGE_CURVE ( 'NONE', #2629, #1136, #1076, .T. ) ;
#5228 = ORIENTED_EDGE ( 'NONE', *, *, #1262, .T. ) ;
#5229 = LINE ( 'NONE', #2058, #1589 ) ;
#5230 = EDGE_CURVE ( 'NONE', #7680, #1441, #4969, .T. ) ;
#5231 = DIRECTION ( 'NONE',  ( -1.000000000000000000, -0.000000000000000000, -0.000000000000000000 ) ) ;
#5232 = DIRECTION ( 'NONE',  ( 0.000000000000000000, 0.000000000000000000, 1.000000000000000000 ) ) ;
#5233 = DIRECTION ( 'NONE',  ( 0.000000000000000000, 0.000000000000000000, -1.000000000000000000 ) ) ;
#5234 = ORIENTED_EDGE ( 'NONE', *, *, #8853, .T. ) ;
#5235 = AXIS2_PLACEMENT_3D ( 'NONE', #1983, #10194, #8606 ) ;
#5236 = EDGE_CURVE ( 'NONE', #4866, #6095, #8319, .T. ) ;
#5237 = EDGE_LOOP ( 'NONE', ( #8036, #5449, #10428, #9459 ) ) ;
#5238 = LINE ( 'NONE', #1081, #3116 ) ;
#5239 = CONICAL_SURFACE ( 'NONE', #2204, 14.00000000000000000, 0.7853981633974568277 ) ;
#5240 = ORIENTED_EDGE ( 'NONE', *, *, #9564, .F. ) ;
#5241 = EDGE_CURVE ( 'NONE', #330, #6562, #5819, .T. ) ;
#5242 = EDGE_LOOP ( 'NONE', ( #9843, #1180 ) ) ;
#5243 = DIRECTION ( 'NONE',  ( -1.000000000000000000, 0.000000000000000000, 0.000000000000000000 ) ) ;
#5244 = LINE ( 'NONE', #3910, #5276 ) ;
#5245 = CARTESIAN_POINT ( 'NONE',  ( -1.599999999999999645, 57.53491604948001736, -7.270195406179567499 ) ) ;
#5246 = AXIS2_PLACEMENT_3D ( 'NONE', #425, #7757, #6017 ) ;
#5247 = DIRECTION ( 'NONE',  ( 0.000000000000000000, -1.000000000000000000, 0.000000000000000000 ) ) ;
#5248 = VERTEX_POINT ( 'NONE', #1132 ) ;
#5249 = CARTESIAN_POINT ( 'NONE',  ( -1.449999999999999512, 59.14591604948001446, -7.770195406179568387 ) ) ;
#5250 = ADVANCED_FACE ( 'NONE', ( #4344 ), #10062, .F. ) ;
#5251 = VERTEX_POINT ( 'NONE', #3441 ) ;
#5252 = PLANE ( 'NONE',  #879 ) ;
#5253 = EDGE_CURVE ( 'NONE', #7754, #9157, #6678, .T. ) ;
#5254 = CONICAL_SURFACE ( 'NONE', #6791, 1.275000000000000133, 0.7853981633974476129 ) ;
#5255 = VERTEX_POINT ( 'NONE', #2809 ) ;
#5256 = ORIENTED_EDGE ( 'NONE', *, *, #768, .F. ) ;
#5257 = DIRECTION ( 'NONE',  ( -0.7071067811865470176, 8.659560562354919300E-17, 0.7071067811865480168 ) ) ;
#5258 = ORIENTED_EDGE ( 'NONE', *, *, #3927, .T. ) ;
#5259 = CARTESIAN_POINT ( 'NONE',  ( -9.167102047879071236, 39.73591604948001077, -0.8515110164319730224 ) ) ;
#5260 = CYLINDRICAL_SURFACE ( 'NONE', #1326, 3.499999999999999556 ) ;
#5261 = CARTESIAN_POINT ( 'NONE',  ( -0.9999999999999840128, 38.53591604948001503, 13.76093346796972128 ) ) ;
#5262 = ORIENTED_EDGE ( 'NONE', *, *, #8873, .T. ) ;
#5263 = DIRECTION ( 'NONE',  ( 0.1129614320333118399, 0.000000000000000000, -0.9935993734262232868 ) ) ;
#5264 = CARTESIAN_POINT ( 'NONE',  ( 3.953542708762585178, 50.29182918005297154, 15.09756086495611704 ) ) ;
#5265 = EDGE_LOOP ( 'NONE', ( #986, #2563, #3939, #3130 ) ) ;
#5266 = CARTESIAN_POINT ( 'NONE',  ( 4.660649489949149960, 39.73591604948001077, 5.069155103871286983 ) ) ;
#5267 = DIRECTION ( 'NONE',  ( 0.000000000000000000, 1.000000000000000000, 0.000000000000000000 ) ) ;
#5268 = LINE ( 'NONE', #383, #8350 ) ;
#5269 = CARTESIAN_POINT ( 'NONE',  ( -1.008233917515684031, 37.23591604948001077, -2.227764739767854607 ) ) ;
#5270 = CARTESIAN_POINT ( 'NONE',  ( 9.436954622423312955, 67.84188256570394060, 9.333091943988884864 ) ) ;
#5271 = DIRECTION ( 'NONE',  ( -0.000000000000000000, -1.000000000000000000, -0.000000000000000000 ) ) ;
#5272 = CARTESIAN_POINT ( 'NONE',  ( 2.800000000000000266, 57.53491604948001736, -4.470195406179566788 ) ) ;
#5273 = FACE_OUTER_BOUND ( 'NONE', #7647, .T. ) ;
#5274 = EDGE_CURVE ( 'NONE', #9438, #2653, #7109, .T. ) ;
#5275 = CARTESIAN_POINT ( 'NONE',  ( 0.000000000000000000, 80.83389579592666507, 9.729804593820427172 ) ) ;
#5276 = VECTOR ( 'NONE', #1290, 1000.000000000000000 ) ;
#5277 = VERTEX_POINT ( 'NONE', #5129 ) ;
#5278 = VECTOR ( 'NONE', #2047, 1000.000000000000000 ) ;
#5279 = CARTESIAN_POINT ( 'NONE',  ( -4.660649489949130420, 39.73591604948001077, 5.069155103871266554 ) ) ;
#5280 = DIRECTION ( 'NONE',  ( 1.000000000000000000, 0.000000000000000000, 5.923934121594231140E-15 ) ) ;
#5281 = CARTESIAN_POINT ( 'NONE',  ( 0.8948707634268656674, 66.11795090785366824, 16.16812524724632638 ) ) ;
#5282 = FACE_OUTER_BOUND ( 'NONE', #6357, .T. ) ;
#5283 = VERTEX_POINT ( 'NONE', #5077 ) ;
#5284 = DIRECTION ( 'NONE',  ( 0.000000000000000000, 0.000000000000000000, 1.000000000000000000 ) ) ;
#5285 = ORIENTED_EDGE ( 'NONE', *, *, #4260, .F. ) ;
#5286 = VECTOR ( 'NONE', #10284, 1000.000000000000000 ) ;
#5287 = EDGE_CURVE ( 'NONE', #303, #7588, #1175, .T. ) ;
#5288 = DIRECTION ( 'NONE',  ( 0.000000000000000000, -1.000000000000000000, 0.000000000000000000 ) ) ;
#5289 = CONICAL_SURFACE ( 'NONE', #259, 6.500000000000000888, 0.7853981633974335130 ) ;
#5290 = EDGE_LOOP ( 'NONE', ( #9503, #133, #4675, #3444 ) ) ;
#5291 = EDGE_CURVE ( 'NONE', #1189, #4360, #8878, .T. ) ;
#5292 = ORIENTED_EDGE ( 'NONE', *, *, #5415, .F. ) ;
#5293 = DIRECTION ( 'NONE',  ( 0.000000000000000000, 1.000000000000000000, 0.000000000000000000 ) ) ;
#5294 = CARTESIAN_POINT ( 'NONE',  ( -0.6148696735634202604, 67.73342328637937726, 0.3046158605513994977 ) ) ;
#5295 = CARTESIAN_POINT ( 'NONE',  ( -2.269462866248204551E-14, 66.63591604948001645, 19.17480459382042568 ) ) ;
#5296 = PRODUCT_DEFINITION_FORMATION_WITH_SPECIFIED_SOURCE ( 'ä»', '', #5412, .NOT_KNOWN. ) ;
#5297 = CARTESIAN_POINT ( 'NONE',  ( -4.660649489949130420, 38.53591604948001503, 5.069155103871266554 ) ) ;
#5298 = VERTEX_POINT ( 'NONE', #4293 ) ;
#5299 = CARTESIAN_POINT ( 'NONE',  ( 0.000000000000000000, 39.73591604948001077, 9.729804593820427172 ) ) ;
#5300 = VERTEX_POINT ( 'NONE', #7521 ) ;
#5301 = EDGE_CURVE ( 'NONE', #9494, #2790, #2435, .T. ) ;
#5302 = DIRECTION ( 'NONE',  ( 0.000000000000000000, 1.000000000000000000, 0.000000000000000000 ) ) ;
#5303 = CARTESIAN_POINT ( 'NONE',  ( 10.54683559475264687, 38.73069151434220458, 0.5971825614409113081 ) ) ;
#5304 = AXIS2_PLACEMENT_3D ( 'NONE', #1807, #767, #877 ) ;
#5305 = VECTOR ( 'NONE', #2117, 1000.000000000000000 ) ;
#5306 = ORIENTED_EDGE ( 'NONE', *, *, #3420, .F. ) ;
#5307 = EDGE_CURVE ( 'NONE', #3929, #7074, #8476, .T. ) ;
#5308 = ORIENTED_EDGE ( 'NONE', *, *, #6432, .F. ) ;
#5309 = CARTESIAN_POINT ( 'NONE',  ( -12.92703412959494891, 37.48007098509928881, 10.72980459382029395 ) ) ;
#5310 = DIRECTION ( 'NONE',  ( 0.000000000000000000, 0.000000000000000000, 1.000000000000000000 ) ) ;
#5311 = ORIENTED_EDGE ( 'NONE', *, *, #3450, .F. ) ;
#5312 = DIRECTION ( 'NONE',  ( 0.000000000000000000, 1.000000000000000000, 0.000000000000000000 ) ) ;
#5313 = VERTEX_POINT ( 'NONE', #4445 ) ;
#5314 = EDGE_CURVE ( 'NONE', #3497, #7106, #765, .T. ) ;
#5315 = FACE_BOUND ( 'NONE', #9696, .T. ) ;
#5316 = VERTEX_POINT ( 'NONE', #603 ) ;
#5317 = DIRECTION ( 'NONE',  ( 2.983470769828700236E-15, 0.000000000000000000, -1.000000000000000000 ) ) ;
#5318 = AXIS2_PLACEMENT_3D ( 'NONE', #6572, #9640, #7247 ) ;
#5319 = CARTESIAN_POINT ( 'NONE',  ( -0.9999999999999988898, 38.26776377237107596, 23.44824721033356951 ) ) ;
#5320 = VERTEX_POINT ( 'NONE', #4501 ) ;
#5321 = EDGE_CURVE ( 'NONE', #75, #1528, #1391, .T. ) ;
#5322 = AXIS2_PLACEMENT_3D ( 'NONE', #149, #5037, #3192 ) ;
#5323 = CARTESIAN_POINT ( 'NONE',  ( 12.00001374524274134, 37.23591604948001077, 8.727051346749892247 ) ) ;
#5324 = DIRECTION ( 'NONE',  ( 0.000000000000000000, 1.000000000000000000, 0.000000000000000000 ) ) ;
#5325 = ORIENTED_EDGE ( 'NONE', *, *, #5047, .F. ) ;
#5326 = CARTESIAN_POINT ( 'NONE',  ( -2.399999999999999467, 59.14591604948001446, -7.770195406179568387 ) ) ;
#5327 = CARTESIAN_POINT ( 'NONE',  ( 7.742349322190920979, 37.23591604948001077, 18.89801199620665884 ) ) ;
#5328 = FACE_OUTER_BOUND ( 'NONE', #2077, .T. ) ;
#5329 = DIRECTION ( 'NONE',  ( 1.000000000000000000, 0.000000000000000000, 0.000000000000000000 ) ) ;
#5330 = CARTESIAN_POINT ( 'NONE',  ( -2.269462866248204551E-14, 66.63591604948001645, 18.92480459382042568 ) ) ;
#5331 = DIRECTION ( 'NONE',  ( 1.577021341797096821E-15, 0.000000000000000000, 1.000000000000000000 ) ) ;
#5332 = CIRCLE ( 'NONE', #452, 12.90000000000000036 ) ;
#5333 = DIRECTION ( 'NONE',  ( 0.000000000000000000, 0.000000000000000000, 1.000000000000000000 ) ) ;
#5334 = EDGE_LOOP ( 'NONE', ( #4088, #6661, #7328, #1020 ) ) ;
#5335 = DIRECTION ( 'NONE',  ( 0.000000000000000000, 0.000000000000000000, -1.000000000000000000 ) ) ;
#5336 = CARTESIAN_POINT ( 'NONE',  ( -0.03388842960999357418, 63.83591604948001219, 10.02788440584829388 ) ) ;
#5337 = AXIS2_PLACEMENT_3D ( 'NONE', #5222, #6719, #6669 ) ;
#5338 = CARTESIAN_POINT ( 'NONE',  ( 3.367778697655220026E-16, 59.13591604948001645, 6.979804593820427172 ) ) ;
#5339 = EDGE_CURVE ( 'NONE', #10163, #7074, #7090, .T. ) ;
#5340 = DIRECTION ( 'NONE',  ( 0.000000000000000000, 0.000000000000000000, -1.000000000000000000 ) ) ;
#5341 = ORIENTED_EDGE ( 'NONE', *, *, #10283, .T. ) ;
#5342 = VECTOR ( 'NONE', #753, 1000.000000000000000 ) ;
#5343 = CARTESIAN_POINT ( 'NONE',  ( 1.836970198721025250E-16, 63.33591604948001219, 8.229804593820427172 ) ) ;
#5344 = VERTEX_POINT ( 'NONE', #8529 ) ;
#5345 = PLANE ( 'NONE',  #8369 ) ;
#5346 = ORIENTED_EDGE ( 'NONE', *, *, #4764, .F. ) ;
#5347 = ORIENTED_EDGE ( 'NONE', *, *, #1054, .T. ) ;
#5348 = EDGE_CURVE ( 'NONE', #1040, #1036, #7858, .T. ) ;
#5349 = DIRECTION ( 'NONE',  ( 0.7071067811865410224, 0.000000000000000000, 0.7071067811865540120 ) ) ;
#5350 = DIRECTION ( 'NONE',  ( -0.000000000000000000, -1.000000000000000000, -0.000000000000000000 ) ) ;
#5351 = EDGE_LOOP ( 'NONE', ( #3656, #3091, #5292, #5311 ) ) ;
#5352 = DIRECTION ( 'NONE',  ( -0.000000000000000000, 1.000000000000000000, -0.000000000000000000 ) ) ;
#5353 = VERTEX_POINT ( 'NONE', #5447 ) ;
#5354 = CARTESIAN_POINT ( 'NONE',  ( 0.000000000000000000, 59.13591604948001645, 9.729804593820427172 ) ) ;
#5355 = DIRECTION ( 'NONE',  ( 0.000000000000000000, 0.000000000000000000, 1.000000000000000000 ) ) ;
#5356 = CIRCLE ( 'NONE', #815, 14.00000000000000000 ) ;
#5357 = ORIENTED_EDGE ( 'NONE', *, *, #3420, .T. ) ;
#5358 = EDGE_LOOP ( 'NONE', ( #2597, #619, #6336, #10177 ) ) ;
#5359 = AXIS2_PLACEMENT_3D ( 'NONE', #1831, #3521, #5158 ) ;
#5360 = DIRECTION ( 'NONE',  ( 0.000000000000000000, -1.000000000000000000, 0.000000000000000000 ) ) ;
#5361 = EDGE_CURVE ( 'NONE', #1340, #3291, #8370, .T. ) ;
#5362 = VERTEX_POINT ( 'NONE', #9380 ) ;
#5363 = CARTESIAN_POINT ( 'NONE',  ( 0.000000000000000000, 63.13591604948001645, 9.729804593820427172 ) ) ;
#5364 = VERTEX_POINT ( 'NONE', #549 ) ;
#5365 = TOROIDAL_SURFACE ( 'NONE', #2168, 12.00000000000000000, 2.000000000000000000 ) ;
#5366 = DIRECTION ( 'NONE',  ( 0.000000000000000000, 0.000000000000000000, 1.000000000000000000 ) ) ;
#5367 = ORIENTED_EDGE ( 'NONE', *, *, #1571, .F. ) ;
#5368 = CARTESIAN_POINT ( 'NONE',  ( -0.1777647992897761209, 63.83591604948001219, 7.752377406614015420 ) ) ;
#5369 = EDGE_CURVE ( 'NONE', #6534, #1546, #10058, .T. ) ;
#5370 = CARTESIAN_POINT ( 'NONE',  ( 0.000000000000000000, 59.13591604948001645, 9.729804593820427172 ) ) ;
#5371 = AXIS2_PLACEMENT_3D ( 'NONE', #10051, #387, #10157 ) ;
#5372 = VERTEX_POINT ( 'NONE', #7726 ) ;
#5373 = DIRECTION ( 'NONE',  ( 0.000000000000000000, 0.000000000000000000, -1.000000000000000000 ) ) ;
#5374 = LINE ( 'NONE', #5484, #10113 ) ;
#5375 = ADVANCED_FACE ( 'NONE', ( #494 ), #6089, .F. ) ;
#5376 = VERTEX_POINT ( 'NONE', #6145 ) ;
#5377 = DIRECTION ( 'NONE',  ( -0.000000000000000000, -1.000000000000000000, -0.000000000000000000 ) ) ;
#5378 = DIRECTION ( 'NONE',  ( 1.088453945710937704E-14, 0.000000000000000000, -1.000000000000000000 ) ) ;
#5379 = CARTESIAN_POINT ( 'NONE',  ( 9.395718836791527195, 67.40271815221649376, 10.69956677295555103 ) ) ;
#5380 = CARTESIAN_POINT ( 'NONE',  ( 6.499999433794410031, 37.23591604948001077, 9.733810752080316320 ) ) ;
#5381 = CARTESIAN_POINT ( 'NONE',  ( 0.000000000000000000, 59.08591604948001219, 9.729804593820427172 ) ) ;
#5382 = EDGE_CURVE ( 'NONE', #4431, #1454, #3322, .T. ) ;
#5383 = PLANE ( 'NONE',  #3201 ) ;
#5384 = EDGE_CURVE ( 'NONE', #9170, #8667, #3654, .T. ) ;
#5385 = CARTESIAN_POINT ( 'NONE',  ( -3.399999999999999467, 59.14591604948001446, -7.770195406179568387 ) ) ;
#5386 = AXIS2_PLACEMENT_3D ( 'NONE', #7654, #2945, #7071 ) ;
#5387 = ORIENTED_EDGE ( 'NONE', *, *, #3052, .T. ) ;
#5388 = CARTESIAN_POINT ( 'NONE',  ( 1.024999999999970157, 66.63591604948001645, 19.17480459382042568 ) ) ;
#5390 = DIRECTION ( 'NONE',  ( 0.000000000000000000, 1.000000000000000000, 0.000000000000000000 ) ) ;
#5389 = APPLICATION_CONTEXT ( 'configuration controlled 3d designs of mechanical parts and assemblies' ) ;
#5391 = DIRECTION ( 'NONE',  ( 0.000000000000000000, 0.000000000000000000, 1.000000000000000000 ) ) ;
#5392 = VECTOR ( 'NONE', #10076, 1000.000000000000000 ) ;
#5393 = CARTESIAN_POINT ( 'NONE',  ( 8.511295254074099502E-16, 59.13591604948001645, -4.070195406179572650 ) ) ;
#5394 = ORIENTED_EDGE ( 'NONE', *, *, #2336, .F. ) ;
#5395 = CIRCLE ( 'NONE', #4715, 2.750000000000000888 ) ;
#5396 = DIRECTION ( 'NONE',  ( 0.000000000000000000, -1.000000000000000000, 0.000000000000000000 ) ) ;
#5397 = FACE_OUTER_BOUND ( 'NONE', #1725, .T. ) ;
#5398 = VERTEX_POINT ( 'NONE', #5338 ) ;
#5399 = CIRCLE ( 'NONE', #4561, 1.100000000000000311 ) ;
#5400 = AXIS2_PLACEMENT_3D ( 'NONE', #488, #6932, #542 ) ;
#5401 = CARTESIAN_POINT ( 'NONE',  ( 6.499999433794409143, 41.71660454470205792, 9.733810752080316320 ) ) ;
#5402 = VERTEX_POINT ( 'NONE', #6992 ) ;
#5403 = CARTESIAN_POINT ( 'NONE',  ( 0.000000000000000000, 63.13591604948001645, 9.729804593820427172 ) ) ;
#5404 = VECTOR ( 'NONE', #9353, 1000.000000000000000 ) ;
#5405 = FACE_OUTER_BOUND ( 'NONE', #10129, .T. ) ;
#5406 = ORIENTED_EDGE ( 'NONE', *, *, #5236, .F. ) ;
#5407 = CARTESIAN_POINT ( 'NONE',  ( 2.449999999999999734, 59.13591604948001645, -4.470195406179568565 ) ) ;
#5408 = VERTEX_POINT ( 'NONE', #3067 ) ;
#5409 = VECTOR ( 'NONE', #671, 1000.000000000000114 ) ;
#5410 = CIRCLE ( 'NONE', #2182, 1.749999999999999778 ) ;
#5411 = CARTESIAN_POINT ( 'NONE',  ( 0.000000000000000000, 61.63591604948001645, 9.729804593820427172 ) ) ;
#5412 = PRODUCT ( 'dm-s2325-1ec_\X2\8f6c5b50\X0\', 'dm-s2325-1ec_\X2\8f6c5b50\X0\', '', ( #5465 ) ) ;
#5413 = APPLICATION_PROTOCOL_DEFINITION ( 'international standard', 'config_control_design', 1994, #2689 ) ;
#5414 = CIRCLE ( 'NONE', #870, 0.3000000000000003775 ) ;
#5415 = EDGE_CURVE ( 'NONE', #1294, #7658, #4480, .T. ) ;
#5416 = ORIENTED_EDGE ( 'NONE', *, *, #7810, .F. ) ;
#5417 = AXIS2_PLACEMENT_3D ( 'NONE', #7896, #2921, #8704 ) ;
#5418 = ORIENTED_EDGE ( 'NONE', *, *, #8100, .T. ) ;
#5419 = DIRECTION ( 'NONE',  ( 0.000000000000000000, 1.000000000000000000, 0.000000000000000000 ) ) ;
#5420 = DIRECTION ( 'NONE',  ( 0.000000000000000000, 0.000000000000000000, -1.000000000000000000 ) ) ;
#5421 = DIRECTION ( 'NONE',  ( -1.000000000000000000, 0.000000000000000000, -1.723387009752800034E-14 ) ) ;
#5422 = ORIENTED_EDGE ( 'NONE', *, *, #623, .T. ) ;
#5423 = CARTESIAN_POINT ( 'NONE',  ( -8.089941602581438573, 39.73591604948001077, 16.40553263402863493 ) ) ;
#5424 = VERTEX_POINT ( 'NONE', #6942 ) ;
#5425 = CARTESIAN_POINT ( 'NONE',  ( -7.701886556600430644, 33.28616858117417365, 11.00295094165453946 ) ) ;
#5426 = ADVANCED_FACE ( 'NONE', ( #7782 ), #1438, .F. ) ;
#5427 = DIRECTION ( 'NONE',  ( 0.000000000000000000, -0.000000000000000000, 1.000000000000000000 ) ) ;
#5428 = VECTOR ( 'NONE', #4100, 1000.000000000000000 ) ;
#5429 = EDGE_CURVE ( 'NONE', #2702, #1493, #10167, .T. ) ;
#5430 = VERTEX_POINT ( 'NONE', #6202 ) ;
#5431 = CARTESIAN_POINT ( 'NONE',  ( 1.198633929408789989, 66.63591604948001645, 19.09843852322924818 ) ) ;
#5432 = ORIENTED_EDGE ( 'NONE', *, *, #1095, .F. ) ;
#5433 = ADVANCED_FACE ( 'NONE', ( #5659 ), #3969, .F. ) ;
#5434 = ORIENTED_EDGE ( 'NONE', *, *, #4678, .F. ) ;
#5435 = LINE ( 'NONE', #6979, #2265 ) ;
#5436 = FACE_BOUND ( 'NONE', #3354, .T. ) ;
#5437 = CARTESIAN_POINT ( 'NONE',  ( 9.429337639648872837, 67.77198330277695959, 10.27462371814985254 ) ) ;
#5438 = DIRECTION ( 'NONE',  ( -0.000000000000000000, -1.000000000000000000, -0.000000000000000000 ) ) ;
#5439 = CARTESIAN_POINT ( 'NONE',  ( -3.399999999999999467, 59.13591604948001645, -4.470195406179568565 ) ) ;
#5440 = CARTESIAN_POINT ( 'NONE',  ( 0.9988294539326986188, 66.90305938899057026, 16.15281773326008263 ) ) ;
#5441 = EDGE_CURVE ( 'NONE', #2056, #10424, #7986, .T. ) ;
#5442 = DIRECTION ( 'NONE',  ( 0.000000000000000000, 1.000000000000000000, 0.000000000000000000 ) ) ;
#5443 = VERTEX_POINT ( 'NONE', #7240 ) ;
#5444 = DIRECTION ( 'NONE',  ( 0.000000000000000000, 0.000000000000000000, -1.000000000000000000 ) ) ;
#5445 = EDGE_CURVE ( 'NONE', #8591, #3954, #9558, .T. ) ;
#5446 = CARTESIAN_POINT ( 'NONE',  ( -7.838725536381959458, 37.23994810002849221, 0.4768654950651867175 ) ) ;
#5447 = CARTESIAN_POINT ( 'NONE',  ( -3.135322457671644969, 38.53591604948001503, 11.28536014937599674 ) ) ;
#5448 = LINE ( 'NONE', #8584, #295 ) ;
#5449 = ORIENTED_EDGE ( 'NONE', *, *, #1131, .F. ) ;
#5450 = ADVANCED_FACE ( 'NONE', ( #7297 ), #6402, .T. ) ;
#5451 = DIRECTION ( 'NONE',  ( 0.000000000000000000, -1.000000000000000000, -0.000000000000000000 ) ) ;
#5452 = LINE ( 'NONE', #2284, #8707 ) ;
#5453 = CIRCLE ( 'NONE', #2925, 1.024999999999999911 ) ;
#5454 = ORIENTED_EDGE ( 'NONE', *, *, #6607, .T. ) ;
#5455 = DIRECTION ( 'NONE',  ( 0.000000000000000000, 0.000000000000000000, -1.000000000000000000 ) ) ;
#5456 = EDGE_LOOP ( 'NONE', ( #1047, #1997, #3501, #10341 ) ) ;
#5457 = DIRECTION ( 'NONE',  ( 0.000000000000000000, 1.000000000000000000, 0.000000000000000000 ) ) ;
#5458 = FACE_OUTER_BOUND ( 'NONE', #10077, .T. ) ;
#5459 = ORIENTED_EDGE ( 'NONE', *, *, #3838, .F. ) ;
#5460 = AXIS2_PLACEMENT_3D ( 'NONE', #4359, #5889, #1872 ) ;
#5461 = DIRECTION ( 'NONE',  ( -1.000000000000000000, 0.000000000000000000, 0.000000000000000000 ) ) ;
#5462 = VERTEX_POINT ( 'NONE', #8091 ) ;
#5463 = CIRCLE ( 'NONE', #8850, 1.100000000000000089 ) ;
#5464 = CARTESIAN_POINT ( 'NONE',  ( 12.08563196527182093, 50.29182918005297154, 10.72980459382046448 ) ) ;
#5465 = MECHANICAL_CONTEXT ( 'NONE', #5389, 'mechanical' ) ;
#5466 = ORIENTED_EDGE ( 'NONE', *, *, #8235, .F. ) ;
#5467 = AXIS2_PLACEMENT_3D ( 'NONE', #65, #7186, #4115 ) ;
#5468 = ORIENTED_EDGE ( 'NONE', *, *, #8239, .T. ) ;
#5469 = AXIS2_PLACEMENT_3D ( 'NONE', #1896, #8464, #4434 ) ;
#5470 = DIRECTION ( 'NONE',  ( 0.000000000000000000, 1.000000000000000000, 0.000000000000000000 ) ) ;
#5471 = DIRECTION ( 'NONE',  ( -0.000000000000000000, 1.000000000000000000, -0.000000000000000000 ) ) ;
#5472 = FACE_OUTER_BOUND ( 'NONE', #8105, .T. ) ;
#5473 = ORIENTED_EDGE ( 'NONE', *, *, #1220, .T. ) ;
#5474 = EDGE_CURVE ( 'NONE', #6945, #9566, #5500, .T. ) ;
#5475 = CARTESIAN_POINT ( 'NONE',  ( 0.000000000000000000, 39.23591604948001077, 9.729804593820427172 ) ) ;
#5476 = ORIENTED_EDGE ( 'NONE', *, *, #1499, .T. ) ;
#5477 = DIRECTION ( 'NONE',  ( 0.000000000000000000, -1.000000000000000000, -0.000000000000000000 ) ) ;
#5478 = CIRCLE ( 'NONE', #9040, 9.445000000000000284 ) ;
#5479 = PLANE ( 'NONE',  #5081 ) ;
#5480 = VECTOR ( 'NONE', #5566, 1000.000000000000114 ) ;
#5481 = CONICAL_SURFACE ( 'NONE', #8863, 4.000000000000000000, 0.7853981633974482790 ) ;
#5482 = ORIENTED_EDGE ( 'NONE', *, *, #2719, .F. ) ;
#5483 = CARTESIAN_POINT ( 'NONE',  ( 0.5455857219326415430, 67.77402431612998157, 19.15932281641823565 ) ) ;
#5484 = CARTESIAN_POINT ( 'NONE',  ( 6.993179104988140438, 36.84381467316708836, 18.69947960219413474 ) ) ;
#5485 = ORIENTED_EDGE ( 'NONE', *, *, #2122, .F. ) ;
#5486 = CARTESIAN_POINT ( 'NONE',  ( -3.953542708762605162, 38.53591604948001503, 13.68334730258301235 ) ) ;
#5487 = DIRECTION ( 'NONE',  ( 0.000000000000000000, -1.000000000000000000, 0.000000000000000000 ) ) ;
#5488 = CIRCLE ( 'NONE', #947, 1.100000000000000311 ) ;
#5489 = VECTOR ( 'NONE', #1491, 1000.000000000000000 ) ;
#5490 = ADVANCED_FACE ( 'NONE', ( #1594 ), #6184, .T. ) ;
#5491 = DIRECTION ( 'NONE',  ( 0.000000000000000000, 1.000000000000000000, 0.000000000000000000 ) ) ;
#5492 = LINE ( 'NONE', #3647, #6532 ) ;
#5493 = CARTESIAN_POINT ( 'NONE',  ( -1.000000000000000000, 38.53591604948001503, -0.7111005393564736599 ) ) ;
#5494 = CYLINDRICAL_SURFACE ( 'NONE', #5635, 6.500000000000000888 ) ;
#5495 = AXIS2_PLACEMENT_3D ( 'NONE', #5887, #9129, #1870 ) ;
#5496 = ORIENTED_EDGE ( 'NONE', *, *, #7203, .F. ) ;
#5497 = CARTESIAN_POINT ( 'NONE',  ( -0.2482845362398254097, 63.83591604948001219, 7.487405256266078446 ) ) ;
#5498 = CARTESIAN_POINT ( 'NONE',  ( 9.167102047879149396, 39.23591604948001077, 20.31112020407276830 ) ) ;
#5499 = CARTESIAN_POINT ( 'NONE',  ( -1.169754074504569141, 66.95856891224316598, 0.3573411208928112814 ) ) ;
#5500 = LINE ( 'NONE', #6455, #5826 ) ;
#5501 = EDGE_CURVE ( 'NONE', #1659, #5522, #6354, .T. ) ;
#5502 = CARTESIAN_POINT ( 'NONE',  ( 3.449999999999999734, 59.13591604948001645, -4.470195406179568565 ) ) ;
#5503 = EDGE_LOOP ( 'NONE', ( #8262, #3072, #2712, #2342 ) ) ;
#5504 = VECTOR ( 'NONE', #7997, 1000.000000000000000 ) ;
#5505 = CARTESIAN_POINT ( 'NONE',  ( -7.131618755195589188, 37.23591604948001077, 19.68985047376206765 ) ) ;
#5506 = CARTESIAN_POINT ( 'NONE',  ( -4.031128874149245256, 39.73591604948001077, 10.72980459382045026 ) ) ;
#5507 = ADVANCED_FACE ( 'NONE', ( #852, #8742 ), #1645, .F. ) ;
#5508 = VERTEX_POINT ( 'NONE', #3271 ) ;
#5509 = AXIS2_PLACEMENT_3D ( 'NONE', #3382, #9162, #6616 ) ;
#5510 = ADVANCED_FACE ( 'NONE', ( #6513 ), #7193, .F. ) ;
#5511 = VERTEX_POINT ( 'NONE', #10421 ) ;
#5512 = DIRECTION ( 'NONE',  ( 0.000000000000000000, 1.000000000000000000, 0.000000000000000000 ) ) ;
#5513 = VECTOR ( 'NONE', #4565, 1000.000000000000000 ) ;
#5514 = ADVANCED_FACE ( 'NONE', ( #7937 ), #10370, .F. ) ;
#5515 = CARTESIAN_POINT ( 'NONE',  ( -0.03388842960999357418, 63.83591604948001219, 10.02788440584829388 ) ) ;
#5516 = EDGE_LOOP ( 'NONE', ( #1754, #3846 ) ) ;
#5517 = LINE ( 'NONE', #4673, #4450 ) ;
#5518 = ORIENTED_EDGE ( 'NONE', *, *, #7261, .F. ) ;
#5519 = CARTESIAN_POINT ( 'NONE',  ( 7.131618755195469284, 80.83389579592666507, 19.68985047376215647 ) ) ;
#5520 = EDGE_CURVE ( 'NONE', #666, #7953, #3128, .T. ) ;
#5521 = PERSON_AND_ORGANIZATION ( #1306, #8001 ) ;
#5522 = VERTEX_POINT ( 'NONE', #8842 ) ;
#5523 = CARTESIAN_POINT ( 'NONE',  ( 1.000000000000000000, 38.53591604948001503, -2.355827371451393315 ) ) ;
#5524 = CARTESIAN_POINT ( 'NONE',  ( -6.423037344485872602, 66.90357726659026127, 10.72847850221897303 ) ) ;
#5525 = ORIENTED_EDGE ( 'NONE', *, *, #6724, .F. ) ;
#5526 = CARTESIAN_POINT ( 'NONE',  ( -3.399999999999999467, 59.13591604948001645, -4.470195406179568565 ) ) ;
#5527 = VERTEX_POINT ( 'NONE', #6566 ) ;
#5528 = DIRECTION ( 'NONE',  ( 0.000000000000000000, 1.000000000000000000, 0.000000000000000000 ) ) ;
#5529 = AXIS2_PLACEMENT_3D ( 'NONE', #636, #3847, #7077 ) ;
#5530 = CARTESIAN_POINT ( 'NONE',  ( -0.7071067811864829578, 39.73591604948001077, 9.022697812633923675 ) ) ;
#5531 = CARTESIAN_POINT ( 'NONE',  ( 0.7445033568377912303, 67.63836444723976626, 19.14564034509466950 ) ) ;
#5532 = CARTESIAN_POINT ( 'NONE',  ( -9.415935409433636494, 65.63240461918394431, 8.986543156487533324 ) ) ;
#5533 = CIRCLE ( 'NONE', #7227, 2.000000000000000000 ) ;
#5534 = ORIENTED_EDGE ( 'NONE', *, *, #4158, .T. ) ;
#5535 = CARTESIAN_POINT ( 'NONE',  ( 0.000000000000000000, 74.83591604948000509, 12.22980459382042717 ) ) ;
#5536 = PLANE ( 'NONE',  #3795 ) ;
#5537 = CARTESIAN_POINT ( 'NONE',  ( -4.613763209168509682, 38.53591604948001503, 8.729804593820441383 ) ) ;
#5538 = CARTESIAN_POINT ( 'NONE',  ( 0.000000000000000000, 59.13591604948001645, 9.729804593820427172 ) ) ;
#5539 = CIRCLE ( 'NONE', #8256, 9.445000000000000284 ) ;
#5540 = CARTESIAN_POINT ( 'NONE',  ( 0.000000000000000000, 37.23591604948001077, 9.729804593820427172 ) ) ;
#5541 = VECTOR ( 'NONE', #1317, 1000.000000000000000 ) ;
#5542 = CARTESIAN_POINT ( 'NONE',  ( 6.499999433794410031, 37.23591604948001077, 9.733810752080316320 ) ) ;
#5543 = EDGE_LOOP ( 'NONE', ( #1146, #5945, #5132, #4414 ) ) ;
#5544 = EDGE_CURVE ( 'NONE', #9821, #7303, #2424, .T. ) ;
#5545 = DIRECTION ( 'NONE',  ( 0.000000000000000000, -1.000000000000000000, -0.000000000000000000 ) ) ;
#5546 = CYLINDRICAL_SURFACE ( 'NONE', #82, 14.00000000000000000 ) ;
#5547 = LINE ( 'NONE', #6849, #9359 ) ;
#5548 = DIRECTION ( 'NONE',  ( 0.000000000000000000, 1.000000000000000000, 0.000000000000000000 ) ) ;
#5549 = DIRECTION ( 'NONE',  ( 0.1129614320333118399, 0.000000000000000000, -0.9935993734262232868 ) ) ;
#5550 = DIRECTION ( 'NONE',  ( 0.000000000000000000, -0.000000000000000000, 1.000000000000000000 ) ) ;
#5551 = ORIENTED_EDGE ( 'NONE', *, *, #7912, .F. ) ;
#5552 = FACE_OUTER_BOUND ( 'NONE', #7249, .T. ) ;
#5553 = EDGE_CURVE ( 'NONE', #1393, #10415, #4807, .T. ) ;
#5554 = CARTESIAN_POINT ( 'NONE',  ( -0.4499999999999994560, 59.14591604948001446, -7.770195406179568387 ) ) ;
#5555 = AXIS2_PLACEMENT_3D ( 'NONE', #4542, #1119, #2743 ) ;
#5556 = ORIENTED_EDGE ( 'NONE', *, *, #48, .F. ) ;
#5557 = EDGE_CURVE ( 'NONE', #5320, #10108, #910, .T. ) ;
#5558 = CIRCLE ( 'NONE', #7091, 1.000000000000000888 ) ;
#5559 = VECTOR ( 'NONE', #10398, 1000.000000000000000 ) ;
#5560 = ORIENTED_EDGE ( 'NONE', *, *, #8414, .T. ) ;
#5561 = CARTESIAN_POINT ( 'NONE',  ( -10.58131561025219192, 38.98155058613006219, 0.5627025459410892605 ) ) ;
#5562 = EDGE_CURVE ( 'NONE', #6074, #8133, #7352, .T. ) ;
#5563 = CARTESIAN_POINT ( 'NONE',  ( -0.6136227883229152802, 65.53761918340993020, 0.3045339124687587717 ) ) ;
#5564 = ORIENTED_EDGE ( 'NONE', *, *, #6953, .F. ) ;
#5565 = ORIENTED_EDGE ( 'NONE', *, *, #5501, .T. ) ;
#5566 = DIRECTION ( 'NONE',  ( -0.7071067811865495711, 0.000000000000000000, 0.7071067811865455743 ) ) ;
#5567 = VECTOR ( 'NONE', #2519, 1000.000000000000000 ) ;
#5568 = VECTOR ( 'NONE', #390, 1000.000000000000000 ) ;
#5569 = EDGE_CURVE ( 'NONE', #2066, #4151, #948, .T. ) ;
#5570 = AXIS2_PLACEMENT_3D ( 'NONE', #1880, #215, #2620 ) ;
#5571 = ORIENTED_EDGE ( 'NONE', *, *, #6350, .T. ) ;
#5572 = CARTESIAN_POINT ( 'NONE',  ( 7.131618755195469284, 37.23591604948001077, 18.68985047376217068 ) ) ;
#5573 = DIRECTION ( 'NONE',  ( 0.000000000000000000, 0.000000000000000000, -1.000000000000000000 ) ) ;
#5574 = ADVANCED_FACE ( 'NONE', ( #1842 ), #3484, .F. ) ;
#5575 = EDGE_CURVE ( 'NONE', #8916, #721, #8202, .T. ) ;
#5576 = CARTESIAN_POINT ( 'NONE',  ( -8.867759061886511418, 38.53591604948001503, 2.731894012917347236 ) ) ;
#5577 = AXIS2_PLACEMENT_3D ( 'NONE', #2502, #95, #2450 ) ;
#5578 = ORIENTED_EDGE ( 'NONE', *, *, #9606, .F. ) ;
#5579 = CARTESIAN_POINT ( 'NONE',  ( -8.843761163676582271, 37.95821897075821028, -0.5281701322294743983 ) ) ;
#5580 = VERTEX_POINT ( 'NONE', #9216 ) ;
#5581 = DIRECTION ( 'NONE',  ( 0.000000000000000000, 1.000000000000000000, 0.000000000000000000 ) ) ;
#5582 = EDGE_CURVE ( 'NONE', #446, #2733, #6666, .T. ) ;
#5583 = CIRCLE ( 'NONE', #8295, 1.000000000000000000 ) ;
#5584 = CARTESIAN_POINT ( 'NONE',  ( 0.6459548998437752987, 63.83591604948001219, 7.589070545096060272 ) ) ;
#5585 = AXIS2_PLACEMENT_3D ( 'NONE', #5108, #1110, #324 ) ;
#5586 = ORIENTED_EDGE ( 'NONE', *, *, #10273, .T. ) ;
#5587 = ORIENTED_EDGE ( 'NONE', *, *, #5820, .F. ) ;
#5588 = CARTESIAN_POINT ( 'NONE',  ( 0.000000000000000000, 59.13591604948001645, 7.729804593820426284 ) ) ;
#5589 = DIRECTION ( 'NONE',  ( 0.000000000000000000, 1.000000000000000000, 0.000000000000000000 ) ) ;
#5590 = EDGE_LOOP ( 'NONE', ( #9832, #6782, #9620, #3899 ) ) ;
#5591 = DIRECTION ( 'NONE',  ( 0.000000000000000000, -1.000000000000000000, 0.000000000000000000 ) ) ;
#5592 = CARTESIAN_POINT ( 'NONE',  ( -9.252939098755220471, 37.23994810002849221, 17.56853013020241860 ) ) ;
#5593 = DIRECTION ( 'NONE',  ( 1.000000000000000000, 0.000000000000000000, 0.000000000000000000 ) ) ;
#5594 = AXIS2_PLACEMENT_3D ( 'NONE', #3845, #3990, #4587 ) ;
#5595 = CARTESIAN_POINT ( 'NONE',  ( 1.600000000000000533, 57.53491604948001736, -4.470195406179566788 ) ) ;
#5596 = DIRECTION ( 'NONE',  ( 1.000000000000000000, 0.000000000000000000, -5.080105690144320343E-16 ) ) ;
#5597 = ORIENTED_EDGE ( 'NONE', *, *, #9578, .F. ) ;
#5598 = AXIS2_PLACEMENT_3D ( 'NONE', #2295, #7801, #3139 ) ;
#5599 = CYLINDRICAL_SURFACE ( 'NONE', #4111, 1.100000000000000089 ) ;
#5600 = DIRECTION ( 'NONE',  ( 0.000000000000000000, 0.000000000000000000, -1.000000000000000000 ) ) ;
#5601 = CARTESIAN_POINT ( 'NONE',  ( -9.429588394656828854, 67.77468151552400855, 10.27419214279746917 ) ) ;
#5602 = DIRECTION ( 'NONE',  ( 1.000000000000000000, 0.000000000000000000, 0.000000000000000000 ) ) ;
#5603 = LINE ( 'NONE', #7987, #5342 ) ;
#5604 = FACE_OUTER_BOUND ( 'NONE', #8616, .T. ) ;
#5605 = ORIENTED_EDGE ( 'NONE', *, *, #4861, .F. ) ;
#5606 = EDGE_CURVE ( 'NONE', #5627, #7303, #7560, .T. ) ;
#5607 = LINE ( 'NONE', #859, #10312 ) ;
#5608 = B_SPLINE_CURVE_WITH_KNOTS ( 'NONE', 3,
 ( #5657, #8997, #3423, #7295, #9889, #2421, #5064, #2633, #1063, #7503 ),
 .UNSPECIFIED., .F., .F.,
 ( 4, 2, 2, 2, 4 ),
 ( 0.000000000000000000, 0.2500000000000000555, 0.5000000000000001110, 0.7500000000000002220, 1.000000000000000000 ),
 .UNSPECIFIED. ) ;
#5609 = DIRECTION ( 'NONE',  ( 0.000000000000000000, 0.000000000000000000, -1.000000000000000000 ) ) ;
#5610 = ORIENTED_EDGE ( 'NONE', *, *, #5186, .T. ) ;
#5611 = ORIENTED_EDGE ( 'NONE', *, *, #5747, .F. ) ;
#5612 = CARTESIAN_POINT ( 'NONE',  ( -13.58413645412953308, 38.05709085948981851, 8.729804593820286840 ) ) ;
#5613 = CARTESIAN_POINT ( 'NONE',  ( -8.867759061886580696, 38.53591604948001503, 3.831894012917346437 ) ) ;
#5614 = EDGE_LOOP ( 'NONE', ( #7870, #7554, #9312, #7890 ) ) ;
#5615 = EDGE_CURVE ( 'NONE', #6767, #36, #1613, .T. ) ;
#5616 = ORIENTED_EDGE ( 'NONE', *, *, #1895, .F. ) ;
#5617 = AXIS2_PLACEMENT_3D ( 'NONE', #5245, #3507, #1187 ) ;
#5618 = CARTESIAN_POINT ( 'NONE',  ( -1.198567520716576906, 66.80038840917356424, 19.09844701963462654 ) ) ;
#5619 = ADVANCED_FACE ( 'NONE', ( #5066 ), #5916, .F. ) ;
#5620 = CIRCLE ( 'NONE', #8016, 6.250000000000000000 ) ;
#5621 = VECTOR ( 'NONE', #5545, 1000.000000000000000 ) ;
#5622 = ORIENTED_EDGE ( 'NONE', *, *, #10053, .F. ) ;
#5623 = CARTESIAN_POINT ( 'NONE',  ( -7.131618755195589188, 80.83389579592666507, 19.68985047376206765 ) ) ;
#5624 = DIRECTION ( 'NONE',  ( 0.000000000000000000, 1.000000000000000000, 0.000000000000000000 ) ) ;
#5625 = CARTESIAN_POINT ( 'NONE',  ( -6.499999897834149998, 37.46091604948001219, 9.730957050364331451 ) ) ;
#5626 = DIRECTION ( 'NONE',  ( -0.1129614320333120342, 0.000000000000000000, 0.9935993734262232868 ) ) ;
#5627 = VERTEX_POINT ( 'NONE', #6717 ) ;
#5628 = CIRCLE ( 'NONE', #6991, 1.000000000000000888 ) ;
#5629 = EDGE_CURVE ( 'NONE', #6074, #5674, #4304, .T. ) ;
#5630 = CARTESIAN_POINT ( 'NONE',  ( -4.660649489949130420, 31.87054094663176329, 5.069155103871266554 ) ) ;
#5631 = VERTEX_POINT ( 'NONE', #9160 ) ;
#5632 = DIRECTION ( 'NONE',  ( 0.000000000000000000, 1.000000000000000000, 0.000000000000000000 ) ) ;
#5633 = DIRECTION ( 'NONE',  ( -0.000000000000000000, 1.000000000000000000, 0.000000000000000000 ) ) ;
#5634 = ADVANCED_FACE ( 'NONE', ( #4962 ), #8257, .F. ) ;
#5635 = AXIS2_PLACEMENT_3D ( 'NONE', #8734, #6297, #6884 ) ;
#5636 = VECTOR ( 'NONE', #6442, 1000.000000000000000 ) ;
#5637 = EDGE_LOOP ( 'NONE', ( #6063, #1772, #561, #7752, #3526, #5965, #9274, #9393, #6859, #4470, #5831, #4758, #1238, #2243, #8164, #4694, #106, #4516, #2694, #6234, #1199, #1281, #7900, #9114, #5473, #6417, #2512, #2095, #502 ) ) ;
#5638 = ORIENTED_EDGE ( 'NONE', *, *, #8604, .T. ) ;
#5639 = LINE ( 'NONE', #8880, #9439 ) ;
#5640 = ADVANCED_FACE ( 'NONE', ( #8413 ), #9054, .T. ) ;
#5641 = CARTESIAN_POINT ( 'NONE',  ( 10.58131561025223810, 39.23591604948001077, 18.89690664169968315 ) ) ;
#5642 = ORIENTED_EDGE ( 'NONE', *, *, #5696, .F. ) ;
#5643 = DIRECTION ( 'NONE',  ( 0.000000000000000000, 0.000000000000000000, 1.000000000000000000 ) ) ;
#5644 = CARTESIAN_POINT ( 'NONE',  ( -10.44842930687282845, 38.38139982538780970, 18.76402033831999105 ) ) ;
#5645 = EDGE_CURVE ( 'NONE', #3331, #8605, #770, .T. ) ;
#5646 = DIRECTION ( 'NONE',  ( 0.000000000000000000, 0.7071067811865580088, 0.7071067811865370256 ) ) ;
#5647 = CARTESIAN_POINT ( 'NONE',  ( 13.96424004376894068, 39.73591604948001077, 10.72980459382047691 ) ) ;
#5648 = AXIS2_PLACEMENT_3D ( 'NONE', #4947, #953, #5643 ) ;
#5649 = DIRECTION ( 'NONE',  ( 0.000000000000000000, 1.000000000000000000, 0.000000000000000000 ) ) ;
#5650 = CARTESIAN_POINT ( 'NONE',  ( -5.727727414766490230E-15, 39.73591604948001077, 10.72980459382039697 ) ) ;
#5651 = EDGE_CURVE ( 'NONE', #5430, #2330, #8309, .T. ) ;
#5652 = ORIENTED_EDGE ( 'NONE', *, *, #6938, .T. ) ;
#5653 = AXIS2_PLACEMENT_3D ( 'NONE', #3948, #2215, #5593 ) ;
#5654 = CIRCLE ( 'NONE', #7849, 1.000000000000000888 ) ;
#5655 = AXIS2_PLACEMENT_3D ( 'NONE', #4658, #2909, #6303 ) ;
#5656 = CARTESIAN_POINT ( 'NONE',  ( 0.000000000000000000, 59.13591604948001645, 9.729804593820427172 ) ) ;
#5657 = CARTESIAN_POINT ( 'NONE',  ( 7.960204202785249823E-16, 65.61091604948001077, 3.229804593820427172 ) ) ;
#5658 = CARTESIAN_POINT ( 'NONE',  ( 0.7443910042072404698, 65.63337250977727422, 19.14564907868874499 ) ) ;
#5659 = FACE_OUTER_BOUND ( 'NONE', #429, .T. ) ;
#5660 = DIRECTION ( 'NONE',  ( 1.000000000000000000, 0.000000000000000000, 0.000000000000000000 ) ) ;
#5661 = DIRECTION ( 'NONE',  ( 0.000000000000000000, -1.000000000000000000, 0.000000000000000000 ) ) ;
#5662 = ORIENTED_EDGE ( 'NONE', *, *, #2405, .F. ) ;
#5663 = PLANE ( 'NONE',  #8283 ) ;
#5664 = AXIS2_PLACEMENT_3D ( 'NONE', #939, #7374, #4880 ) ;
#5665 = CARTESIAN_POINT ( 'NONE',  ( 1.000000000000000000, 38.23591604948001077, 5.698675719671151718 ) ) ;
#5666 = VERTEX_POINT ( 'NONE', #1118 ) ;
#5667 = ORIENTED_EDGE ( 'NONE', *, *, #5520, .F. ) ;
#5668 = CC_DESIGN_PERSON_AND_ORGANIZATION_ASSIGNMENT ( #7905, #1460, ( #5412 ) ) ;
#5669 = VERTEX_POINT ( 'NONE', #7454 ) ;
#5670 = AXIS2_PLACEMENT_3D ( 'NONE', #8175, #10443, #1768 ) ;
#5671 = CARTESIAN_POINT ( 'NONE',  ( -10.58131561025219902, 39.23591604948001077, 0.5627025459410874841 ) ) ;
#5672 = CARTESIAN_POINT ( 'NONE',  ( 7.571253563712630807, 40.23591604948001077, 18.71527171990623728 ) ) ;
#5673 = VERTEX_POINT ( 'NONE', #3427 ) ;
#5674 = VERTEX_POINT ( 'NONE', #284 ) ;
#5675 = DIRECTION ( 'NONE',  ( -9.966433447514970497E-15, 0.000000000000000000, 1.000000000000000000 ) ) ;
#5676 = AXIS2_PLACEMENT_3D ( 'NONE', #4253, #9291, #9915 ) ;
#5677 = CIRCLE ( 'NONE', #622, 1.000000000000000888 ) ;
#5678 = EDGE_CURVE ( 'NONE', #1161, #139, #3289, .T. ) ;
#5679 = EDGE_LOOP ( 'NONE', ( #7893, #9750, #6823, #3115 ) ) ;
#5680 = CARTESIAN_POINT ( 'NONE',  ( 0.000000000000000000, 62.93591604948001361, 9.729804593820427172 ) ) ;
#5681 = CARTESIAN_POINT ( 'NONE',  ( 0.7549220094246890111, 63.83591604948001219, 7.903391476746667088 ) ) ;
#5682 = DIRECTION ( 'NONE',  ( 0.000000000000000000, 0.000000000000000000, 1.000000000000000000 ) ) ;
#5683 = VERTEX_POINT ( 'NONE', #2742 ) ;
#5684 = DIRECTION ( 'NONE',  ( 0.000000000000000000, 1.000000000000000000, 0.000000000000000000 ) ) ;
#5685 = EDGE_LOOP ( 'NONE', ( #1561, #8408 ) ) ;
#5686 = CYLINDRICAL_SURFACE ( 'NONE', #6583, 1.000000000000000888 ) ;
#5687 = CARTESIAN_POINT ( 'NONE',  ( 0.000000000000000000, 59.13591604948001645, 23.52980459382042611 ) ) ;
#5688 = ORIENTED_EDGE ( 'NONE', *, *, #7376, .F. ) ;
#5689 = EDGE_CURVE ( 'NONE', #7548, #1161, #1951, .T. ) ;
#5690 = VERTEX_POINT ( 'NONE', #4279 ) ;
#5691 = CARTESIAN_POINT ( 'NONE',  ( -2.799999999999999378, 57.53491604948001736, -7.270195406179567499 ) ) ;
#5692 = CARTESIAN_POINT ( 'NONE',  ( -1.397593656271263862, 39.73591604948001077, -1.557637796829308696 ) ) ;
#5693 = ORIENTED_EDGE ( 'NONE', *, *, #3275, .T. ) ;
#5694 = CARTESIAN_POINT ( 'NONE',  ( 10.58131561025231981, 39.23591604948001077, 0.5627025459412470232 ) ) ;
#5695 = DIRECTION ( 'NONE',  ( 0.000000000000000000, 1.000000000000000000, 0.000000000000000000 ) ) ;
#5696 = EDGE_CURVE ( 'NONE', #1393, #30, #7524, .T. ) ;
#5697 = FACE_OUTER_BOUND ( 'NONE', #5785, .T. ) ;
#5698 = CARTESIAN_POINT ( 'NONE',  ( 1.000000000000000000, 50.29182918005297154, -0.7111005393564736599 ) ) ;
#5699 = CYLINDRICAL_SURFACE ( 'NONE', #5467, 0.09999999999999983902 ) ;
#5700 = VECTOR ( 'NONE', #9912, 1000.000000000000000 ) ;
#5701 = ORIENTED_EDGE ( 'NONE', *, *, #8593, .F. ) ;
#5702 = EDGE_CURVE ( 'NONE', #4591, #5364, #2044, .T. ) ;
#5703 = EDGE_CURVE ( 'NONE', #10108, #3281, #4982, .T. ) ;
#5704 = DIRECTION ( 'NONE',  ( 0.000000000000000000, 1.000000000000000000, 0.000000000000000000 ) ) ;
#5705 = DIRECTION ( 'NONE',  ( -0.7071067811865485719, 0.000000000000000000, 0.7071067811865464625 ) ) ;
#5706 = CARTESIAN_POINT ( 'NONE',  ( -2.100000000000000089, 38.53591604948001503, -0.7111005393564736599 ) ) ;
#5707 = EDGE_CURVE ( 'NONE', #6180, #6767, #4492, .T. ) ;
#5708 = CARTESIAN_POINT ( 'NONE',  ( 4.660649489949139301, 39.73591604948001077, 14.39045408376957624 ) ) ;
#5709 = CYLINDRICAL_SURFACE ( 'NONE', #10413, 1.100000000000000311 ) ;
#5710 = ORIENTED_EDGE ( 'NONE', *, *, #5339, .T. ) ;
#5711 = AXIS2_PLACEMENT_3D ( 'NONE', #1675, #9619, #7973 ) ;
#5712 = DIRECTION ( 'NONE',  ( 0.000000000000000000, 0.000000000000000000, -1.000000000000000000 ) ) ;
#5713 = DIRECTION ( 'NONE',  ( 0.000000000000000000, 1.000000000000000000, 0.000000000000000000 ) ) ;
#5714 = ORIENTED_EDGE ( 'NONE', *, *, #5707, .T. ) ;
#5715 = ORIENTED_EDGE ( 'NONE', *, *, #3103, .T. ) ;
#5716 = DIRECTION ( 'NONE',  ( 0.000000000000000000, 0.7071067811865560104, 0.7071067811865391350 ) ) ;
#5717 = ADVANCED_BREP_SHAPE_REPRESENTATION ( 'dm-s2325-1ec_\X2\8f6c5b50\X0\', ( #1216, #8154, #8212, #4705, #6488 ), #4785 ) ;
#5718 = ORIENTED_EDGE ( 'NONE', *, *, #10098, .F. ) ;
#5719 = DIRECTION ( 'NONE',  ( 0.000000000000000000, -1.000000000000000000, 0.000000000000000000 ) ) ;
#5720 = DIRECTION ( 'NONE',  ( 0.000000000000000000, 0.000000000000000000, 1.000000000000000000 ) ) ;
#5721 = ORIENTED_EDGE ( 'NONE', *, *, #9970, .F. ) ;
#5722 = VERTEX_POINT ( 'NONE', #10262 ) ;
#5723 = CYLINDRICAL_SURFACE ( 'NONE', #7513, 1.000000000000000888 ) ;
#5724 = CIRCLE ( 'NONE', #5920, 1.100000000000000311 ) ;
#5725 = ORIENTED_EDGE ( 'NONE', *, *, #10235, .F. ) ;
#5726 = CYLINDRICAL_SURFACE ( 'NONE', #8975, 1.000000000000000000 ) ;
#5727 = DIRECTION ( 'NONE',  ( 0.000000000000000000, 1.000000000000000000, 0.000000000000000000 ) ) ;
#5728 = DIRECTION ( 'NONE',  ( 0.000000000000000000, 1.000000000000000000, 0.000000000000000000 ) ) ;
#5729 = DIRECTION ( 'NONE',  ( 0.000000000000000000, 1.000000000000000000, 0.000000000000000000 ) ) ;
#5730 = ORIENTED_EDGE ( 'NONE', *, *, #1034, .F. ) ;
#5731 = CARTESIAN_POINT ( 'NONE',  ( -8.867759061886511418, 39.73591604948001077, 2.731894012917236214 ) ) ;
#5732 = CIRCLE ( 'NONE', #9467, 1.000000000000000888 ) ;
#5733 = ORIENTED_EDGE ( 'NONE', *, *, #29, .T. ) ;
#5734 = DIRECTION ( 'NONE',  ( -0.7071067811865485719, 0.000000000000000000, 0.7071067811865464625 ) ) ;
#5735 = CIRCLE ( 'NONE', #6411, 1.499999999999999556 ) ;
#5736 = ADVANCED_FACE ( 'NONE', ( #6133 ), #6193, .F. ) ;
#5737 = LINE ( 'NONE', #4940, #1715 ) ;
#5738 = ORIENTED_EDGE ( 'NONE', *, *, #2824, .F. ) ;
#5739 = VECTOR ( 'NONE', #3174, 1000.000000000000000 ) ;
#5740 = ORIENTED_EDGE ( 'NONE', *, *, #8414, .F. ) ;
#5741 = DIRECTION ( 'NONE',  ( -0.000000000000000000, -1.000000000000000000, -0.000000000000000000 ) ) ;
#5742 = VERTEX_POINT ( 'NONE', #3694 ) ;
#5743 = DIRECTION ( 'NONE',  ( 0.000000000000000000, 0.000000000000000000, 1.000000000000000000 ) ) ;
#5744 = CARTESIAN_POINT ( 'NONE',  ( 0.5000000000000004441, 59.13591604948001645, -7.770195406179568387 ) ) ;
#5745 = LINE ( 'NONE', #1003, #1021 ) ;
#5746 = DIRECTION ( 'NONE',  ( 0.000000000000000000, -1.000000000000000000, 0.000000000000000000 ) ) ;
#5747 = EDGE_CURVE ( 'NONE', #8269, #7701, #10242, .T. ) ;
#5748 = DIRECTION ( 'NONE',  ( 0.7071067811865330288, 0.000000000000000000, 0.7071067811865621167 ) ) ;
#5749 = AXIS2_PLACEMENT_3D ( 'NONE', #5623, #8917, #2555 ) ;
#5750 = VECTOR ( 'NONE', #5746, 1000.000000000000000 ) ;
#5751 = DIRECTION ( 'NONE',  ( -0.000000000000000000, -1.000000000000000000, -0.000000000000000000 ) ) ;
#5752 = VERTEX_POINT ( 'NONE', #9370 ) ;
#5753 = ADVANCED_FACE ( 'NONE', ( #5328 ), #4540, .T. ) ;
#5754 = CARTESIAN_POINT ( 'NONE',  ( -8.985467126085680434, 40.23591604948001077, 2.158551030107636937 ) ) ;
#5755 = B_SPLINE_CURVE_WITH_KNOTS ( 'NONE', 3,
 ( #5592, #3314, #4794, #3997, #8027, #8885, #790, #7230, #5644, #8078, #4052, #3258 ),
 .UNSPECIFIED., .F., .F.,
 ( 4, 2, 2, 2, 2, 4 ),
 ( 0.000000000000000000, 0.2499999999999986122, 0.4999999999999972244, 0.6249999999999965583, 0.7499999999999957812, 1.000000000000000000 ),
 .UNSPECIFIED. ) ;
#5756 = FACE_OUTER_BOUND ( 'NONE', #2671, .T. ) ;
#5757 = AXIS2_PLACEMENT_3D ( 'NONE', #6262, #5512, #3772 ) ;
#5758 = CARTESIAN_POINT ( 'NONE',  ( -9.431273552043689890, 67.79003528460620487, 9.219392382175229272 ) ) ;
#5759 = ADVANCED_FACE ( 'NONE', ( #8063 ), #4935, .F. ) ;
#5760 = CARTESIAN_POINT ( 'NONE',  ( 5.727727414766839696E-15, 39.73591604948001077, 8.729804593820396974 ) ) ;
#5761 = CARTESIAN_POINT ( 'NONE',  ( 2.100000000000100009, 38.53591604948001503, -0.7111005393564736599 ) ) ;
#5762 = DIRECTION ( 'NONE',  ( 0.000000000000000000, 0.000000000000000000, -1.000000000000000000 ) ) ;
#5763 = EDGE_LOOP ( 'NONE', ( #3709, #926, #8014, #9454 ) ) ;
#5764 = ADVANCED_FACE ( 'NONE', ( #4034 ), #7868, .F. ) ;
#5765 = DIRECTION ( 'NONE',  ( 0.000000000000000000, -1.000000000000000000, 0.000000000000000000 ) ) ;
#5766 = LINE ( 'NONE', #5665, #3464 ) ;
#5767 = AXIS2_PLACEMENT_3D ( 'NONE', #7589, #7743, #7693 ) ;
#5768 = ORIENTED_EDGE ( 'NONE', *, *, #5084, .T. ) ;
#5769 = EDGE_CURVE ( 'NONE', #3100, #8774, #8919, .T. ) ;
#5770 = ORIENTED_EDGE ( 'NONE', *, *, #1773, .T. ) ;
#5771 = DIRECTION ( 'NONE',  ( 0.000000000000000000, 1.000000000000000000, 0.000000000000000000 ) ) ;
#5772 = ORIENTED_EDGE ( 'NONE', *, *, #8570, .F. ) ;
#5773 = EDGE_CURVE ( 'NONE', #6645, #7428, #8721, .T. ) ;
#5774 = CARTESIAN_POINT ( 'NONE',  ( -13.04255772940175007, 37.53403809989909945, 8.729804593820293945 ) ) ;
#5775 = CARTESIAN_POINT ( 'NONE',  ( 4.660649489949149960, 38.53591604948001503, 5.069155103871286983 ) ) ;
#5776 = EDGE_LOOP ( 'NONE', ( #887, #7652, #4690, #6761 ) ) ;
#5777 = DESIGN_CONTEXT ( 'detailed design', #2689, 'design' ) ;
#5778 = ORIENTED_EDGE ( 'NONE', *, *, #2083, .F. ) ;
#5779 = CARTESIAN_POINT ( 'NONE',  ( -6.993179104988219486, 39.73591604948001077, 18.69947960219406724 ) ) ;
#5780 = EDGE_CURVE ( 'NONE', #7528, #4035, #9058, .T. ) ;
#5781 = VERTEX_POINT ( 'NONE', #6480 ) ;
#5782 = DIRECTION ( 'NONE',  ( 0.000000000000000000, 0.000000000000000000, -1.000000000000000000 ) ) ;
#5783 = CARTESIAN_POINT ( 'NONE',  ( 8.985467126085728395, 40.23591604948001077, 17.30105815753315923 ) ) ;
#5784 = DIRECTION ( 'NONE',  ( -0.1129614320333118399, 0.000000000000000000, 0.9935993734262232868 ) ) ;
#5785 = EDGE_LOOP ( 'NONE', ( #3516, #2087, #2940 ) ) ;
#5786 = LINE ( 'NONE', #3355, #4386 ) ;
#5787 = ORIENTED_EDGE ( 'NONE', *, *, #1394, .F. ) ;
#5788 = CARTESIAN_POINT ( 'NONE',  ( -6.418673928468410672, 66.63591604948001645, 10.75480459382037424 ) ) ;
#5789 = DIRECTION ( 'NONE',  ( 0.000000000000000000, 0.000000000000000000, 1.000000000000000000 ) ) ;
#5790 = AXIS2_PLACEMENT_3D ( 'NONE', #8040, #4120, #801 ) ;
#5791 = VECTOR ( 'NONE', #6668, 1000.000000000000000 ) ;
#5792 = CIRCLE ( 'NONE', #2244, 1.600000000000000755 ) ;
#5793 = ORIENTED_EDGE ( 'NONE', *, *, #7062, .F. ) ;
#5794 = ORIENTED_EDGE ( 'NONE', *, *, #5968, .F. ) ;
#5795 = DIRECTION ( 'NONE',  ( 0.000000000000000000, -1.000000000000000000, 0.000000000000000000 ) ) ;
#5796 = ADVANCED_FACE ( 'NONE', ( #2454 ), #9662, .T. ) ;
#5797 = ORIENTED_EDGE ( 'NONE', *, *, #5780, .F. ) ;
#5798 = FACE_OUTER_BOUND ( 'NONE', #782, .T. ) ;
#5799 = DIRECTION ( 'NONE',  ( 0.000000000000000000, 1.000000000000000000, 0.000000000000000000 ) ) ;
#5800 = CARTESIAN_POINT ( 'NONE',  ( 0.000000000000000000, 68.93591604948001361, 16.22980459382042895 ) ) ;
#5801 = DIRECTION ( 'NONE',  ( 1.000000000000000000, 0.000000000000000000, -0.000000000000000000 ) ) ;
#5802 = AXIS2_PLACEMENT_3D ( 'NONE', #4515, #9400, #3077 ) ;
#5803 = DIRECTION ( 'NONE',  ( 0.1129614320333120481, 0.000000000000000000, -0.9935993734262233978 ) ) ;
#5804 = AXIS2_PLACEMENT_3D ( 'NONE', #177, #4277, #3377 ) ;
#5805 = ORIENTED_EDGE ( 'NONE', *, *, #2594, .T. ) ;
#5806 = CARTESIAN_POINT ( 'NONE',  ( 0.6171146994512022310, 63.83591604948001219, 7.842746552240663860 ) ) ;
#5807 = EDGE_CURVE ( 'NONE', #3924, #81, #884, .T. ) ;
#5808 = AXIS2_PLACEMENT_3D ( 'NONE', #2370, #5596, #795 ) ;
#5809 = DIRECTION ( 'NONE',  ( 0.000000000000000000, 0.000000000000000000, -1.000000000000000000 ) ) ;
#5810 = DIRECTION ( 'NONE',  ( -0.000000000000000000, -1.000000000000000000, -0.000000000000000000 ) ) ;
#5811 = CONICAL_SURFACE ( 'NONE', #5980, 1.499999999999999556, 0.7853981633974365106 ) ;
#5812 = CARTESIAN_POINT ( 'NONE',  ( -0.5463643482676924235, 63.83591604948001219, 7.453516826656086280 ) ) ;
#5813 = CARTESIAN_POINT ( 'NONE',  ( 0.9999999999999430456, 38.53591604948001503, 20.17070972699732678 ) ) ;
#5814 = DIRECTION ( 'NONE',  ( 0.000000000000000000, 1.000000000000000000, 0.000000000000000000 ) ) ;
#5815 = CARTESIAN_POINT ( 'NONE',  ( -12.08563196527182093, 37.23994810002849221, 10.72980459382031349 ) ) ;
#5816 = CARTESIAN_POINT ( 'NONE',  ( -0.6283820623457087029, 67.45703096173511426, 16.20008281860750898 ) ) ;
#5817 = CIRCLE ( 'NONE', #1267, 1.024999999999999911 ) ;
#5818 = AXIS2_PLACEMENT_3D ( 'NONE', #6950, #10175, #6151 ) ;
#5819 = CIRCLE ( 'NONE', #7173, 1.000000000000000000 ) ;
#5820 = EDGE_CURVE ( 'NONE', #9488, #7692, #3293, .T. ) ;
#5821 = DIRECTION ( 'NONE',  ( -1.734723475976808672E-15, 0.000000000000000000, 1.000000000000000000 ) ) ;
#5822 = ORIENTED_EDGE ( 'NONE', *, *, #2324, .T. ) ;
#5823 = CARTESIAN_POINT ( 'NONE',  ( 4.660649489949149960, 39.73591604948001077, 5.069155103871286983 ) ) ;
#5824 = CARTESIAN_POINT ( 'NONE',  ( 4.616794899587770118, 33.28616858117417365, 7.729804593820426284 ) ) ;
#5825 = ORIENTED_EDGE ( 'NONE', *, *, #8266, .T. ) ;
#5826 = VECTOR ( 'NONE', #9632, 1000.000000000000000 ) ;
#5827 = EDGE_CURVE ( 'NONE', #584, #3374, #4321, .T. ) ;
#5828 = ORIENTED_EDGE ( 'NONE', *, *, #8276, .F. ) ;
#5829 = CARTESIAN_POINT ( 'NONE',  ( -1.449999999999999512, 59.13591604948001645, -4.470195406179568565 ) ) ;
#5830 = ADVANCED_FACE ( 'NONE', ( #3353 ), #4992, .F. ) ;
#5831 = ORIENTED_EDGE ( 'NONE', *, *, #623, .F. ) ;
#5832 = CIRCLE ( 'NONE', #1282, 1.950000000000001510 ) ;
#5833 = EDGE_CURVE ( 'NONE', #5087, #5950, #5832, .T. ) ;
#5834 = ORIENTED_EDGE ( 'NONE', *, *, #40, .T. ) ;
#5835 = CARTESIAN_POINT ( 'NONE',  ( 3.449999999999999734, 59.14591604948001446, -4.470195406179568565 ) ) ;
#5836 = CARTESIAN_POINT ( 'NONE',  ( -1.079327105997239999E-16, 67.91091604948002214, 0.2848045938204264438 ) ) ;
#5837 = CARTESIAN_POINT ( 'NONE',  ( -0.5999999999999999778, 57.53491604948001736, -4.470195406179566788 ) ) ;
#5838 = CARTESIAN_POINT ( 'NONE',  ( 7.838725536382019854, 37.23994810002849221, 18.98274369257561744 ) ) ;
#5839 = EDGE_LOOP ( 'NONE', ( #3674, #4296, #6475, #501 ) ) ;
#5840 = DIRECTION ( 'NONE',  ( 0.000000000000000000, 0.000000000000000000, 1.000000000000000000 ) ) ;
#5841 = EDGE_CURVE ( 'NONE', #8429, #4244, #9759, .T. ) ;
#5842 = EDGE_LOOP ( 'NONE', ( #8371, #2724, #9646, #2936 ) ) ;
#5843 = EDGE_CURVE ( 'NONE', #1615, #3356, #6743, .T. ) ;
#5844 = DIRECTION ( 'NONE',  ( 0.000000000000000000, 1.000000000000000000, 0.000000000000000000 ) ) ;
#5845 = VECTOR ( 'NONE', #2329, 1000.000000000000000 ) ;
#5846 = CYLINDRICAL_SURFACE ( 'NONE', #3398, 2.500000000000000444 ) ;
#5847 = ORIENTED_EDGE ( 'NONE', *, *, #8853, .F. ) ;
#5848 = ORIENTED_EDGE ( 'NONE', *, *, #1557, .F. ) ;
#5849 = AXIS2_PLACEMENT_3D ( 'NONE', #7718, #9429, #9319 ) ;
#5850 = LINE ( 'NONE', #2672, #4898 ) ;
#5851 = B_SPLINE_CURVE_WITH_KNOTS ( 'NONE', 3,
 ( #869, #4977, #1709, #6466 ),
 .UNSPECIFIED., .F., .F.,
 ( 4, 4 ),
 ( 1.310173954919579968E-21, 0.0001283903908514792019 ),
 .UNSPECIFIED. ) ;
#5852 = ORIENTED_EDGE ( 'NONE', *, *, #10400, .T. ) ;
#5853 = DIRECTION ( 'NONE',  ( 0.000000000000000000, -1.000000000000000000, 0.000000000000000000 ) ) ;
#5854 = CARTESIAN_POINT ( 'NONE',  ( 0.000000000000000000, 59.13591604948001645, 9.729804593820427172 ) ) ;
#5855 = AXIS2_PLACEMENT_3D ( 'NONE', #7142, #6355, #2377 ) ;
#5856 = LINE ( 'NONE', #9095, #2696 ) ;
#5857 = CARTESIAN_POINT ( 'NONE',  ( 0.8949014982712409916, 67.15382421883710151, 3.291488311927350807 ) ) ;
#5858 = CARTESIAN_POINT ( 'NONE',  ( 1.000000000000001332, 38.26307533229277880, 23.45931123111933303 ) ) ;
#5859 = VERTEX_POINT ( 'NONE', #7476 ) ;
#5860 = CARTESIAN_POINT ( 'NONE',  ( -7.838725536382120218, 39.73591604948001077, 18.98274369257550731 ) ) ;
#5861 = VERTEX_POINT ( 'NONE', #4459 ) ;
#5862 = DIRECTION ( 'NONE',  ( 0.000000000000000000, 0.000000000000000000, -1.000000000000000000 ) ) ;
#5863 = DIRECTION ( 'NONE',  ( 0.000000000000000000, 1.000000000000000000, 0.000000000000000000 ) ) ;
#5864 = CARTESIAN_POINT ( 'NONE',  ( -11.28744239064974053, 36.84381467316708836, 11.12739825009168904 ) ) ;
#5865 = DIRECTION ( 'NONE',  ( 0.000000000000000000, 0.000000000000000000, -1.000000000000000000 ) ) ;
#5866 = CARTESIAN_POINT ( 'NONE',  ( -0.2482845362398255207, 63.43591604948001361, 7.487405256266078446 ) ) ;
#5867 = DIRECTION ( 'NONE',  ( 0.000000000000000000, 0.000000000000000000, -1.000000000000000000 ) ) ;
#5868 = EDGE_CURVE ( 'NONE', #2506, #10446, #6005, .T. ) ;
#5869 = CARTESIAN_POINT ( 'NONE',  ( -7.131618755195589188, 37.23591604948001077, 19.68985047376206765 ) ) ;
#5870 = ORIENTED_EDGE ( 'NONE', *, *, #89, .T. ) ;
#5871 = CARTESIAN_POINT ( 'NONE',  ( -9.252939098755058822, 50.29182918005297154, 1.891079057438276756 ) ) ;
#5872 = ORIENTED_EDGE ( 'NONE', *, *, #3492, .T. ) ;
#5873 = DIRECTION ( 'NONE',  ( 0.000000000000000000, -1.000000000000000000, 0.000000000000000000 ) ) ;
#5874 = AXIS2_PLACEMENT_3D ( 'NONE', #4134, #3438, #5771 ) ;
#5875 = DIRECTION ( 'NONE',  ( 0.000000000000000000, -1.000000000000000000, 0.000000000000000000 ) ) ;
#5876 = ORIENTED_EDGE ( 'NONE', *, *, #4404, .F. ) ;
#5877 = ORIENTED_EDGE ( 'NONE', *, *, #10355, .T. ) ;
#5878 = EDGE_CURVE ( 'NONE', #10173, #6180, #1113, .T. ) ;
#5879 = FACE_OUTER_BOUND ( 'NONE', #4833, .T. ) ;
#5880 = ORIENTED_EDGE ( 'NONE', *, *, #8366, .T. ) ;
#5881 = EDGE_CURVE ( 'NONE', #2629, #515, #5999, .T. ) ;
#5882 = CARTESIAN_POINT ( 'NONE',  ( -6.499999897834149998, 41.23591604948001788, 9.730957050364331451 ) ) ;
#5883 = EDGE_LOOP ( 'NONE', ( #6658, #1507, #3790, #6978 ) ) ;
#5884 = CYLINDRICAL_SURFACE ( 'NONE', #9484, 1.499999999999999556 ) ;
#5885 = FACE_BOUND ( 'NONE', #2145, .T. ) ;
#5886 = LINE ( 'NONE', #5943, #3083 ) ;
#5887 = CARTESIAN_POINT ( 'NONE',  ( -2.000000000000000000, 38.53591604948001503, 13.76093346796971062 ) ) ;
#5888 = ORIENTED_EDGE ( 'NONE', *, *, #794, .T. ) ;
#5889 = DIRECTION ( 'NONE',  ( 0.000000000000000000, -1.000000000000000000, 0.000000000000000000 ) ) ;
#5890 = VERTEX_POINT ( 'NONE', #7635 ) ;
#5891 = DIRECTION ( 'NONE',  ( -0.000000000000000000, 0.000000000000000000, -1.000000000000000000 ) ) ;
#5892 = ADVANCED_FACE ( 'NONE', ( #3614 ), #2873, .F. ) ;
#5893 = DIRECTION ( 'NONE',  ( 0.000000000000000000, -1.000000000000000000, 0.000000000000000000 ) ) ;
#5894 = VERTEX_POINT ( 'NONE', #9342 ) ;
#5895 = ADVANCED_FACE ( 'NONE', ( #1237 ), #4357, .F. ) ;
#5896 = ORIENTED_EDGE ( 'NONE', *, *, #4541, .F. ) ;
#5897 = DIRECTION ( 'NONE',  ( -0.1129614320333117844, 0.000000000000000000, 0.9935993734262232868 ) ) ;
#5898 = CIRCLE ( 'NONE', #7427, 1.400000000000000133 ) ;
#5899 = ORIENTED_EDGE ( 'NONE', *, *, #6421, .F. ) ;
#5900 = CARTESIAN_POINT ( 'NONE',  ( 1.714505518806294835E-15, 62.93591604948001361, 23.72980459382042540 ) ) ;
#5901 = CIRCLE ( 'NONE', #7932, 1.100000000000000311 ) ;
#5902 = CARTESIAN_POINT ( 'NONE',  ( 1.016439536705160407E-17, 56.83591604948001930, 9.729804593820425396 ) ) ;
#5903 = EDGE_CURVE ( 'NONE', #4011, #5890, #3134, .T. ) ;
#5904 = DIRECTION ( 'NONE',  ( 0.000000000000000000, 0.000000000000000000, -1.000000000000000000 ) ) ;
#5905 = CARTESIAN_POINT ( 'NONE',  ( 0.1359315203701969010, 67.66091604948894656, 3.229804593820448932 ) ) ;
#5906 = DIRECTION ( 'NONE',  ( 0.000000000000000000, 1.000000000000000000, 0.000000000000000000 ) ) ;
#5907 = AXIS2_PLACEMENT_3D ( 'NONE', #4845, #4166, #9827 ) ;
#5908 = VECTOR ( 'NONE', #7891, 1000.000000000000000 ) ;
#5909 = EDGE_LOOP ( 'NONE', ( #1448, #5357 ) ) ;
#5910 = PRODUCT_DEFINITION_SHAPE ( 'NONE', 'NONE',  #8785 ) ;
#5911 = CARTESIAN_POINT ( 'NONE',  ( -3.953542708762619817, 38.53591604948001503, 15.09756086495611704 ) ) ;
#5912 = ORIENTED_EDGE ( 'NONE', *, *, #5384, .T. ) ;
#5913 = CIRCLE ( 'NONE', #860, 1.000000000000000888 ) ;
#5914 = DIRECTION ( 'NONE',  ( 0.000000000000000000, -1.000000000000000000, 0.000000000000000000 ) ) ;
#5915 = CARTESIAN_POINT ( 'NONE',  ( 0.000000000000000000, 57.53591604948001503, 15.12980459382042753 ) ) ;
#5916 = CYLINDRICAL_SURFACE ( 'NONE', #4314, 4.000000000000000000 ) ;
#5917 = DIRECTION ( 'NONE',  ( -0.000000000000000000, -1.000000000000000000, -0.000000000000000000 ) ) ;
#5918 = CARTESIAN_POINT ( 'NONE',  ( 9.167102047879220450, 50.29182918005297154, -0.8515110164318533403 ) ) ;
#5919 = AXIS2_PLACEMENT_3D ( 'NONE', #4680, #6174, #7114 ) ;
#5920 = AXIS2_PLACEMENT_3D ( 'NONE', #1004, #9096, #3416 ) ;
#5921 = CARTESIAN_POINT ( 'NONE',  ( 9.368633929408618499, 66.63591604947636426, 8.531170664408573856 ) ) ;
#5922 = AXIS2_PLACEMENT_3D ( 'NONE', #2347, #672, #7213 ) ;
#5923 = DIRECTION ( 'NONE',  ( 0.000000000000000000, -1.000000000000000000, 0.000000000000000000 ) ) ;
#5924 = VERTEX_POINT ( 'NONE', #2819 ) ;
#5925 = VECTOR ( 'NONE', #6157, 1000.000000000000000 ) ;
#5926 = DIRECTION ( 'NONE',  ( 0.000000000000000000, 0.000000000000000000, -1.000000000000000000 ) ) ;
#5927 = LINE ( 'NONE', #9948, #2667 ) ;
#5928 = VERTEX_POINT ( 'NONE', #8490 ) ;
#5929 = DIRECTION ( 'NONE',  ( -0.04386249709000759889, 0.000000000000000000, -0.9990375775460245134 ) ) ;
#5930 = EDGE_CURVE ( 'NONE', #5950, #7049, #6054, .T. ) ;
#5931 = CARTESIAN_POINT ( 'NONE',  ( 6.422996935380960615, 66.90281494421736852, 10.72874315649506016 ) ) ;
#5932 = ORIENTED_EDGE ( 'NONE', *, *, #8822, .T. ) ;
#5933 = ORIENTED_EDGE ( 'NONE', *, *, #806, .F. ) ;
#5934 = AXIS2_PLACEMENT_3D ( 'NONE', #3619, #1096, #5202 ) ;
#5935 = DIRECTION ( 'NONE',  ( -1.000000000000000000, 0.000000000000000000, -3.491481338843135327E-15 ) ) ;
#5936 = ORIENTED_EDGE ( 'NONE', *, *, #3435, .F. ) ;
#5937 = VECTOR ( 'NONE', #2241, 1000.000000000000000 ) ;
#5938 = DIRECTION ( 'NONE',  ( -0.000000000000000000, -1.000000000000000000, -0.000000000000000000 ) ) ;
#5939 = ORIENTED_EDGE ( 'NONE', *, *, #228, .T. ) ;
#5940 = CARTESIAN_POINT ( 'NONE',  ( 11.09904976402513910, 80.83389579592666507, 7.893069899942910972 ) ) ;
#5941 = CARTESIAN_POINT ( 'NONE',  ( -1.000000000000000000, 38.53591604948001503, 5.698675719671151718 ) ) ;
#5942 = EDGE_CURVE ( 'NONE', #2449, #2124, #5152, .T. ) ;
#5943 = CARTESIAN_POINT ( 'NONE',  ( 3.449999999999999734, 59.14591604948001446, -4.470195406179568565 ) ) ;
#5944 = CYLINDRICAL_SURFACE ( 'NONE', #1945, 1.000000000000000000 ) ;
#5945 = ORIENTED_EDGE ( 'NONE', *, *, #1220, .F. ) ;
#5946 = DIRECTION ( 'NONE',  ( 0.000000000000000000, -1.000000000000000000, 0.000000000000000000 ) ) ;
#5947 = ORIENTED_EDGE ( 'NONE', *, *, #9259, .F. ) ;
#5948 = EDGE_CURVE ( 'NONE', #8499, #9498, #5091, .T. ) ;
#5949 = DIRECTION ( 'NONE',  ( 0.000000000000000000, 0.000000000000000000, -1.000000000000000000 ) ) ;
#5950 = VERTEX_POINT ( 'NONE', #2717 ) ;
#5951 = ORIENTED_EDGE ( 'NONE', *, *, #1854, .T. ) ;
#5952 = DIRECTION ( 'NONE',  ( 8.659560562354830553E-17, 0.7071067811865560104, -0.7071067811865391350 ) ) ;
#5953 = ADVANCED_FACE ( 'NONE', ( #4308 ), #5944, .T. ) ;
#5954 = ORIENTED_EDGE ( 'NONE', *, *, #6471, .F. ) ;
#5955 = FACE_OUTER_BOUND ( 'NONE', #9308, .T. ) ;
#5956 = CARTESIAN_POINT ( 'NONE',  ( 0.5448246554334628122, 65.49738682936263956, 0.3002414770357036966 ) ) ;
#5957 = PLANE ( 'NONE',  #7771 ) ;
#5958 = EDGE_LOOP ( 'NONE', ( #9554, #2914, #4592, #3843 ) ) ;
#5959 = AXIS2_PLACEMENT_3D ( 'NONE', #385, #6877, #9940 ) ;
#5960 = CARTESIAN_POINT ( 'NONE',  ( 13.96424004376895134, 38.98256680740270497, 10.72980459382047691 ) ) ;
#5961 = EDGE_CURVE ( 'NONE', #4983, #6489, #8389, .T. ) ;
#5962 = FACE_OUTER_BOUND ( 'NONE', #2822, .T. ) ;
#5963 = AXIS2_PLACEMENT_3D ( 'NONE', #10073, #6742, #9862 ) ;
#5964 = EDGE_CURVE ( 'NONE', #977, #330, #6798, .T. ) ;
#5965 = ORIENTED_EDGE ( 'NONE', *, *, #5615, .T. ) ;
#5966 = DIRECTION ( 'NONE',  ( 0.000000000000000000, 1.000000000000000000, 0.000000000000000000 ) ) ;
#5967 = ORIENTED_EDGE ( 'NONE', *, *, #4204, .T. ) ;
#5968 = EDGE_CURVE ( 'NONE', #7003, #8007, #4566, .T. ) ;
#5969 = CARTESIAN_POINT ( 'NONE',  ( 3.953542708762597169, 39.73591604948001077, 5.776261885057829559 ) ) ;
#5970 = AXIS2_PLACEMENT_3D ( 'NONE', #292, #1906, #5126 ) ;
#5971 = CARTESIAN_POINT ( 'NONE',  ( -11.09904976402516041, 37.23591604948001077, 11.56653928769787143 ) ) ;
#5972 = DIRECTION ( 'NONE',  ( 0.1129614320333118399, 0.000000000000000000, -0.9935993734262232868 ) ) ;
#5973 = CARTESIAN_POINT ( 'NONE',  ( 9.222737788580310792, 37.23724115402391988, 17.53832882002771854 ) ) ;
#5974 = FACE_OUTER_BOUND ( 'NONE', #4264, .T. ) ;
#5975 = EDGE_CURVE ( 'NONE', #6793, #9566, #1453, .T. ) ;
#5976 = CARTESIAN_POINT ( 'NONE',  ( 1.397593656271259865, 39.73591604948001077, 21.01724698447016948 ) ) ;
#5977 = ADVANCED_FACE ( 'NONE', ( #6313 ), #505, .F. ) ;
#5978 = CARTESIAN_POINT ( 'NONE',  ( 1.144432433803202058E-15, 69.13591604948000224, 18.97480459382042994 ) ) ;
#5979 = ORIENTED_EDGE ( 'NONE', *, *, #5557, .T. ) ;
#5980 = AXIS2_PLACEMENT_3D ( 'NONE', #331, #3692, #3530 ) ;
#5981 = LINE ( 'NONE', #2115, #4784 ) ;
#5982 = LINE ( 'NONE', #3599, #10369 ) ;
#5983 = CARTESIAN_POINT ( 'NONE',  ( -7.776237472732399958, 37.23591604948001077, 0.5354598793669771428 ) ) ;
#5984 = FACE_OUTER_BOUND ( 'NONE', #10253, .T. ) ;
#5985 = VERTEX_POINT ( 'NONE', #8653 ) ;
#5986 = ORIENTED_EDGE ( 'NONE', *, *, #4004, .F. ) ;
#5987 = AXIS2_PLACEMENT_3D ( 'NONE', #6308, #9543, #3916 ) ;
#5988 = CONICAL_SURFACE ( 'NONE', #10387, 1.024999999999999911, 0.7853981633974638221 ) ;
#5989 = LINE ( 'NONE', #7577, #1268 ) ;
#5990 = EDGE_CURVE ( 'NONE', #4106, #6250, #4671, .T. ) ;
#5991 = VERTEX_POINT ( 'NONE', #6214 ) ;
#5992 = VECTOR ( 'NONE', #9675, 1000.000000000000000 ) ;
#5993 = ORIENTED_EDGE ( 'NONE', *, *, #10431, .F. ) ;
#5994 = AXIS2_PLACEMENT_3D ( 'NONE', #5275, #1272, #7931 ) ;
#5995 = VECTOR ( 'NONE', #9891, 1000.000000000000000 ) ;
#5996 = CARTESIAN_POINT ( 'NONE',  ( -6.499999897834149998, 34.40748892473381915, 9.730957050364331451 ) ) ;
#5997 = CARTESIAN_POINT ( 'NONE',  ( 0.000000000000000000, 38.53591604948001503, 9.729804593820427172 ) ) ;
#5998 = DIRECTION ( 'NONE',  ( 0.000000000000000000, 0.000000000000000000, -1.000000000000000000 ) ) ;
#5999 = LINE ( 'NONE', #7689, #7024 ) ;
#6000 = VERTEX_POINT ( 'NONE', #1402 ) ;
#6001 = DIRECTION ( 'NONE',  ( 0.000000000000000000, 1.000000000000000000, 0.000000000000000000 ) ) ;
#6002 = ORIENTED_EDGE ( 'NONE', *, *, #7062, .T. ) ;
#6003 = DIRECTION ( 'NONE',  ( -0.7071067811865415775, 0.000000000000000000, -0.7071067811865535679 ) ) ;
#6005 = CIRCLE ( 'NONE', #779, 6.250000000000000000 ) ;
#6004 = CARTESIAN_POINT ( 'NONE',  ( 6.499999433794410031, 37.46091604948001219, 9.733810752080316320 ) ) ;
#6006 = EDGE_CURVE ( 'NONE', #1090, #7144, #2289, .T. ) ;
#6007 = ORIENTED_EDGE ( 'NONE', *, *, #5253, .F. ) ;
#6008 = ORIENTED_EDGE ( 'NONE', *, *, #3698, .F. ) ;
#6009 = CARTESIAN_POINT ( 'NONE',  ( 1.836970198721025250E-16, 56.83591604948001930, 8.229804593820427172 ) ) ;
#6010 = ORIENTED_EDGE ( 'NONE', *, *, #2153, .F. ) ;
#6011 = CARTESIAN_POINT ( 'NONE',  ( 5.000000000000000000, 57.53591604948001503, -4.412331029910525615 ) ) ;
#6012 = CARTESIAN_POINT ( 'NONE',  ( -7.131618755195399117, 37.23591604948001077, -0.2302412861213531392 ) ) ;
#6013 = CIRCLE ( 'NONE', #10404, 2.299999999999999822 ) ;
#6014 = DIRECTION ( 'NONE',  ( 0.9981856432648151811, 0.000000000000000000, -0.06021147382357447397 ) ) ;
#6015 = ORIENTED_EDGE ( 'NONE', *, *, #108, .F. ) ;
#6016 = FACE_OUTER_BOUND ( 'NONE', #8644, .T. ) ;
#6017 = DIRECTION ( 'NONE',  ( 0.000000000000000000, 0.000000000000000000, -1.000000000000000000 ) ) ;
#6018 = EDGE_CURVE ( 'NONE', #5060, #2590, #9568, .T. ) ;
#6019 = CIRCLE ( 'NONE', #3307, 1.100000000000000311 ) ;
#6020 = VECTOR ( 'NONE', #2533, 1000.000000000000000 ) ;
#6021 = ORIENTED_EDGE ( 'NONE', *, *, #6679, .T. ) ;
#6022 = LINE ( 'NONE', #1114, #3341 ) ;
#6023 = ORIENTED_EDGE ( 'NONE', *, *, #994, .F. ) ;
#6024 = ADVANCED_FACE ( 'NONE', ( #5405 ), #9405, .T. ) ;
#6025 = CARTESIAN_POINT ( 'NONE',  ( 0.000000000000000000, 59.13591604948001645, 9.729804593820427172 ) ) ;
#6026 = CARTESIAN_POINT ( 'NONE',  ( -6.499999897834149998, 33.28616858117417365, 9.730957050364331451 ) ) ;
#6027 = CARTESIAN_POINT ( 'NONE',  ( 9.395862815734705720, 67.39894878147647717, 8.766701239729203010 ) ) ;
#6028 = PLANE ( 'NONE',  #4016 ) ;
#6029 = B_SPLINE_CURVE_WITH_KNOTS ( 'NONE', 3,
 ( #10088, #9982, #5104, #5956, #9199, #1934, #9929, #3414, #1203, #9146, #374, #8345, #4426, #320 ),
 .UNSPECIFIED., .F., .F.,
 ( 4, 2, 2, 2, 2, 2, 4 ),
 ( 0.000000000000000000, 0.2499999999999998890, 0.3749999999999999445, 0.5000000000000000000, 0.6250000000000000000, 0.7500000000000000000, 1.000000000000000000 ),
 .UNSPECIFIED. ) ;
#6030 = CYLINDRICAL_SURFACE ( 'NONE', #9246, 2.000000000000000000 ) ;
#6031 = CYLINDRICAL_SURFACE ( 'NONE', #1363, 1.000000000000000888 ) ;
#6032 = ADVANCED_FACE ( 'NONE', ( #5458 ), #10281, .T. ) ;
#6033 = FACE_BOUND ( 'NONE', #2199, .T. ) ;
#6034 = ORIENTED_EDGE ( 'NONE', *, *, #716, .F. ) ;
#6035 = DIRECTION ( 'NONE',  ( 0.1129614320333120481, 0.000000000000000000, -0.9935993734262233978 ) ) ;
#6036 = EDGE_CURVE ( 'NONE', #2733, #6916, #9232, .T. ) ;
#6037 = EDGE_CURVE ( 'NONE', #8153, #960, #4653, .T. ) ;
#6038 = DIRECTION ( 'NONE',  ( -0.000000000000000000, -0.000000000000000000, 1.000000000000000000 ) ) ;
#6039 = CARTESIAN_POINT ( 'NONE',  ( 0.000000000000000000, 39.23591604948001077, 9.729804593820427172 ) ) ;
#6040 = PLANE ( 'NONE',  #5159 ) ;
#6041 = VERTEX_POINT ( 'NONE', #6370 ) ;
#6042 = CIRCLE ( 'NONE', #10097, 1.100000000000000311 ) ;
#6043 = ORIENTED_EDGE ( 'NONE', *, *, #7102, .T. ) ;
#6044 = CARTESIAN_POINT ( 'NONE',  ( -3.999999999999999112, 59.13591604948001645, -7.970195406179570341 ) ) ;
#6045 = AXIS2_PLACEMENT_3D ( 'NONE', #4266, #8452, #6708 ) ;
#6046 = CIRCLE ( 'NONE', #6920, 14.00000000000000000 ) ;
#6047 = EDGE_LOOP ( 'NONE', ( #3480, #5485, #1668, #3409 ) ) ;
#6048 = CIRCLE ( 'NONE', #9934, 1.000000000000000000 ) ;
#6049 = ORIENTED_EDGE ( 'NONE', *, *, #495, .F. ) ;
#6050 = DIRECTION ( 'NONE',  ( 0.000000000000000000, 0.000000000000000000, 1.000000000000000000 ) ) ;
#6051 = DIRECTION ( 'NONE',  ( -3.384826294588892334E-15, 0.000000000000000000, 1.000000000000000000 ) ) ;
#6052 = AXIS2_PLACEMENT_3D ( 'NONE', #1793, #5017, #6880 ) ;
#6053 = LINE ( 'NONE', #1813, #7317 ) ;
#6054 = LINE ( 'NONE', #1975, #8892 ) ;
#6055 = VERTEX_POINT ( 'NONE', #3871 ) ;
#6056 = DIRECTION ( 'NONE',  ( -0.000000000000000000, 1.000000000000000000, -0.000000000000000000 ) ) ;
#6057 = ORIENTED_EDGE ( 'NONE', *, *, #3648, .T. ) ;
#6058 = DIRECTION ( 'NONE',  ( 0.000000000000000000, -1.000000000000000000, 0.000000000000000000 ) ) ;
#6059 = DIRECTION ( 'NONE',  ( -0.1129614320333122424, 0.000000000000000000, 0.9935993734262231758 ) ) ;
#6060 = ORIENTED_EDGE ( 'NONE', *, *, #6995, .T. ) ;
#6061 = ORIENTED_EDGE ( 'NONE', *, *, #937, .F. ) ;
#6062 = CARTESIAN_POINT ( 'NONE',  ( 4.660649489949149960, 39.73591604948001077, 6.069155103871286983 ) ) ;
#6063 = ORIENTED_EDGE ( 'NONE', *, *, #3250, .T. ) ;
#6064 = CARTESIAN_POINT ( 'NONE',  ( -4.666666666666666963, 57.53591604948001503, -3.469521988328462037 ) ) ;
#6065 = DIRECTION ( 'NONE',  ( 0.000000000000000000, 1.000000000000000000, 0.000000000000000000 ) ) ;
#6066 = EDGE_CURVE ( 'NONE', #5742, #5398, #9446, .T. ) ;
#6067 = LINE ( 'NONE', #9985, #9967 ) ;
#6068 = EDGE_LOOP ( 'NONE', ( #7464, #9173, #8318, #4580 ) ) ;
#6069 = CARTESIAN_POINT ( 'NONE',  ( 0.000000000000000000, 63.13591604948001645, 9.729804593820427172 ) ) ;
#6070 = DIRECTION ( 'NONE',  ( 0.000000000000000000, 1.000000000000000000, 0.000000000000000000 ) ) ;
#6071 = ORIENTED_EDGE ( 'NONE', *, *, #4771, .F. ) ;
#6072 = CIRCLE ( 'NONE', #5051, 0.9999999999999991118 ) ;
#6073 = CARTESIAN_POINT ( 'NONE',  ( 0.6171146994512022310, 63.43591604948001361, 7.842746552240663860 ) ) ;
#6074 = VERTEX_POINT ( 'NONE', #7797 ) ;
#6075 = CYLINDRICAL_SURFACE ( 'NONE', #8002, 1.499999999999999556 ) ;
#6076 = DIRECTION ( 'NONE',  ( 0.000000000000000000, 0.000000000000000000, -1.000000000000000000 ) ) ;
#6077 = CARTESIAN_POINT ( 'NONE',  ( 9.440694504248494212, 67.87607545712441492, 10.05226484413979371 ) ) ;
#6078 = EDGE_CURVE ( 'NONE', #4248, #7994, #2976, .T. ) ;
#6079 = CARTESIAN_POINT ( 'NONE',  ( 8.383203968001060602, 38.53591604948001503, 8.729804593820443159 ) ) ;
#6080 = DIRECTION ( 'NONE',  ( 0.000000000000000000, 0.000000000000000000, -1.000000000000000000 ) ) ;
#6081 = AXIS2_PLACEMENT_3D ( 'NONE', #829, #7218, #3986 ) ;
#6082 = AXIS2_PLACEMENT_3D ( 'NONE', #2691, #4283, #6080 ) ;
#6083 = PLANE ( 'NONE',  #7157 ) ;
#6084 = EDGE_CURVE ( 'NONE', #10424, #10450, #6187, .T. ) ;
#6085 = VERTEX_POINT ( 'NONE', #6629 ) ;
#6086 = CARTESIAN_POINT ( 'NONE',  ( 1.600000000000000533, 57.53491604948001736, -7.270195406179567499 ) ) ;
#6087 = LINE ( 'NONE', #2807, #1494 ) ;
#6088 = VECTOR ( 'NONE', #8864, 1000.000000000000000 ) ;
#6089 = CYLINDRICAL_SURFACE ( 'NONE', #5141, 1.100000000000000311 ) ;
#6090 = ADVANCED_FACE ( 'NONE', ( #9804, #1657 ), #6578, .T. ) ;
#6091 = DIRECTION ( 'NONE',  ( -8.881784197001250351E-16, 0.000000000000000000, 1.000000000000000000 ) ) ;
#6092 = ORIENTED_EDGE ( 'NONE', *, *, #6724, .T. ) ;
#6093 = CIRCLE ( 'NONE', #8634, 0.7999999999999986011 ) ;
#6094 = FACE_OUTER_BOUND ( 'NONE', #7223, .T. ) ;
#6095 = VERTEX_POINT ( 'NONE', #3286 ) ;
#6096 = DIRECTION ( 'NONE',  ( 0.000000000000000000, 1.000000000000000000, 0.000000000000000000 ) ) ;
#6097 = EDGE_CURVE ( 'NONE', #3985, #1493, #7530, .T. ) ;
#6098 = VECTOR ( 'NONE', #4112, 1000.000000000000000 ) ;
#6099 = ORIENTED_EDGE ( 'NONE', *, *, #6410, .F. ) ;
#6100 = EDGE_CURVE ( 'NONE', #4866, #5950, #9650, .T. ) ;
#6101 = CARTESIAN_POINT ( 'NONE',  ( 0.000000000000000000, 34.93591604948000651, 12.22980459382042717 ) ) ;
#6102 = ORIENTED_EDGE ( 'NONE', *, *, #9711, .F. ) ;
#6103 = CARTESIAN_POINT ( 'NONE',  ( 5.367756271135689872, 50.29182918005297154, 13.68334730258303722 ) ) ;
#6104 = CARTESIAN_POINT ( 'NONE',  ( -9.445000000000000284, 66.63591604948001645, 9.729804593820372105 ) ) ;
#6105 = CARTESIAN_POINT ( 'NONE',  ( 0.000000000000000000, 59.33591604948000509, 9.729804593820427172 ) ) ;
#6106 = AXIS2_PLACEMENT_3D ( 'NONE', #4205, #889, #2562 ) ;
#6107 = CARTESIAN_POINT ( 'NONE',  ( -7.131618755195589188, 80.83389579592666507, 19.68985047376206765 ) ) ;
#6108 = ORIENTED_EDGE ( 'NONE', *, *, #3888, .F. ) ;
#6109 = LINE ( 'NONE', #2875, #5392 ) ;
#6110 = EDGE_LOOP ( 'NONE', ( #9515, #5768, #7532, #5285 ) ) ;
#6111 = FACE_OUTER_BOUND ( 'NONE', #1929, .T. ) ;
#6112 = EDGE_CURVE ( 'NONE', #3757, #8555, #2459, .T. ) ;
#6113 = ADVANCED_FACE ( 'NONE', ( #8966 ), #4819, .F. ) ;
#6114 = DIRECTION ( 'NONE',  ( 0.000000000000000000, 0.000000000000000000, -1.000000000000000000 ) ) ;
#6115 = AXIS2_PLACEMENT_3D ( 'NONE', #1044, #9716, #7380 ) ;
#6116 = ORIENTED_EDGE ( 'NONE', *, *, #6931, .T. ) ;
#6117 = EDGE_LOOP ( 'NONE', ( #1134, #9432 ) ) ;
#6118 = DIRECTION ( 'NONE',  ( 0.000000000000000000, 1.000000000000000000, 0.000000000000000000 ) ) ;
#6119 = ORIENTED_EDGE ( 'NONE', *, *, #10294, .T. ) ;
#6120 = CARTESIAN_POINT ( 'NONE',  ( -4.613763209168499912, 38.53591604948001503, 7.729804593820426284 ) ) ;
#6121 = ORIENTED_EDGE ( 'NONE', *, *, #5606, .T. ) ;
#6122 = CARTESIAN_POINT ( 'NONE',  ( 1.016439536705160407E-17, 56.53591604948001503, 9.729804593820425396 ) ) ;
#6123 = ORIENTED_EDGE ( 'NONE', *, *, #2659, .F. ) ;
#6124 = CARTESIAN_POINT ( 'NONE',  ( -0.9987166859714230460, 66.36846369133239421, 16.15283467213990320 ) ) ;
#6125 = DIRECTION ( 'NONE',  ( 0.000000000000000000, 1.000000000000000000, 0.000000000000000000 ) ) ;
#6126 = ORIENTED_EDGE ( 'NONE', *, *, #7190, .F. ) ;
#6127 = EDGE_CURVE ( 'NONE', #2780, #5690, #4765, .T. ) ;
#6128 = CARTESIAN_POINT ( 'NONE',  ( -7.701886556600430644, 38.53591604948001503, 11.00295094165453946 ) ) ;
#6129 = CARTESIAN_POINT ( 'NONE',  ( -9.395787479648024743, 65.87394961820588435, 10.69363663838990952 ) ) ;
#6130 = VERTEX_POINT ( 'NONE', #1606 ) ;
#6131 = DIRECTION ( 'NONE',  ( 0.000000000000000000, 1.000000000000000000, 0.000000000000000000 ) ) ;
#6132 = DIRECTION ( 'NONE',  ( -0.1129614320333118399, 0.000000000000000000, 0.9935993734262232868 ) ) ;
#6133 = FACE_OUTER_BOUND ( 'NONE', #5679, .T. ) ;
#6134 = CARTESIAN_POINT ( 'NONE',  ( 0.000000000000000000, 56.83591604948001930, 9.729804593820427172 ) ) ;
#6135 = DIRECTION ( 'NONE',  ( 0.000000000000000000, 1.000000000000000000, 0.000000000000000000 ) ) ;
#6136 = CARTESIAN_POINT ( 'NONE',  ( 0.000000000000000000, 63.03591604948001503, 9.729804593820427172 ) ) ;
#6137 = DIRECTION ( 'NONE',  ( 0.000000000000000000, 0.000000000000000000, -1.000000000000000000 ) ) ;
#6138 = VECTOR ( 'NONE', #1266, 1000.000000000000000 ) ;
#6139 = VERTEX_POINT ( 'NONE', #8108 ) ;
#6140 = ADVANCED_FACE ( 'NONE', ( #2595 ), #2628, .T. ) ;
#6141 = CIRCLE ( 'NONE', #4102, 0.3000000000000003775 ) ;
#6142 = DIRECTION ( 'NONE',  ( -0.000000000000000000, 0.000000000000000000, -1.000000000000000000 ) ) ;
#6143 = DIRECTION ( 'NONE',  ( 0.000000000000000000, 0.000000000000000000, 1.000000000000000000 ) ) ;
#6144 = AXIS2_PLACEMENT_3D ( 'NONE', #1907, #1335, #4343 ) ;
#6145 = CARTESIAN_POINT ( 'NONE',  ( 3.953542708762585178, 38.53591604948001503, 15.09756086495611704 ) ) ;
#6146 = LINE ( 'NONE', #4554, #6197 ) ;
#6147 = EDGE_LOOP ( 'NONE', ( #10045, #10179, #380, #9029, #5000, #1798, #9356 ) ) ;
#6148 = DIRECTION ( 'NONE',  ( 0.000000000000000000, 0.000000000000000000, 1.000000000000000000 ) ) ;
#6149 = ORIENTED_EDGE ( 'NONE', *, *, #2761, .T. ) ;
#6150 = AXIS2_PLACEMENT_3D ( 'NONE', #6086, #9324, #6142 ) ;
#6151 = DIRECTION ( 'NONE',  ( 0.000000000000000000, 0.000000000000000000, -1.000000000000000000 ) ) ;
#6152 = VECTOR ( 'NONE', #7591, 1000.000000000000114 ) ;
#6153 = VECTOR ( 'NONE', #8306, 1000.000000000000000 ) ;
#6154 = ORIENTED_EDGE ( 'NONE', *, *, #8956, .T. ) ;
#6155 = ADVANCED_FACE ( 'NONE', ( #4025 ), #9736, .T. ) ;
#6156 = ORIENTED_EDGE ( 'NONE', *, *, #9109, .F. ) ;
#6157 = DIRECTION ( 'NONE',  ( 0.000000000000000000, -1.000000000000000000, 0.000000000000000000 ) ) ;
#6158 = EDGE_CURVE ( 'NONE', #868, #2137, #4997, .T. ) ;
#6159 = DIRECTION ( 'NONE',  ( 0.000000000000000000, 0.000000000000000000, 1.000000000000000000 ) ) ;
#6160 = CARTESIAN_POINT ( 'NONE',  ( 0.000000000000000000, 59.23591604948001788, 9.729804593820427172 ) ) ;
#6161 = ORIENTED_EDGE ( 'NONE', *, *, #7057, .F. ) ;
#6162 = CIRCLE ( 'NONE', #8183, 3.900000000000002576 ) ;
#6163 = DIRECTION ( 'NONE',  ( -0.1129614320333118399, 0.000000000000000000, 0.9935993734262232868 ) ) ;
#6164 = B_SPLINE_CURVE_WITH_KNOTS ( 'NONE', 3,
 ( #5048, #266, #4367, #9088, #7594, #8290, #1200, #10029, #1050, #370 ),
 .UNSPECIFIED., .F., .F.,
 ( 4, 2, 2, 2, 4 ),
 ( 0.000000000000000000, 0.2500000000000000000, 0.5000000000000000000, 0.7500000000000000000, 1.000000000000000000 ),
 .UNSPECIFIED. ) ;
#6165 = EDGE_LOOP ( 'NONE', ( #9652, #4315, #9352, #2911 ) ) ;
#6166 = DIRECTION ( 'NONE',  ( 0.000000000000000000, 0.000000000000000000, 1.000000000000000000 ) ) ;
#6167 = LINE ( 'NONE', #7744, #9205 ) ;
#6168 = CIRCLE ( 'NONE', #10055, 1.000000000000000000 ) ;
#6169 = ADVANCED_FACE ( 'NONE', ( #7311 ), #3342, .F. ) ;
#6170 = VECTOR ( 'NONE', #2652, 1000.000000000000000 ) ;
#6171 = VECTOR ( 'NONE', #2781, 1000.000000000000000 ) ;
#6172 = ORIENTED_EDGE ( 'NONE', *, *, #6941, .T. ) ;
#6173 = ORIENTED_EDGE ( 'NONE', *, *, #9153, .F. ) ;
#6174 = DIRECTION ( 'NONE',  ( -0.000000000000000000, 1.000000000000000000, -0.000000000000000000 ) ) ;
#6175 = CARTESIAN_POINT ( 'NONE',  ( -10.58131561025219902, 39.23591604948001077, 0.5627025459410874841 ) ) ;
#6176 = EDGE_CURVE ( 'NONE', #3603, #2191, #2548, .T. ) ;
#6177 = VERTEX_POINT ( 'NONE', #4188 ) ;
#6178 = EDGE_CURVE ( 'NONE', #977, #5443, #6864, .T. ) ;
#6179 = CARTESIAN_POINT ( 'NONE',  ( -6.495746134485028911, 67.63490374407881234, 9.463141950881528430 ) ) ;
#6180 = VERTEX_POINT ( 'NONE', #1756 ) ;
#6181 = CYLINDRICAL_SURFACE ( 'NONE', #8793, 1.000000000000000000 ) ;
#6182 = ORIENTED_EDGE ( 'NONE', *, *, #174, .F. ) ;
#6183 = DIRECTION ( 'NONE',  ( 0.000000000000000000, 0.000000000000000000, 1.000000000000000000 ) ) ;
#6184 = CONICAL_SURFACE ( 'NONE', #9718, 9.445000000000000284, 0.7853981633974476129 ) ;
#6185 = DIRECTION ( 'NONE',  ( 0.000000000000000000, -1.000000000000000000, 0.000000000000000000 ) ) ;
#6186 = ORIENTED_EDGE ( 'NONE', *, *, #8501, .F. ) ;
#6187 = CIRCLE ( 'NONE', #2792, 1.499999999999999556 ) ;
#6188 = CARTESIAN_POINT ( 'NONE',  ( 0.000000000000000000, 57.53591604948001503, 9.729804593820427172 ) ) ;
#6189 = DIRECTION ( 'NONE',  ( 0.000000000000000000, 0.000000000000000000, 1.000000000000000000 ) ) ;
#6190 = ORIENTED_EDGE ( 'NONE', *, *, #3503, .F. ) ;
#6191 = FACE_OUTER_BOUND ( 'NONE', #8281, .T. ) ;
#6192 = CYLINDRICAL_SURFACE ( 'NONE', #9877, 1.400000000000000133 ) ;
#6193 = PLANE ( 'NONE',  #2624 ) ;
#6194 = CARTESIAN_POINT ( 'NONE',  ( -6.499999897834149998, 39.73591604948001077, 11.48095705036433145 ) ) ;
#6195 = LINE ( 'NONE', #5439, #10078 ) ;
#6196 = DIRECTION ( 'NONE',  ( 0.000000000000000000, 1.000000000000000000, 0.000000000000000000 ) ) ;
#6197 = VECTOR ( 'NONE', #702, 1000.000000000000000 ) ;
#6198 = CARTESIAN_POINT ( 'NONE',  ( 2.449999999999999734, 59.14591604948001446, -4.470195406179568565 ) ) ;
#6199 = ORIENTED_EDGE ( 'NONE', *, *, #4376, .F. ) ;
#6200 = LINE ( 'NONE', #1488, #7828 ) ;
#6201 = DIRECTION ( 'NONE',  ( 0.000000000000000000, -1.000000000000000000, 0.000000000000000000 ) ) ;
#6202 = CARTESIAN_POINT ( 'NONE',  ( -11.28744239064969968, 38.53591604948001503, 11.12739825009164285 ) ) ;
#6203 = APPROVAL_DATE_TIME ( #3707, #1152 ) ;
#6204 = DIRECTION ( 'NONE',  ( -1.148079875614734231E-14, 0.000000000000000000, 1.000000000000000000 ) ) ;
#6205 = ORIENTED_EDGE ( 'NONE', *, *, #5843, .F. ) ;
#6206 = ADVANCED_FACE ( 'NONE', ( #2440 ), #8805, .F. ) ;
#6207 = DIRECTION ( 'NONE',  ( 1.000000000000000000, 0.000000000000000000, 0.000000000000000000 ) ) ;
#6208 = LINE ( 'NONE', #2231, #9214 ) ;
#6209 = ORIENTED_EDGE ( 'NONE', *, *, #7133, .T. ) ;
#6210 = CARTESIAN_POINT ( 'NONE',  ( -9.146980910150469768, 80.83389579592666507, 3.180358798232606254 ) ) ;
#6211 = ORIENTED_EDGE ( 'NONE', *, *, #495, .T. ) ;
#6212 = EDGE_CURVE ( 'NONE', #9687, #1205, #8218, .T. ) ;
#6213 = PLANE ( 'NONE',  #8127 ) ;
#6214 = CARTESIAN_POINT ( 'NONE',  ( 11.28744239064974053, 39.73591604948001077, 11.12739825009180095 ) ) ;
#6215 = VERTEX_POINT ( 'NONE', #7414 ) ;
#6216 = EDGE_CURVE ( 'NONE', #7545, #6622, #5332, .T. ) ;
#6217 = CARTESIAN_POINT ( 'NONE',  ( -1.169810703859868406, 66.31357954675640087, 19.10226029881858167 ) ) ;
#6218 = ORIENTED_EDGE ( 'NONE', *, *, #10279, .F. ) ;
#6219 = DIRECTION ( 'NONE',  ( 0.000000000000000000, 0.000000000000000000, -1.000000000000000000 ) ) ;
#6220 = COORDINATED_UNIVERSAL_TIME_OFFSET ( 8, 0, .AHEAD. ) ;
#6221 = CLOSED_SHELL ( 'NONE', ( #6140, #1682, #4586, #8494, #4528, #9374, #10141, #6736, #8942, #4218, #10025, #4798, #6610, #1248, #7627, #9771, #4674, #3481, #6883, #9512, #5510, #6237, #7833, #3627, #4930, #4662 ) ) ;
#6222 = CIRCLE ( 'NONE', #7221, 1.100000000000000311 ) ;
#6223 = ADVANCED_FACE ( 'NONE', ( #6414 ), #6040, .F. ) ;
#6224 = ORIENTED_EDGE ( 'NONE', *, *, #9564, .T. ) ;
#6225 = ORIENTED_EDGE ( 'NONE', *, *, #4276, .T. ) ;
#6226 = CIRCLE ( 'NONE', #9105, 2.000000000000000444 ) ;
#6227 = DIRECTION ( 'NONE',  ( 0.000000000000000000, -1.000000000000000000, 0.000000000000000000 ) ) ;
#6228 = CARTESIAN_POINT ( 'NONE',  ( 1.000000000000000000, 37.23994810002849221, -2.355827371451393315 ) ) ;
#6229 = CARTESIAN_POINT ( 'NONE',  ( 10.44090513317689961, 36.84381467316708836, 7.629804593820427527 ) ) ;
#6230 = VERTEX_POINT ( 'NONE', #1910 ) ;
#6231 = VECTOR ( 'NONE', #8830, 1000.000000000000000 ) ;
#6232 = EDGE_CURVE ( 'NONE', #139, #4035, #1077, .T. ) ;
#6233 = DIRECTION ( 'NONE',  ( 0.000000000000000000, -1.000000000000000000, 0.000000000000000000 ) ) ;
#6234 = ORIENTED_EDGE ( 'NONE', *, *, #3093, .F. ) ;
#6235 = DIRECTION ( 'NONE',  ( 0.000000000000000000, 0.000000000000000000, -1.000000000000000000 ) ) ;
#6236 = DIRECTION ( 'NONE',  ( -0.1129614320333118260, 0.000000000000000000, 0.9935993734262231758 ) ) ;
#6237 = ADVANCED_FACE ( 'NONE', ( #5184, #2649 ), #7572, .F. ) ;
#6238 = ORIENTED_EDGE ( 'NONE', *, *, #1901, .T. ) ;
#6239 = CARTESIAN_POINT ( 'NONE',  ( 0.6148688965920998672, 67.73342450468193476, 19.15499341863028349 ) ) ;
#6240 = ADVANCED_FACE ( 'NONE', ( #9902 ), #1133, .F. ) ;
#6241 = FACE_OUTER_BOUND ( 'NONE', #5842, .T. ) ;
#6242 = ORIENTED_EDGE ( 'NONE', *, *, #3918, .T. ) ;
#6243 = CARTESIAN_POINT ( 'NONE',  ( -7.571253563712760482, 40.23591604948001077, 18.71527171990613780 ) ) ;
#6244 = DIRECTION ( 'NONE',  ( -0.000000000000000000, 1.000000000000000000, -0.000000000000000000 ) ) ;
#6245 = CARTESIAN_POINT ( 'NONE',  ( 0.000000000000000000, 39.73591604948001077, 9.729804593820427172 ) ) ;
#6246 = CARTESIAN_POINT ( 'NONE',  ( 0.000000000000000000, 63.13591604948001645, 9.729804593820427172 ) ) ;
#6247 = DIRECTION ( 'NONE',  ( 0.000000000000000000, -1.000000000000000000, 0.000000000000000000 ) ) ;
#6248 = PLANE ( 'NONE',  #3717 ) ;
#6249 = CARTESIAN_POINT ( 'NONE',  ( -4.000000000000000000, 59.13591604948001645, -4.412331029910525615 ) ) ;
#6250 = VERTEX_POINT ( 'NONE', #1802 ) ;
#6251 = PLANE ( 'NONE',  #2757 ) ;
#6252 = LINE ( 'NONE', #6352, #8177 ) ;
#6253 = CARTESIAN_POINT ( 'NONE',  ( 0.000000000000000000, 74.83591604948000509, 11.22980459382042717 ) ) ;
#6254 = PLANE ( 'NONE',  #2297 ) ;
#6255 = ORIENTED_EDGE ( 'NONE', *, *, #6066, .T. ) ;
#6256 = CIRCLE ( 'NONE', #3197, 1.000000000000000888 ) ;
#6257 = CARTESIAN_POINT ( 'NONE',  ( 0.000000000000000000, 59.23591604948001788, 13.22980459382042717 ) ) ;
#6258 = CARTESIAN_POINT ( 'NONE',  ( 7.838725536382070480, 37.23994810002849221, 0.4768654950652855828 ) ) ;
#6259 = ORIENTED_EDGE ( 'NONE', *, *, #4128, .T. ) ;
#6260 = CIRCLE ( 'NONE', #4044, 11.25000000000000000 ) ;
#6261 = VERTEX_POINT ( 'NONE', #244 ) ;
#6262 = CARTESIAN_POINT ( 'NONE',  ( 0.000000000000000000, 68.93591604948001361, 9.729804593820427172 ) ) ;
#6263 = AXIS2_PLACEMENT_3D ( 'NONE', #4422, #317, #6705 ) ;
#6264 = CARTESIAN_POINT ( 'NONE',  ( -8.867759061886630434, 39.73591604948001077, 15.62771517472342708 ) ) ;
#6265 = EDGE_LOOP ( 'NONE', ( #4920, #5258, #8253, #9086 ) ) ;
#6266 = LINE ( 'NONE', #9499, #7660 ) ;
#6267 = ORIENTED_EDGE ( 'NONE', *, *, #8956, .F. ) ;
#6268 = CIRCLE ( 'NONE', #5919, 1.100000000000000089 ) ;
#6269 = VECTOR ( 'NONE', #7929, 1000.000000000000000 ) ;
#6270 = DIRECTION ( 'NONE',  ( 0.000000000000000000, 1.000000000000000000, 0.000000000000000000 ) ) ;
#6271 = DIRECTION ( 'NONE',  ( 1.000000000000000000, 0.000000000000000000, 0.000000000000000000 ) ) ;
#6272 = VECTOR ( 'NONE', #8766, 1000.000000000000000 ) ;
#6273 = EDGE_LOOP ( 'NONE', ( #10296, #2762, #8837, #8585 ) ) ;
#6274 = ADVANCED_FACE ( 'NONE', ( #5984 ), #784, .T. ) ;
#6275 = VECTOR ( 'NONE', #5164, 1000.000000000000000 ) ;
#6276 = VERTEX_POINT ( 'NONE', #9067 ) ;
#6277 = FACE_OUTER_BOUND ( 'NONE', #8813, .T. ) ;
#6278 = DIRECTION ( 'NONE',  ( 0.000000000000000000, 0.000000000000000000, -1.000000000000000000 ) ) ;
#6279 = ORIENTED_EDGE ( 'NONE', *, *, #4340, .T. ) ;
#6280 = DIRECTION ( 'NONE',  ( 1.000000000000000000, 0.000000000000000000, 0.000000000000000000 ) ) ;
#6281 = ORIENTED_EDGE ( 'NONE', *, *, #4222, .T. ) ;
#6282 = DIRECTION ( 'NONE',  ( 0.000000000000000000, 1.000000000000000000, 0.000000000000000000 ) ) ;
#6283 = LINE ( 'NONE', #4999, #5428 ) ;
#6284 = AXIS2_PLACEMENT_3D ( 'NONE', #3047, #681, #7123 ) ;
#6285 = ORIENTED_EDGE ( 'NONE', *, *, #7198, .T. ) ;
#6286 = EDGE_CURVE ( 'NONE', #4577, #4719, #2013, .T. ) ;
#6287 = DIRECTION ( 'NONE',  ( 0.000000000000000000, 1.000000000000000000, 0.000000000000000000 ) ) ;
#6288 = DIRECTION ( 'NONE',  ( 0.000000000000000000, -1.000000000000000000, 0.000000000000000000 ) ) ;
#6289 = ORIENTED_EDGE ( 'NONE', *, *, #4508, .F. ) ;
#6290 = FACE_BOUND ( 'NONE', #1234, .T. ) ;
#6291 = LINE ( 'NONE', #8730, #270 ) ;
#6292 = ADVANCED_FACE ( 'NONE', ( #7622 ), #1026, .F. ) ;
#6293 = CARTESIAN_POINT ( 'NONE',  ( 8.193222862489227154, 37.32017160744021567, 0.1223681689581429255 ) ) ;
#6294 = DIRECTION ( 'NONE',  ( -0.000000000000000000, -0.000000000000000000, 1.000000000000000000 ) ) ;
#6295 = FACE_OUTER_BOUND ( 'NONE', #7922, .T. ) ;
#6296 = EDGE_CURVE ( 'NONE', #664, #2815, #3442, .T. ) ;
#6297 = DIRECTION ( 'NONE',  ( 0.000000000000000000, 1.000000000000000000, 0.000000000000000000 ) ) ;
#6298 = ORIENTED_EDGE ( 'NONE', *, *, #5903, .T. ) ;
#6299 = EDGE_CURVE ( 'NONE', #2379, #1242, #1855, .T. ) ;
#6300 = DIRECTION ( 'NONE',  ( -0.000000000000000000, 1.000000000000000000, 0.000000000000000000 ) ) ;
#6301 = CARTESIAN_POINT ( 'NONE',  ( 4.660649489949149960, 39.73591604948001077, 5.069155103871286983 ) ) ;
#6302 = CARTESIAN_POINT ( 'NONE',  ( -9.395721540610564304, 67.40275248446070577, 8.760070327192588380 ) ) ;
#6303 = DIRECTION ( 'NONE',  ( 0.000000000000000000, 0.000000000000000000, 1.000000000000000000 ) ) ;
#6304 = EDGE_CURVE ( 'NONE', #8454, #315, #2128, .T. ) ;
#6305 = PLANE ( 'NONE',  #6358 ) ;
#6306 = VERTEX_POINT ( 'NONE', #2810 ) ;
#6307 = LINE ( 'NONE', #7787, #8273 ) ;
#6308 = CARTESIAN_POINT ( 'NONE',  ( 6.499999433794410031, 38.53591604948001503, 9.733810752080316320 ) ) ;
#6309 = CIRCLE ( 'NONE', #3776, 1.000000000000000000 ) ;
#6310 = EDGE_LOOP ( 'NONE', ( #8554, #8967, #6937, #4589 ) ) ;
#6311 = ORIENTED_EDGE ( 'NONE', *, *, #2381, .F. ) ;
#6312 = FACE_OUTER_BOUND ( 'NONE', #2497, .T. ) ;
#6313 = FACE_OUTER_BOUND ( 'NONE', #6273, .T. ) ;
#6314 = ORIENTED_EDGE ( 'NONE', *, *, #5274, .F. ) ;
#6315 = CIRCLE ( 'NONE', #9532, 1.000000000000000000 ) ;
#6316 = LINE ( 'NONE', #2293, #1246 ) ;
#6317 = ORIENTED_EDGE ( 'NONE', *, *, #5827, .T. ) ;
#6318 = VECTOR ( 'NONE', #8049, 1000.000000000000000 ) ;
#6319 = AXIS2_PLACEMENT_3D ( 'NONE', #6301, #3216, #4706 ) ;
#6320 = CYLINDRICAL_SURFACE ( 'NONE', #8315, 1.000000000000000888 ) ;
#6321 = COORDINATED_UNIVERSAL_TIME_OFFSET ( 8, 0, .AHEAD. ) ;
#6322 = AXIS2_PLACEMENT_3D ( 'NONE', #1299, #7642, #5355 ) ;
#6323 = ORIENTED_EDGE ( 'NONE', *, *, #3761, .T. ) ;
#6324 = VECTOR ( 'NONE', #2844, 1000.000000000000000 ) ;
#6325 = CARTESIAN_POINT ( 'NONE',  ( -1.449999999999999512, 59.13591604948001645, -4.470195406179568565 ) ) ;
#6326 = DIRECTION ( 'NONE',  ( 0.000000000000000000, 0.000000000000000000, 1.000000000000000000 ) ) ;
#6327 = DIRECTION ( 'NONE',  ( 1.015447888376667621E-14, 0.000000000000000000, -1.000000000000000000 ) ) ;
#6328 = ORIENTED_EDGE ( 'NONE', *, *, #2970, .F. ) ;
#6329 = CARTESIAN_POINT ( 'NONE',  ( 0.000000000000000000, 34.93591604948000651, 9.729804593820427172 ) ) ;
#6330 = VERTEX_POINT ( 'NONE', #5078 ) ;
#6331 = PLANE ( 'NONE',  #6758 ) ;
#6332 = EDGE_CURVE ( 'NONE', #2653, #9438, #7511, .T. ) ;
#6333 = LINE ( 'NONE', #3094, #6951 ) ;
#6334 = VECTOR ( 'NONE', #2971, 1000.000000000000000 ) ;
#6335 = VECTOR ( 'NONE', #5929, 1000.000000000000227 ) ;
#6336 = ORIENTED_EDGE ( 'NONE', *, *, #1232, .T. ) ;
#6337 = CARTESIAN_POINT ( 'NONE',  ( 0.9635617242160002816, 67.39828405816236057, 19.12562005819023980 ) ) ;
#6338 = VECTOR ( 'NONE', #1783, 1000.000000000000000 ) ;
#6339 = ORIENTED_EDGE ( 'NONE', *, *, #8866, .F. ) ;
#6340 = ORIENTED_EDGE ( 'NONE', *, *, #4724, .F. ) ;
#6341 = LINE ( 'NONE', #5535, #7505 ) ;
#6342 = CARTESIAN_POINT ( 'NONE',  ( 0.000000000000000000, 68.93591604948001361, 0.2848045938204264438 ) ) ;
#6343 = AXIS2_PLACEMENT_3D ( 'NONE', #231, #5116, #6827 ) ;
#6344 = LINE ( 'NONE', #956, #6478 ) ;
#6345 = LINE ( 'NONE', #7341, #5750 ) ;
#6346 = ADVANCED_FACE ( 'NONE', ( #2119 ), #2910, .F. ) ;
#6347 = CARTESIAN_POINT ( 'NONE',  ( 0.6171146994512022310, 63.83591604948001219, 7.842746552240663860 ) ) ;
#6348 = AXIS2_PLACEMENT_3D ( 'NONE', #6245, #6928, #3984 ) ;
#6349 = ORIENTED_EDGE ( 'NONE', *, *, #5382, .F. ) ;
#6350 = EDGE_CURVE ( 'NONE', #7303, #1712, #5677, .T. ) ;
#6351 = DIRECTION ( 'NONE',  ( -0.000000000000000000, 1.000000000000000000, -0.000000000000000000 ) ) ;
#6352 = CARTESIAN_POINT ( 'NONE',  ( 0.000000000000000000, 63.13591604948001645, 8.229804593820427172 ) ) ;
#6353 = DIRECTION ( 'NONE',  ( -1.000000000000000000, 0.000000000000000000, -3.384826294588915211E-15 ) ) ;
#6354 = LINE ( 'NONE', #4122, #5489 ) ;
#6355 = DIRECTION ( 'NONE',  ( 0.000000000000000000, -1.000000000000000000, 0.000000000000000000 ) ) ;
#6356 = PLANE ( 'NONE',  #119 ) ;
#6357 = EDGE_LOOP ( 'NONE', ( #5877, #4669, #491, #1649 ) ) ;
#6358 = AXIS2_PLACEMENT_3D ( 'NONE', #8743, #4709, #3123 ) ;
#6359 = EDGE_CURVE ( 'NONE', #5991, #4815, #959, .T. ) ;
#6360 = DIRECTION ( 'NONE',  ( 0.000000000000000000, 1.000000000000000000, 0.000000000000000000 ) ) ;
#6361 = DIRECTION ( 'NONE',  ( 0.000000000000000000, 1.000000000000000000, 0.000000000000000000 ) ) ;
#6362 = ORIENTED_EDGE ( 'NONE', *, *, #8373, .T. ) ;
#6363 = EDGE_CURVE ( 'NONE', #9508, #4689, #4606, .T. ) ;
#6364 = EDGE_CURVE ( 'NONE', #9251, #6041, #5448, .T. ) ;
#6365 = AXIS2_PLACEMENT_3D ( 'NONE', #7508, #8416, #2638 ) ;
#6366 = CARTESIAN_POINT ( 'NONE',  ( 0.5511876865852632923, 63.43591604948001361, 8.422635081417086056 ) ) ;
#6367 = ORIENTED_EDGE ( 'NONE', *, *, #9529, .T. ) ;
#6368 = EDGE_CURVE ( 'NONE', #7864, #10435, #551, .T. ) ;
#6369 = FACE_OUTER_BOUND ( 'NONE', #653, .T. ) ;
#6370 = CARTESIAN_POINT ( 'NONE',  ( 9.252939098755160074, 37.23994810002849221, 1.891079057438386002 ) ) ;
#6371 = ORIENTED_EDGE ( 'NONE', *, *, #6299, .F. ) ;
#6372 = ORIENTED_EDGE ( 'NONE', *, *, #2324, .F. ) ;
#6373 = FACE_OUTER_BOUND ( 'NONE', #8572, .T. ) ;
#6374 = ORIENTED_EDGE ( 'NONE', *, *, #1375, .F. ) ;
#6375 = DIRECTION ( 'NONE',  ( 0.000000000000000000, -1.000000000000000000, 0.000000000000000000 ) ) ;
#6376 = DIRECTION ( 'NONE',  ( 0.000000000000000000, -1.000000000000000000, 0.000000000000000000 ) ) ;
#6377 = VERTEX_POINT ( 'NONE', #3817 ) ;
#6378 = DIRECTION ( 'NONE',  ( 0.000000000000000000, 0.000000000000000000, -1.000000000000000000 ) ) ;
#6379 = ORIENTED_EDGE ( 'NONE', *, *, #7178, .F. ) ;
#6380 = FACE_OUTER_BOUND ( 'NONE', #9559, .T. ) ;
#6381 = VECTOR ( 'NONE', #4250, 1000.000000000000000 ) ;
#6382 = DIRECTION ( 'NONE',  ( 0.000000000000000000, 1.000000000000000000, 0.000000000000000000 ) ) ;
#6383 = CIRCLE ( 'NONE', #4522, 2.750000000000000888 ) ;
#6384 = EDGE_LOOP ( 'NONE', ( #1470, #7279, #6968, #10068 ) ) ;
#6385 = ORIENTED_EDGE ( 'NONE', *, *, #1806, .T. ) ;
#6386 = DIRECTION ( 'NONE',  ( -0.000000000000000000, -1.000000000000000000, -0.000000000000000000 ) ) ;
#6387 = CARTESIAN_POINT ( 'NONE',  ( 0.000000000000000000, 63.13591604948001645, 9.729804593820427172 ) ) ;
#6388 = CIRCLE ( 'NONE', #1330, 0.9999999999999991118 ) ;
#6389 = ADVANCED_FACE ( 'NONE', ( #10270 ), #6254, .F. ) ;
#6390 = ORIENTED_EDGE ( 'NONE', *, *, #2654, .T. ) ;
#6391 = CARTESIAN_POINT ( 'NONE',  ( -0.2229493721031009512, 63.83591604948001219, 8.149817155984505845 ) ) ;
#6392 = DIRECTION ( 'NONE',  ( 0.000000000000000000, 1.000000000000000000, 0.000000000000000000 ) ) ;
#6393 = DIRECTION ( 'NONE',  ( 1.149554038067394099E-14, 0.000000000000000000, -1.000000000000000000 ) ) ;
#6394 = DIRECTION ( 'NONE',  ( -0.000000000000000000, 1.000000000000000000, 0.000000000000000000 ) ) ;
#6395 = LINE ( 'NONE', #7290, #858 ) ;
#6396 = CARTESIAN_POINT ( 'NONE',  ( 3.135322457671654739, 38.53591604948001503, 8.174249038264866485 ) ) ;
#6397 = ORIENTED_EDGE ( 'NONE', *, *, #3239, .T. ) ;
#6398 = CARTESIAN_POINT ( 'NONE',  ( 3.953542708762585178, 39.73591604948001077, 15.09756086495611704 ) ) ;
#6399 = EDGE_CURVE ( 'NONE', #9100, #1873, #3303, .T. ) ;
#6400 = CARTESIAN_POINT ( 'NONE',  ( 2.000000000000000000, 53.73541098609166511, 5.698675719671151718 ) ) ;
#6401 = DIRECTION ( 'NONE',  ( 0.000000000000000000, -1.000000000000000000, 0.000000000000000000 ) ) ;
#6402 = CYLINDRICAL_SURFACE ( 'NONE', #9050, 1.749999999999999778 ) ;
#6403 = DIRECTION ( 'NONE',  ( 0.000000000000000000, -1.000000000000000000, 0.000000000000000000 ) ) ;
#6404 = DIRECTION ( 'NONE',  ( 0.000000000000000000, -1.000000000000000000, 0.000000000000000000 ) ) ;
#6405 = ORIENTED_EDGE ( 'NONE', *, *, #794, .F. ) ;
#6406 = EDGE_CURVE ( 'NONE', #315, #8454, #4326, .T. ) ;
#6407 = CARTESIAN_POINT ( 'NONE',  ( -8.386236586499739687, 39.73591604948001077, 8.729804593820375658 ) ) ;
#6408 = CYLINDRICAL_SURFACE ( 'NONE', #6656, 1.100000000000000311 ) ;
#6409 = ORIENTED_EDGE ( 'NONE', *, *, #3822, .T. ) ;
#6410 = EDGE_CURVE ( 'NONE', #4732, #4582, #6146, .T. ) ;
#6411 = AXIS2_PLACEMENT_3D ( 'NONE', #3712, #9490, #6148 ) ;
#6412 = ORIENTED_EDGE ( 'NONE', *, *, #1961, .F. ) ;
#6413 = CARTESIAN_POINT ( 'NONE',  ( -6.549445795587789831, 38.53591604948001503, 18.87678550397091826 ) ) ;
#6414 = FACE_OUTER_BOUND ( 'NONE', #258, .T. ) ;
#6415 = EDGE_LOOP ( 'NONE', ( #5367, #7675, #4630, #7925 ) ) ;
#6416 = EDGE_CURVE ( 'NONE', #2841, #100, #2974, .T. ) ;
#6417 = ORIENTED_EDGE ( 'NONE', *, *, #7316, .F. ) ;
#6418 = DIRECTION ( 'NONE',  ( -0.000000000000000000, -0.000000000000000000, 1.000000000000000000 ) ) ;
#6419 = AXIS2_PLACEMENT_3D ( 'NONE', #5210, #6866, #523 ) ;
#6420 = VECTOR ( 'NONE', #4917, 1000.000000000000000 ) ;
#6421 = EDGE_CURVE ( 'NONE', #9130, #7436, #1440, .T. ) ;
#6422 = AXIS2_PLACEMENT_3D ( 'NONE', #3677, #2088, #466 ) ;
#6423 = EDGE_CURVE ( 'NONE', #7016, #8059, #4153, .T. ) ;
#6424 = VERTEX_POINT ( 'NONE', #3863 ) ;
#6425 = FACE_OUTER_BOUND ( 'NONE', #8405, .T. ) ;
#6426 = DIRECTION ( 'NONE',  ( 0.000000000000000000, 0.000000000000000000, 1.000000000000000000 ) ) ;
#6427 = VECTOR ( 'NONE', #823, 1000.000000000000000 ) ;
#6428 = DIRECTION ( 'NONE',  ( -4.081702296416015997E-15, 0.000000000000000000, 1.000000000000000000 ) ) ;
#6429 = ORIENTED_EDGE ( 'NONE', *, *, #475, .F. ) ;
#6430 = CIRCLE ( 'NONE', #4377, 1.499999999999999556 ) ;
#6431 = DIRECTION ( 'NONE',  ( -8.673617379884027583E-16, 0.000000000000000000, -1.000000000000000000 ) ) ;
#6432 = EDGE_CURVE ( 'NONE', #9185, #3785, #3913, .T. ) ;
#6433 = ORIENTED_EDGE ( 'NONE', *, *, #2601, .F. ) ;
#6434 = CARTESIAN_POINT ( 'NONE',  ( 0.7549220094246890111, 63.83591604948001219, 7.903391476746667088 ) ) ;
#6435 = CIRCLE ( 'NONE', #1033, 11.25000000000000178 ) ;
#6436 = LINE ( 'NONE', #10255, #8648 ) ;
#6437 = AXIS2_PLACEMENT_3D ( 'NONE', #7948, #3074, #9339 ) ;
#6438 = ORIENTED_EDGE ( 'NONE', *, *, #7455, .T. ) ;
#6439 = DIRECTION ( 'NONE',  ( 0.1129614320333118399, 0.000000000000000000, -0.9935993734262232868 ) ) ;
#6440 = CARTESIAN_POINT ( 'NONE',  ( 10.54785636456172782, 38.73517269220987913, 18.86344739600916753 ) ) ;
#6441 = EDGE_LOOP ( 'NONE', ( #1879, #863, #4617, #6769 ) ) ;
#6442 = DIRECTION ( 'NONE',  ( -1.000000000000000000, 0.000000000000000000, -1.719199882953385136E-14 ) ) ;
#6443 = LINE ( 'NONE', #8935, #9715 ) ;
#6444 = DIRECTION ( 'NONE',  ( 0.000000000000000000, 1.000000000000000000, 0.000000000000000000 ) ) ;
#6445 = CARTESIAN_POINT ( 'NONE',  ( 2.800000000000000266, 57.53591604948001503, -7.270195406179567499 ) ) ;
#6446 = CIRCLE ( 'NONE', #1877, 11.25000000000000000 ) ;
#6447 = CYLINDRICAL_SURFACE ( 'NONE', #694, 1.000000000000000888 ) ;
#6448 = EDGE_CURVE ( 'NONE', #3995, #100, #10320, .T. ) ;
#6449 = CARTESIAN_POINT ( 'NONE',  ( 10.25797472605034599, 37.95821897075880003, 0.8860434301432172921 ) ) ;
#6450 = ORIENTED_EDGE ( 'NONE', *, *, #7002, .F. ) ;
#6451 = AXIS2_PLACEMENT_3D ( 'NONE', #3925, #10286, #3079 ) ;
#6452 = DIRECTION ( 'NONE',  ( 0.1129614320333120481, 0.000000000000000000, -0.9935993734262233978 ) ) ;
#6453 = PLANE ( 'NONE',  #7158 ) ;
#6454 = CARTESIAN_POINT ( 'NONE',  ( 0.8047122265308028766, 65.68778819413968506, 19.14062864361865124 ) ) ;
#6455 = CARTESIAN_POINT ( 'NONE',  ( 2.800000000000000266, 57.53591604948001503, -7.270195406179567499 ) ) ;
#6456 = DIRECTION ( 'NONE',  ( 0.000000000000000000, 0.000000000000000000, 1.000000000000000000 ) ) ;
#6457 = CARTESIAN_POINT ( 'NONE',  ( -8.867759061886630434, 43.73591604948001077, 15.62771517472342708 ) ) ;
#6458 = ORIENTED_EDGE ( 'NONE', *, *, #6689, .F. ) ;
#6459 = DIRECTION ( 'NONE',  ( 0.000000000000000000, 0.000000000000000000, -1.000000000000000000 ) ) ;
#6460 = ADVANCED_FACE ( 'NONE', ( #9328 ), #6944, .F. ) ;
#6461 = DIRECTION ( 'NONE',  ( 0.000000000000000000, 0.000000000000000000, -1.000000000000000000 ) ) ;
#6462 = ORIENTED_EDGE ( 'NONE', *, *, #9109, .T. ) ;
#6463 = VERTEX_POINT ( 'NONE', #5393 ) ;
#6464 = DIRECTION ( 'NONE',  ( 1.000000000000000000, 0.000000000000000000, 0.000000000000000000 ) ) ;
#6465 = ORIENTED_EDGE ( 'NONE', *, *, #3244, .F. ) ;
#6466 = CARTESIAN_POINT ( 'NONE',  ( -1.000000000000075939, 37.23994810002849221, 21.81543655909224455 ) ) ;
#6467 = DIRECTION ( 'NONE',  ( 0.000000000000000000, 1.000000000000000000, 0.000000000000000000 ) ) ;
#6468 = ORIENTED_EDGE ( 'NONE', *, *, #8926, .T. ) ;
#6469 = ORIENTED_EDGE ( 'NONE', *, *, #2736, .T. ) ;
#6470 = VECTOR ( 'NONE', #9763, 1000.000000000000000 ) ;
#6471 = EDGE_CURVE ( 'NONE', #8603, #10163, #7834, .T. ) ;
#6472 = DIRECTION ( 'NONE',  ( 0.000000000000000000, 0.000000000000000000, -1.000000000000000000 ) ) ;
#6473 = ADVANCED_FACE ( 'NONE', ( #5282 ), #6305, .F. ) ;
#6474 = CIRCLE ( 'NONE', #10203, 1.100000000000000089 ) ;
#6475 = ORIENTED_EDGE ( 'NONE', *, *, #10273, .F. ) ;
#6476 = CARTESIAN_POINT ( 'NONE',  ( -1.000000000000101918, 50.29182918005297154, 23.69404463758936785 ) ) ;
#6477 = DIRECTION ( 'NONE',  ( 0.000000000000000000, 0.000000000000000000, 1.000000000000000000 ) ) ;
#6478 = VECTOR ( 'NONE', #3369, 1000.000000000000000 ) ;
#6479 = DIRECTION ( 'NONE',  ( 0.000000000000000000, 1.000000000000000000, 0.000000000000000000 ) ) ;
#6480 = CARTESIAN_POINT ( 'NONE',  ( 7.703805109207739754, 38.53591604948001503, 11.00398865136948956 ) ) ;
#6481 = ORIENTED_EDGE ( 'NONE', *, *, #3244, .T. ) ;
#6482 = AXIS2_PLACEMENT_3D ( 'NONE', #2224, #698, #602 ) ;
#6483 = CARTESIAN_POINT ( 'NONE',  ( -0.1777647992897761209, 63.83591604948001219, 7.752377406614015420 ) ) ;
#6484 = ORIENTED_EDGE ( 'NONE', *, *, #1183, .F. ) ;
#6485 = CARTESIAN_POINT ( 'NONE',  ( -3.953542708762565194, 39.73591604948001077, 4.362048322684737300 ) ) ;
#6486 = ADVANCED_FACE ( 'NONE', ( #5604 ), #6356, .T. ) ;
#6487 = FACE_OUTER_BOUND ( 'NONE', #7280, .T. ) ;
#6488 = AXIS2_PLACEMENT_3D ( 'NONE', #2296, #8659, #6271 ) ;
#6489 = VERTEX_POINT ( 'NONE', #9002 ) ;
#6490 = EDGE_CURVE ( 'NONE', #30, #1393, #6013, .T. ) ;
#6491 = ORIENTED_EDGE ( 'NONE', *, *, #7330, .F. ) ;
#6492 = CARTESIAN_POINT ( 'NONE',  ( 1.198633929408829957, 66.63591604948001645, 0.3611706644116169374 ) ) ;
#6493 = LINE ( 'NONE', #951, #163 ) ;
#6494 = VERTEX_POINT ( 'NONE', #3330 ) ;
#6495 = LINE ( 'NONE', #2622, #9545 ) ;
#6496 = AXIS2_PLACEMENT_3D ( 'NONE', #2583, #73, #5865 ) ;
#6497 = LINE ( 'NONE', #9727, #5992 ) ;
#6498 = CARTESIAN_POINT ( 'NONE',  ( 1.836734693877480007, 80.83389579592666507, 20.82885435784556805 ) ) ;
#6500 = DIRECTION ( 'NONE',  ( 0.000000000000000000, 0.000000000000000000, 1.000000000000000000 ) ) ;
#6499 = CC_DESIGN_APPROVAL ( #1152, ( #2766 ) ) ;
#6501 = TOROIDAL_SURFACE ( 'NONE', #8875, 12.00000000000000000, 2.000000000000000000 ) ;
#6502 = AXIS2_PLACEMENT_3D ( 'NONE', #2494, #7308, #31 ) ;
#6503 = DIRECTION ( 'NONE',  ( -0.06021147382357448091, 0.000000000000000000, -0.9981856432648151811 ) ) ;
#6504 = DIRECTION ( 'NONE',  ( 0.000000000000000000, 1.000000000000000000, 0.000000000000000000 ) ) ;
#6505 = DIRECTION ( 'NONE',  ( 0.000000000000000000, 0.000000000000000000, -1.000000000000000000 ) ) ;
#6506 = AXIS2_PLACEMENT_3D ( 'NONE', #6601, #6392, #1731 ) ;
#6507 = ORIENTED_EDGE ( 'NONE', *, *, #7516, .F. ) ;
#6508 = CIRCLE ( 'NONE', #1940, 1.100000000000000311 ) ;
#6509 = AXIS2_PLACEMENT_3D ( 'NONE', #8361, #2635, #5972 ) ;
#6510 = DIRECTION ( 'NONE',  ( 0.000000000000000000, 0.000000000000000000, -1.000000000000000000 ) ) ;
#6511 = DIRECTION ( 'NONE',  ( 0.000000000000000000, 0.000000000000000000, -1.000000000000000000 ) ) ;
#6512 = CARTESIAN_POINT ( 'NONE',  ( -12.08563196527182093, 37.23994810002849221, 8.729804593820313485 ) ) ;
#6513 = FACE_OUTER_BOUND ( 'NONE', #3559, .T. ) ;
#6514 = DIRECTION ( 'NONE',  ( 0.000000000000000000, -1.000000000000000000, 0.000000000000000000 ) ) ;
#6515 = CARTESIAN_POINT ( 'NONE',  ( 4.898587196589412829E-16, 59.23591604948001077, 5.729804593820426284 ) ) ;
#6516 = ORIENTED_EDGE ( 'NONE', *, *, #8238, .F. ) ;
#6517 = DIRECTION ( 'NONE',  ( 0.000000000000000000, 1.000000000000000000, 0.000000000000000000 ) ) ;
#6518 = VECTOR ( 'NONE', #1089, 1000.000000000000114 ) ;
#6519 = FACE_OUTER_BOUND ( 'NONE', #9596, .T. ) ;
#6520 = ORIENTED_EDGE ( 'NONE', *, *, #2351, .T. ) ;
#6521 = ORIENTED_EDGE ( 'NONE', *, *, #4271, .T. ) ;
#6522 = DIRECTION ( 'NONE',  ( -0.000000000000000000, -1.000000000000000000, -0.000000000000000000 ) ) ;
#6523 = ORIENTED_EDGE ( 'NONE', *, *, #1449, .F. ) ;
#6524 = AXIS2_PLACEMENT_3D ( 'NONE', #5824, #6731, #9951 ) ;
#6525 = DIRECTION ( 'NONE',  ( 0.000000000000000000, 0.000000000000000000, -1.000000000000000000 ) ) ;
#6526 = EDGE_CURVE ( 'NONE', #6711, #2464, #74, .T. ) ;
#6527 = DIRECTION ( 'NONE',  ( 0.1129614320333118260, 0.000000000000000000, -0.9935993734262231758 ) ) ;
#6528 = VERTEX_POINT ( 'NONE', #9744 ) ;
#6529 = ORIENTED_EDGE ( 'NONE', *, *, #2452, .T. ) ;
#6530 = CARTESIAN_POINT ( 'NONE',  ( -1.170404825288849038, 66.95701215768870895, 19.10219216383794461 ) ) ;
#6531 = CIRCLE ( 'NONE', #3823, 1.100000000000000311 ) ;
#6532 = VECTOR ( 'NONE', #3753, 1000.000000000000000 ) ;
#6533 = EDGE_CURVE ( 'NONE', #5781, #5362, #1468, .T. ) ;
#6534 = VERTEX_POINT ( 'NONE', #9635 ) ;
#6535 = DIRECTION ( 'NONE',  ( 0.000000000000000000, 1.000000000000000000, 0.000000000000000000 ) ) ;
#6536 = DIRECTION ( 'NONE',  ( 0.000000000000000000, -1.000000000000000000, 0.000000000000000000 ) ) ;
#6537 = EDGE_CURVE ( 'NONE', #4743, #10331, #3273, .T. ) ;
#6538 = DIRECTION ( 'NONE',  ( 0.000000000000000000, 0.000000000000000000, -1.000000000000000000 ) ) ;
#6539 = DIRECTION ( 'NONE',  ( 0.000000000000000000, -1.000000000000000000, -0.000000000000000000 ) ) ;
#6540 = ORIENTED_EDGE ( 'NONE', *, *, #4841, .T. ) ;
#6541 = DIRECTION ( 'NONE',  ( 0.000000000000000000, 0.000000000000000000, -1.000000000000000000 ) ) ;
#6542 = VERTEX_POINT ( 'NONE', #6568 ) ;
#6543 = CARTESIAN_POINT ( 'NONE',  ( 0.000000000000000000, 74.83591604948000509, 11.22980459382042717 ) ) ;
#6544 = EDGE_CURVE ( 'NONE', #2308, #7528, #4858, .T. ) ;
#6545 = DIRECTION ( 'NONE',  ( -0.000000000000000000, 0.000000000000000000, 1.000000000000000000 ) ) ;
#6546 = VERTEX_POINT ( 'NONE', #7243 ) ;
#6547 = EDGE_LOOP ( 'NONE', ( #7270, #5030, #10266, #2100 ) ) ;
#6548 = DIRECTION ( 'NONE',  ( 0.000000000000000000, 0.000000000000000000, 1.000000000000000000 ) ) ;
#6549 = EDGE_CURVE ( 'NONE', #1079, #4816, #2486, .T. ) ;
#6550 = EDGE_LOOP ( 'NONE', ( #9992, #8440 ) ) ;
#6551 = DIRECTION ( 'NONE',  ( -0.000000000000000000, -0.000000000000000000, 1.000000000000000000 ) ) ;
#6552 = CARTESIAN_POINT ( 'NONE',  ( -7.131618755195589188, 37.23591604948001077, 18.68985047376207831 ) ) ;
#6553 = DIRECTION ( 'NONE',  ( 0.000000000000000000, 0.000000000000000000, 1.000000000000000000 ) ) ;
#6554 = CARTESIAN_POINT ( 'NONE',  ( 4.837354856632045057E-16, 63.13591604948001645, 13.62980459382042753 ) ) ;
#6555 = B_SPLINE_CURVE_WITH_KNOTS ( 'NONE', 3,
 ( #1241, #3511, #9186, #4463, #5093, #4310, #2720, #1923, #8391, #566, #2981, #6217, #2238, #8709 ),
 .UNSPECIFIED., .F., .F.,
 ( 4, 2, 2, 2, 2, 2, 4 ),
 ( 0.000000000000000000, 0.2500000000000000000, 0.3749999999999999445, 0.4999999999999998890, 0.6249999999999998890, 0.7499999999999998890, 1.000000000000000000 ),
 .UNSPECIFIED. ) ;
#6556 = ADVANCED_FACE ( 'NONE', ( #8149 ), #5709, .F. ) ;
#6557 = CARTESIAN_POINT ( 'NONE',  ( 0.5511876865852632923, 63.83591604948001219, 8.422635081417086056 ) ) ;
#6558 = CYLINDRICAL_SURFACE ( 'NONE', #7941, 1.000000000000000000 ) ;
#6559 = CARTESIAN_POINT ( 'NONE',  ( 11.95756933358828178, 37.23591604948001077, 10.73803851133614806 ) ) ;
#6560 = ADVANCED_FACE ( 'NONE', ( #8951 ), #966, .F. ) ;
#6561 = AXIS2_PLACEMENT_3D ( 'NONE', #9422, #687, #5373 ) ;
#6562 = VERTEX_POINT ( 'NONE', #9686 ) ;
#6563 = CARTESIAN_POINT ( 'NONE',  ( 1.500000000000000444, 59.14591604948001446, -4.470195406179568565 ) ) ;
#6564 = CARTESIAN_POINT ( 'NONE',  ( -9.195000000000000284, 66.63591604948001645, 8.704804593820375302 ) ) ;
#6565 = CARTESIAN_POINT ( 'NONE',  ( -1.000000000000000000, 50.29182918005297154, -4.234435449948514396 ) ) ;
#6566 = CARTESIAN_POINT ( 'NONE',  ( 10.58131561025223810, 39.23591604948001077, 18.89690664169968315 ) ) ;
#6567 = CARTESIAN_POINT ( 'NONE',  ( 9.445000000000000284, 66.63591604948001645, 11.00480459382054832 ) ) ;
#6568 = CARTESIAN_POINT ( 'NONE',  ( -0.1602207421005342469, 63.43591604948001361, 7.598061336812032884 ) ) ;
#6569 = ORIENTED_EDGE ( 'NONE', *, *, #1796, .F. ) ;
#6570 = CIRCLE ( 'NONE', #7915, 13.79999999999999893 ) ;
#6571 = CARTESIAN_POINT ( 'NONE',  ( 0.000000000000000000, 39.13591604948000935, 12.47980459382042717 ) ) ;
#6572 = CARTESIAN_POINT ( 'NONE',  ( -4.660649489949149960, 38.53591604948001503, 14.39045408376955848 ) ) ;
#6573 = EDGE_LOOP ( 'NONE', ( #5496, #401, #5193 ) ) ;
#6574 = ORIENTED_EDGE ( 'NONE', *, *, #2181, .F. ) ;
#6575 = CARTESIAN_POINT ( 'NONE',  ( -11.95756933358828178, 37.23591604948001077, 8.721570676304631675 ) ) ;
#6576 = ORIENTED_EDGE ( 'NONE', *, *, #8209, .T. ) ;
#6577 = CARTESIAN_POINT ( 'NONE',  ( 12.08563196527182093, 80.83389579592666507, 7.729804593820466252 ) ) ;
#6578 = PLANE ( 'NONE',  #1623 ) ;
#6579 = EDGE_LOOP ( 'NONE', ( #632, #2322, #1478, #377 ) ) ;
#6580 = ORIENTED_EDGE ( 'NONE', *, *, #1943, .T. ) ;
#6581 = CARTESIAN_POINT ( 'NONE',  ( 0.000000000000000000, 65.61091604948001077, 16.22980459382042895 ) ) ;
#6582 = ADVANCED_FACE ( 'NONE', ( #4964 ), #3172, .F. ) ;
#6583 = AXIS2_PLACEMENT_3D ( 'NONE', #8923, #4886, #9511 ) ;
#6584 = ORIENTED_EDGE ( 'NONE', *, *, #7719, .F. ) ;
#6585 = DIRECTION ( 'NONE',  ( 0.000000000000000000, 0.000000000000000000, -1.000000000000000000 ) ) ;
#6586 = DIRECTION ( 'NONE',  ( 0.000000000000000000, 1.000000000000000000, 0.000000000000000000 ) ) ;
#6587 = CARTESIAN_POINT ( 'NONE',  ( 0.000000000000000000, 39.13591604948000935, 9.729804593820427172 ) ) ;
#6588 = EDGE_LOOP ( 'NONE', ( #5534, #6969, #8233, #2062 ) ) ;
#6589 = FACE_OUTER_BOUND ( 'NONE', #2397, .T. ) ;
#6590 = AXIS2_PLACEMENT_3D ( 'NONE', #7551, #3522, #2732 ) ;
#6591 = ORIENTED_EDGE ( 'NONE', *, *, #9589, .T. ) ;
#6592 = CARTESIAN_POINT ( 'NONE',  ( -2.799999999999999378, 57.53491604948001736, -7.270195406179567499 ) ) ;
#6593 = AXIS2_PLACEMENT_3D ( 'NONE', #2415, #2477, #4799 ) ;
#6594 = CARTESIAN_POINT ( 'NONE',  ( 5.000000000000000000, 59.13591604948001645, -4.412331029910525615 ) ) ;
#6595 = EDGE_CURVE ( 'NONE', #4732, #7623, #968, .T. ) ;
#6596 = ORIENTED_EDGE ( 'NONE', *, *, #8567, .F. ) ;
#6597 = EDGE_LOOP ( 'NONE', ( #3199, #6154, #5156, #1984, #7098, #5207, #6637 ) ) ;
#6598 = DIRECTION ( 'NONE',  ( 0.000000000000000000, 0.000000000000000000, 1.000000000000000000 ) ) ;
#6599 = EDGE_LOOP ( 'NONE', ( #8158, #2618, #1049, #7468 ) ) ;
#6600 = DIRECTION ( 'NONE',  ( 0.000000000000000000, -1.000000000000000000, 0.000000000000000000 ) ) ;
#6601 = CARTESIAN_POINT ( 'NONE',  ( 0.000000000000000000, 55.08591604948001930, 9.729804593820427172 ) ) ;
#6602 = AXIS2_PLACEMENT_3D ( 'NONE', #4579, #1359, #3626 ) ;
#6603 = CARTESIAN_POINT ( 'NONE',  ( -0.2917801380881103190, 63.83591604948001219, 7.482460279846669060 ) ) ;
#6604 = CARTESIAN_POINT ( 'NONE',  ( 0.9989505415885920891, 66.90275271197515394, 3.306809727501642815 ) ) ;
#6605 = CARTESIAN_POINT ( 'NONE',  ( 0.000000000000000000, 38.53591604948001503, 9.729804593820427172 ) ) ;
#6606 = AXIS2_PLACEMENT_3D ( 'NONE', #5835, #5243, #1086 ) ;
#6607 = EDGE_CURVE ( 'NONE', #7680, #7701, #7354, .T. ) ;
#6608 = ORIENTED_EDGE ( 'NONE', *, *, #5990, .F. ) ;
#6609 = CARTESIAN_POINT ( 'NONE',  ( -0.2003570856964385360, 63.43591604948001361, 7.951097281299261077 ) ) ;
#6610 = ADVANCED_FACE ( 'NONE', ( #856 ), #4757, .T. ) ;
#6611 = CARTESIAN_POINT ( 'NONE',  ( 7.131618755195469284, 37.23591604948001077, 19.68985047376215647 ) ) ;
#6612 = VECTOR ( 'NONE', #1005, 1000.000000000000000 ) ;
#6613 = DIRECTION ( 'NONE',  ( 0.000000000000000000, 1.000000000000000000, 0.000000000000000000 ) ) ;
#6614 = CARTESIAN_POINT ( 'NONE',  ( -2.799999999999999378, 57.53491604948001736, -4.470195406179566788 ) ) ;
#6615 = DIRECTION ( 'NONE',  ( 0.000000000000000000, 0.000000000000000000, 1.000000000000000000 ) ) ;
#6616 = DIRECTION ( 'NONE',  ( 0.000000000000000000, 0.000000000000000000, -1.000000000000000000 ) ) ;
#6617 = ADVANCED_FACE ( 'NONE', ( #8204 ), #7195, .T. ) ;
#6618 = CYLINDRICAL_SURFACE ( 'NONE', #1696, 0.2999999999999999334 ) ;
#6619 = EDGE_CURVE ( 'NONE', #3821, #2330, #1297, .T. ) ;
#6620 = CARTESIAN_POINT ( 'NONE',  ( 0.000000000000000000, 55.08591604948001930, 9.729804593820427172 ) ) ;
#6621 = CIRCLE ( 'NONE', #1550, 1.000000000000000000 ) ;
#6622 = VERTEX_POINT ( 'NONE', #7562 ) ;
#6623 = ORIENTED_EDGE ( 'NONE', *, *, #6097, .T. ) ;
#6624 = EDGE_CURVE ( 'NONE', #8302, #9197, #6829, .T. ) ;
#6625 = ADVANCED_FACE ( 'NONE', ( #9998 ), #1794, .F. ) ;
#6626 = DIRECTION ( 'NONE',  ( 0.000000000000000000, 0.000000000000000000, 1.000000000000000000 ) ) ;
#6627 = VERTEX_POINT ( 'NONE', #3534 ) ;
#6628 = CARTESIAN_POINT ( 'NONE',  ( 6.423015070880469857, 66.36880989574726186, 10.72861590745714544 ) ) ;
#6629 = CARTESIAN_POINT ( 'NONE',  ( 1.008233917515684031, 37.23591604948001077, -2.227764739767854607 ) ) ;
#6630 = ORIENTED_EDGE ( 'NONE', *, *, #2824, .T. ) ;
#6631 = VERTEX_POINT ( 'NONE', #1218 ) ;
#6632 = CARTESIAN_POINT ( 'NONE',  ( 5.367756271135689872, 50.29182918005297154, 5.776261885057837553 ) ) ;
#6633 = ORIENTED_EDGE ( 'NONE', *, *, #6989, .T. ) ;
#6634 = DIRECTION ( 'NONE',  ( 0.000000000000000000, 0.000000000000000000, -1.000000000000000000 ) ) ;
#6635 = CARTESIAN_POINT ( 'NONE',  ( -1.397593656271259865, 38.53591604948001503, -1.557637796829313137 ) ) ;
#6636 = PLANE ( 'NONE',  #7879 ) ;
#6637 = ORIENTED_EDGE ( 'NONE', *, *, #10176, .T. ) ;
#6638 = CARTESIAN_POINT ( 'NONE',  ( -3.953542708762619817, 38.53591604948001503, 15.09756086495611704 ) ) ;
#6639 = ORIENTED_EDGE ( 'NONE', *, *, #8209, .F. ) ;
#6640 = DIRECTION ( 'NONE',  ( 0.000000000000000000, -1.000000000000000000, 0.000000000000000000 ) ) ;
#6641 = DIRECTION ( 'NONE',  ( 1.000000000000000000, 0.000000000000000000, 0.000000000000000000 ) ) ;
#6642 = CIRCLE ( 'NONE', #1233, 1.000000000000000000 ) ;
#6643 = CIRCLE ( 'NONE', #2075, 0.9999999999999991118 ) ;
#6644 = AXIS2_PLACEMENT_3D ( 'NONE', #7710, #3479, #8409 ) ;
#6645 = VERTEX_POINT ( 'NONE', #5119 ) ;
#6646 = VERTEX_POINT ( 'NONE', #3486 ) ;
#6647 = CARTESIAN_POINT ( 'NONE',  ( 3.700000000000000178, 59.13591604948001645, -8.270195406179569275 ) ) ;
#6648 = ORIENTED_EDGE ( 'NONE', *, *, #8739, .T. ) ;
#6649 = FACE_OUTER_BOUND ( 'NONE', #4348, .T. ) ;
#6650 = DIRECTION ( 'NONE',  ( 0.1129614320333117844, 0.000000000000000000, -0.9935993734262232868 ) ) ;
#6651 = EDGE_CURVE ( 'NONE', #613, #9299, #2003, .T. ) ;
#6652 = CARTESIAN_POINT ( 'NONE',  ( -2.799999999999999378, 57.53491604948001736, -7.270195406179567499 ) ) ;
#6653 = CARTESIAN_POINT ( 'NONE',  ( 0.5000000000000004441, 59.14591604948001446, -7.770195406179568387 ) ) ;
#6654 = AXIS2_PLACEMENT_3D ( 'NONE', #7851, #617, #7055 ) ;
#6655 = DIRECTION ( 'NONE',  ( -0.000000000000000000, -1.000000000000000000, -0.000000000000000000 ) ) ;
#6656 = AXIS2_PLACEMENT_3D ( 'NONE', #2334, #757, #7200 ) ;
#6657 = VECTOR ( 'NONE', #962, 1000.000000000000114 ) ;
#6658 = ORIENTED_EDGE ( 'NONE', *, *, #6216, .F. ) ;
#6659 = ADVANCED_FACE ( 'NONE', ( #9108 ), #8052, .F. ) ;
#6660 = CARTESIAN_POINT ( 'NONE',  ( 7.838725536382070480, 50.29182918005297154, 0.4768654950652855828 ) ) ;
#6661 = ORIENTED_EDGE ( 'NONE', *, *, #3947, .T. ) ;
#6662 = CIRCLE ( 'NONE', #8698, 1.000000000000000888 ) ;
#6663 = CARTESIAN_POINT ( 'NONE',  ( 8.391694066586799394, 50.29182918005297154, 10.72980459382044316 ) ) ;
#6664 = CARTESIAN_POINT ( 'NONE',  ( -9.429339216171044313, 67.77199655478126772, 9.185013001868430393 ) ) ;
#6665 = CIRCLE ( 'NONE', #2937, 2.000000000000000444 ) ;
#6666 = LINE ( 'NONE', #5812, #2617 ) ;
#6667 = EDGE_CURVE ( 'NONE', #2464, #8442, #5018, .T. ) ;
#6668 = DIRECTION ( 'NONE',  ( 1.000000000000000000, 0.000000000000000000, 5.727727414766670090E-15 ) ) ;
#6669 = DIRECTION ( 'NONE',  ( 1.000000000000000000, 0.000000000000000000, 5.727727414766659835E-15 ) ) ;
#6670 = CARTESIAN_POINT ( 'NONE',  ( 9.425233632836018671, 65.53796732679329295, 10.34399686763831916 ) ) ;
#6671 = FACE_OUTER_BOUND ( 'NONE', #4788, .T. ) ;
#6672 = ADVANCED_FACE ( 'NONE', ( #5974 ), #3591, .F. ) ;
#6673 = CIRCLE ( 'NONE', #609, 11.25000000000000178 ) ;
#6674 = AXIS2_PLACEMENT_3D ( 'NONE', #2965, #10114, #5391 ) ;
#6675 = ORIENTED_EDGE ( 'NONE', *, *, #9723, .T. ) ;
#6676 = CARTESIAN_POINT ( 'NONE',  ( 8.969675008373609870, 38.53591604948001503, 16.72298369880864755 ) ) ;
#6677 = ORIENTED_EDGE ( 'NONE', *, *, #585, .T. ) ;
#6678 = LINE ( 'NONE', #9171, #3957 ) ;
#6679 = EDGE_CURVE ( 'NONE', #10205, #999, #10052, .T. ) ;
#6680 = CARTESIAN_POINT ( 'NONE',  ( 6.418685366328285014, 66.77211681675287025, 8.704876219081921107 ) ) ;
#6681 = ORIENTED_EDGE ( 'NONE', *, *, #808, .F. ) ;
#6682 = CIRCLE ( 'NONE', #10366, 0.09999999999999986677 ) ;
#6683 = AXIS2_PLACEMENT_3D ( 'NONE', #2225, #6888, #8583 ) ;
#6684 = ORIENTED_EDGE ( 'NONE', *, *, #1513, .F. ) ;
#6685 = CARTESIAN_POINT ( 'NONE',  ( 4.286263797015736102E-16, 63.03591604948001503, 13.22980459382042717 ) ) ;
#6686 = ADVANCED_FACE ( 'NONE', ( #4337 ), #3429, .F. ) ;
#6687 = VERTEX_POINT ( 'NONE', #9893 ) ;
#6688 = VECTOR ( 'NONE', #3828, 1000.000000000000000 ) ;
#6689 = EDGE_CURVE ( 'NONE', #4946, #2379, #3146, .T. ) ;
#6690 = CARTESIAN_POINT ( 'NONE',  ( 0.000000000000000000, 74.83591604948000509, 9.729804593820427172 ) ) ;
#6691 = ORIENTED_EDGE ( 'NONE', *, *, #5843, .T. ) ;
#6692 = DIRECTION ( 'NONE',  ( 0.000000000000000000, 1.000000000000000000, 0.000000000000000000 ) ) ;
#6693 = DIRECTION ( 'NONE',  ( -0.1129614320333118399, 0.000000000000000000, 0.9935993734262232868 ) ) ;
#6694 = CARTESIAN_POINT ( 'NONE',  ( 8.383203968001071260, 38.53591604948001503, 7.729804593820426284 ) ) ;
#6695 = DIRECTION ( 'NONE',  ( 0.7071067811865420216, 0.000000000000000000, 0.7071067811865531239 ) ) ;
#6696 = ORIENTED_EDGE ( 'NONE', *, *, #3103, .F. ) ;
#6697 = LINE ( 'NONE', #9294, #7394 ) ;
#6698 = VERTEX_POINT ( 'NONE', #5866 ) ;
#6699 = DIRECTION ( 'NONE',  ( 0.000000000000000000, 1.000000000000000000, 0.000000000000000000 ) ) ;
#6700 = VECTOR ( 'NONE', #396, 1000.000000000000000 ) ;
#6701 = DIRECTION ( 'NONE',  ( -1.577021341797096821E-15, 0.000000000000000000, -1.000000000000000000 ) ) ;
#6702 = ORIENTED_EDGE ( 'NONE', *, *, #7185, .T. ) ;
#6703 = VERTEX_POINT ( 'NONE', #2584 ) ;
#6704 = VECTOR ( 'NONE', #8795, 1000.000000000000000 ) ;
#6705 = DIRECTION ( 'NONE',  ( 0.1129614320333120481, 0.000000000000000000, -0.9935993734262233978 ) ) ;
#6706 = ORIENTED_EDGE ( 'NONE', *, *, #5059, .F. ) ;
#6707 = DIRECTION ( 'NONE',  ( 0.000000000000000000, 0.000000000000000000, -1.000000000000000000 ) ) ;
#6708 = DIRECTION ( 'NONE',  ( 0.000000000000000000, 0.000000000000000000, 1.000000000000000000 ) ) ;
#6709 = CARTESIAN_POINT ( 'NONE',  ( -6.499999897834149998, 41.23591604948001788, 9.730957050364331451 ) ) ;
#6710 = LINE ( 'NONE', #1787, #6098 ) ;
#6711 = VERTEX_POINT ( 'NONE', #8363 ) ;
#6712 = EDGE_CURVE ( 'NONE', #1475, #2836, #8223, .T. ) ;
#6713 = DIRECTION ( 'NONE',  ( 0.000000000000000000, 0.000000000000000000, 1.000000000000000000 ) ) ;
#6714 = ORIENTED_EDGE ( 'NONE', *, *, #5287, .F. ) ;
#6715 = DIRECTION ( 'NONE',  ( -0.000000000000000000, -1.000000000000000000, -0.000000000000000000 ) ) ;
#6716 = CARTESIAN_POINT ( 'NONE',  ( 0.000000000000000000, 63.83591604948001219, 9.729804593820427172 ) ) ;
#6717 = CARTESIAN_POINT ( 'NONE',  ( 10.44090513317692093, 39.73591604948001077, 8.729804593820466252 ) ) ;
#6718 = DIRECTION ( 'NONE',  ( 0.000000000000000000, 1.000000000000000000, 0.000000000000000000 ) ) ;
#6719 = DIRECTION ( 'NONE',  ( -5.727727414766659835E-15, 0.000000000000000000, 1.000000000000000000 ) ) ;
#6720 = CARTESIAN_POINT ( 'NONE',  ( 9.146980910150560362, 80.83389579592666507, 3.180358798232726603 ) ) ;
#6721 = AXIS2_PLACEMENT_3D ( 'NONE', #9262, #7555, #6768 ) ;
#6722 = DIRECTION ( 'NONE',  ( 0.000000000000000000, -1.000000000000000000, 0.000000000000000000 ) ) ;
#6723 = VERTEX_POINT ( 'NONE', #4231 ) ;
#6724 = EDGE_CURVE ( 'NONE', #7074, #1184, #8311, .T. ) ;
#6725 = DIRECTION ( 'NONE',  ( 3.469446951953614189E-15, 0.000000000000000000, -1.000000000000000000 ) ) ;
#6726 = LINE ( 'NONE', #4868, #7397 ) ;
#6727 = ORIENTED_EDGE ( 'NONE', *, *, #6872, .F. ) ;
#6728 = DIRECTION ( 'NONE',  ( 0.000000000000000000, 0.000000000000000000, 1.000000000000000000 ) ) ;
#6729 = AXIS2_PLACEMENT_3D ( 'NONE', #8908, #7050, #5455 ) ;
#6730 = ADVANCED_FACE ( 'NONE', ( #4384 ), #7611, .F. ) ;
#6731 = DIRECTION ( 'NONE',  ( 0.000000000000000000, 1.000000000000000000, 0.000000000000000000 ) ) ;
#6732 = EDGE_LOOP ( 'NONE', ( #3540, #8057 ) ) ;
#6733 = ORIENTED_EDGE ( 'NONE', *, *, #6364, .F. ) ;
#6734 = CARTESIAN_POINT ( 'NONE',  ( 0.5719301266378774562, 63.43591604948001361, 8.240186301611155173 ) ) ;
#6735 = EDGE_LOOP ( 'NONE', ( #2427, #2705, #7704, #1970 ) ) ;
#6736 = ADVANCED_FACE ( 'NONE', ( #4281 ), #6030, .T. ) ;
#6737 = DIRECTION ( 'NONE',  ( 0.000000000000000000, 0.000000000000000000, -1.000000000000000000 ) ) ;
#6738 = VERTEX_POINT ( 'NONE', #9056 ) ;
#6739 = CARTESIAN_POINT ( 'NONE',  ( 0.000000000000000000, 39.73591604948001077, 9.729804593820427172 ) ) ;
#6740 = CARTESIAN_POINT ( 'NONE',  ( -2.000000000000000000, 39.73591604948001077, -2.355827371451393315 ) ) ;
#6741 = EDGE_CURVE ( 'NONE', #9725, #1338, #6195, .T. ) ;
#6742 = DIRECTION ( 'NONE',  ( 0.000000000000000000, 0.000000000000000000, 1.000000000000000000 ) ) ;
#6743 = LINE ( 'NONE', #7536, #1784 ) ;
#6744 = ORIENTED_EDGE ( 'NONE', *, *, #3498, .T. ) ;
#6745 = DIRECTION ( 'NONE',  ( 1.000000000000000000, 0.000000000000000000, 0.000000000000000000 ) ) ;
#6746 = ORIENTED_EDGE ( 'NONE', *, *, #4534, .F. ) ;
#6747 = EDGE_CURVE ( 'NONE', #6925, #139, #487, .T. ) ;
#6748 = DIRECTION ( 'NONE',  ( -0.000000000000000000, -1.000000000000000000, -0.000000000000000000 ) ) ;
#6749 = DIRECTION ( 'NONE',  ( -0.000000000000000000, 1.000000000000000000, -0.000000000000000000 ) ) ;
#6750 = EDGE_CURVE ( 'NONE', #5362, #4103, #5166, .T. ) ;
#6751 = ORIENTED_EDGE ( 'NONE', *, *, #10355, .F. ) ;
#6752 = ORIENTED_EDGE ( 'NONE', *, *, #4656, .T. ) ;
#6753 = CARTESIAN_POINT ( 'NONE',  ( -0.5999999999999999778, 57.53591604948001503, -4.470195406179566788 ) ) ;
#6754 = EDGE_CURVE ( 'NONE', #8976, #9663, #2639, .T. ) ;
#6755 = AXIS2_PLACEMENT_3D ( 'NONE', #8492, #1092, #6745 ) ;
#6756 = ORIENTED_EDGE ( 'NONE', *, *, #7650, .T. ) ;
#6757 = CARTESIAN_POINT ( 'NONE',  ( -1.000000000000000000, 37.23994810002849221, -2.355827371451393315 ) ) ;
#6758 = AXIS2_PLACEMENT_3D ( 'NONE', #2400, #5632, #1669 ) ;
#6759 = CARTESIAN_POINT ( 'NONE',  ( 0.000000000000000000, 63.13591604948001645, 9.729804593820427172 ) ) ;
#6760 = DIRECTION ( 'NONE',  ( 0.000000000000000000, -0.000000000000000000, 1.000000000000000000 ) ) ;
#6761 = ORIENTED_EDGE ( 'NONE', *, *, #5241, .F. ) ;
#6762 = CARTESIAN_POINT ( 'NONE',  ( 0.5180356811720999710, 67.53075809065319390, 3.249260289130426305 ) ) ;
#6763 = B_SPLINE_CURVE_WITH_KNOTS ( 'NONE', 3,
 ( #10038, #1159, #3741, #4430, #2097, #9260, #379, #5319, #8509, #1258, #2946, #8348 ),
 .UNSPECIFIED., .F., .F.,
 ( 4, 2, 2, 2, 2, 4 ),
 ( 0.000000000000000000, 0.2500000000000011657, 0.5000000000000023315, 0.6250000000000017764, 0.7500000000000012212, 1.000000000000000000 ),
 .UNSPECIFIED. ) ;
#6764 = PLANE ( 'NONE',  #8300 ) ;
#6765 = AXIS2_PLACEMENT_3D ( 'NONE', #9041, #4267, #9778 ) ;
#6766 = CIRCLE ( 'NONE', #6082, 1.000000000000000888 ) ;
#6767 = VERTEX_POINT ( 'NONE', #2053 ) ;
#6768 = DIRECTION ( 'NONE',  ( 0.000000000000000000, 0.000000000000000000, 1.000000000000000000 ) ) ;
#6769 = ORIENTED_EDGE ( 'NONE', *, *, #9791, .F. ) ;
#6770 = VECTOR ( 'NONE', #2451, 1000.000000000000000 ) ;
#6771 = DIRECTION ( 'NONE',  ( 0.000000000000000000, -1.000000000000000000, 0.000000000000000000 ) ) ;
#6772 = CARTESIAN_POINT ( 'NONE',  ( 13.96424004376894068, 50.29182918005297154, 10.72980459382047691 ) ) ;
#6773 = DIRECTION ( 'NONE',  ( 0.000000000000000000, -1.000000000000000000, -1.081498426419455997E-17 ) ) ;
#6774 = CARTESIAN_POINT ( 'NONE',  ( 1.836970198721030920E-16, 63.03591604948001503, 11.22980459382042717 ) ) ;
#6775 = DIRECTION ( 'NONE',  ( 1.000000000000000000, 0.000000000000000000, 0.000000000000000000 ) ) ;
#6776 = AXIS2_PLACEMENT_3D ( 'NONE', #1562, #4774, #4089 ) ;
#6777 = AXIS2_PLACEMENT_3D ( 'NONE', #7665, #1325, #6930 ) ;
#6778 = APPROVAL ( #7012, 'æœª' ) ;
#6779 = FACE_OUTER_BOUND ( 'NONE', #3179, .T. ) ;
#6780 = AXIS2_PLACEMENT_3D ( 'NONE', #7267, #3143, #6477 ) ;
#6781 = DIRECTION ( 'NONE',  ( 0.000000000000000000, 1.000000000000000000, 0.000000000000000000 ) ) ;
#6782 = ORIENTED_EDGE ( 'NONE', *, *, #6918, .F. ) ;
#6783 = VECTOR ( 'NONE', #5457, 1000.000000000000000 ) ;
#6784 = FACE_OUTER_BOUND ( 'NONE', #4821, .T. ) ;
#6785 = DIRECTION ( 'NONE',  ( -0.000000000000000000, -1.000000000000000000, -0.000000000000000000 ) ) ;
#6786 = CARTESIAN_POINT ( 'NONE',  ( 6.470294749302336612, 65.81468572319084842, 9.101602646410862363 ) ) ;
#6787 = DIRECTION ( 'NONE',  ( -1.000000000000000000, 0.000000000000000000, -0.000000000000000000 ) ) ;
#6788 = ORIENTED_EDGE ( 'NONE', *, *, #3756, .T. ) ;
#6789 = EDGE_CURVE ( 'NONE', #9424, #6960, #630, .T. ) ;
#6790 = ORIENTED_EDGE ( 'NONE', *, *, #5321, .T. ) ;
#6791 = AXIS2_PLACEMENT_3D ( 'NONE', #10299, #2152, #2356 ) ;
#6792 = DIRECTION ( 'NONE',  ( -1.148079875614734231E-14, 0.000000000000000000, 1.000000000000000000 ) ) ;
#6793 = VERTEX_POINT ( 'NONE', #5272 ) ;
#6794 = DIRECTION ( 'NONE',  ( 0.000000000000000000, -1.000000000000000000, -0.000000000000000000 ) ) ;
#6795 = ORIENTED_EDGE ( 'NONE', *, *, #9345, .F. ) ;
#6796 = CARTESIAN_POINT ( 'NONE',  ( -4.611320862630040374, 38.53591604948001503, 10.72980459382044138 ) ) ;
#6797 = CARTESIAN_POINT ( 'NONE',  ( 0.000000000000000000, 63.13591604948001645, 23.72980459382042540 ) ) ;
#6798 = LINE ( 'NONE', #5197, #2968 ) ;
#6799 = ORIENTED_EDGE ( 'NONE', *, *, #2332, .T. ) ;
#6800 = EDGE_CURVE ( 'NONE', #1486, #638, #5492, .T. ) ;
#6801 = DIRECTION ( 'NONE',  ( 0.000000000000000000, -1.000000000000000000, 0.000000000000000000 ) ) ;
#6802 = ORIENTED_EDGE ( 'NONE', *, *, #5179, .F. ) ;
#6803 = CARTESIAN_POINT ( 'NONE',  ( -8.386236586499739687, 38.53591604948001503, 8.729804593820377434 ) ) ;
#6804 = CARTESIAN_POINT ( 'NONE',  ( 10.58131561025231981, 39.23591604948001077, 0.5627025459412470232 ) ) ;
#6805 = EDGE_CURVE ( 'NONE', #3466, #4360, #6983, .T. ) ;
#6806 = VERTEX_POINT ( 'NONE', #8577 ) ;
#6807 = ORIENTED_EDGE ( 'NONE', *, *, #3888, .T. ) ;
#6808 = FACE_OUTER_BOUND ( 'NONE', #1968, .T. ) ;
#6809 = ORIENTED_EDGE ( 'NONE', *, *, #1988, .T. ) ;
#6810 = DIRECTION ( 'NONE',  ( 0.000000000000000000, -1.000000000000000000, 0.000000000000000000 ) ) ;
#6811 = CARTESIAN_POINT ( 'NONE',  ( 0.000000000000000000, 63.03591604948001503, 6.229804593820427172 ) ) ;
#6812 = EDGE_CURVE ( 'NONE', #8129, #2977, #7993, .T. ) ;
#6813 = FACE_OUTER_BOUND ( 'NONE', #10094, .T. ) ;
#6814 = VERTEX_POINT ( 'NONE', #539 ) ;
#6815 = AXIS2_PLACEMENT_3D ( 'NONE', #8255, #178, #3327 ) ;
#6816 = CARTESIAN_POINT ( 'NONE',  ( 13.91547793821906964, 38.73069151434422253, 10.72980459382047513 ) ) ;
#6817 = CARTESIAN_POINT ( 'NONE',  ( 0.000000000000000000, 63.13591604948001645, 9.729804593820427172 ) ) ;
#6818 = AXIS2_PLACEMENT_3D ( 'NONE', #5754, #5012, #9785 ) ;
#6819 = EDGE_CURVE ( 'NONE', #1505, #1676, #4905, .T. ) ;
#6820 = EDGE_CURVE ( 'NONE', #3917, #10415, #839, .T. ) ;
#6821 = ORIENTED_EDGE ( 'NONE', *, *, #9345, .T. ) ;
#6822 = CARTESIAN_POINT ( 'NONE',  ( -0.8946934694745103389, 67.15413500311403538, 3.291459737468311886 ) ) ;
#6823 = ORIENTED_EDGE ( 'NONE', *, *, #4913, .F. ) ;
#6824 = CARTESIAN_POINT ( 'NONE',  ( 6.499999433794410031, 37.23591604948001077, 9.733810752080316320 ) ) ;
#6825 = AXIS2_PLACEMENT_3D ( 'NONE', #9553, #3777, #10332 ) ;
#6826 = CARTESIAN_POINT ( 'NONE',  ( 0.000000000000000000, 59.13591604948001645, 9.729804593820427172 ) ) ;
#6827 = DIRECTION ( 'NONE',  ( -3.384826294588892334E-15, 0.000000000000000000, 1.000000000000000000 ) ) ;
#6828 = CARTESIAN_POINT ( 'NONE',  ( 7.838725536382019854, 50.29182918005297154, 18.98274369257561744 ) ) ;
#6829 = LINE ( 'NONE', #7457, #2138 ) ;
#6830 = AXIS2_PLACEMENT_3D ( 'NONE', #10316, #3065, #8690 ) ;
#6831 = CARTESIAN_POINT ( 'NONE',  ( 9.425270534317899518, 65.53762071212656792, 9.116179560567454487 ) ) ;
#6832 = CARTESIAN_POINT ( 'NONE',  ( -0.5178305615661673578, 67.53085375296731740, 16.21036263694227841 ) ) ;
#6833 = AXIS2_PLACEMENT_3D ( 'NONE', #2879, #7395, #9972 ) ;
#6834 = VECTOR ( 'NONE', #3054, 1000.000000000000000 ) ;
#6835 = CARTESIAN_POINT ( 'NONE',  ( -4.031128874149290553, 39.73591604948001077, 7.729804593820452041 ) ) ;
#6836 = CARTESIAN_POINT ( 'NONE',  ( 0.000000000000000000, 63.03591604948001503, 7.729804593820426284 ) ) ;
#6837 = CARTESIAN_POINT ( 'NONE',  ( 6.495704506187626848, 65.63717374478626709, 9.997524334336613805 ) ) ;
#6838 = DIRECTION ( 'NONE',  ( -0.000000000000000000, -1.000000000000000000, -0.000000000000000000 ) ) ;
#6839 = EDGE_LOOP ( 'NONE', ( #2114, #2917 ) ) ;
#6840 = VERTEX_POINT ( 'NONE', #4650 ) ;
#6841 = DIRECTION ( 'NONE',  ( -0.7071067811865560104, 0.000000000000000000, 0.7071067811865391350 ) ) ;
#6842 = ORIENTED_EDGE ( 'NONE', *, *, #3880, .F. ) ;
#6843 = VECTOR ( 'NONE', #4108, 1000.000000000000000 ) ;
#6844 = ADVANCED_FACE ( 'NONE', ( #4543 ), #3809, .T. ) ;
#6845 = CARTESIAN_POINT ( 'NONE',  ( -10.58131561025217948, 39.73591604948001077, 0.5627025459410979202 ) ) ;
#6846 = VERTEX_POINT ( 'NONE', #2902 ) ;
#6847 = AXIS2_PLACEMENT_3D ( 'NONE', #543, #7774, #7825 ) ;
#6848 = VECTOR ( 'NONE', #9837, 1000.000000000000000 ) ;
#6849 = CARTESIAN_POINT ( 'NONE',  ( -0.5999999999999999778, 57.53491604948001736, -4.470195406179566788 ) ) ;
#6850 = PLANE ( 'NONE',  #1409 ) ;
#6851 = ORIENTED_EDGE ( 'NONE', *, *, #2803, .T. ) ;
#6852 = CARTESIAN_POINT ( 'NONE',  ( 0.000000000000000000, 68.93591604948001361, 9.729804593820427172 ) ) ;
#6853 = ORIENTED_EDGE ( 'NONE', *, *, #607, .F. ) ;
#6854 = DIRECTION ( 'NONE',  ( 0.1129614320333098970, 0.000000000000000000, -0.9935993734262235089 ) ) ;
#6856 = VECTOR ( 'NONE', #3564, 1000.000000000000000 ) ;
#6855 =( NAMED_UNIT ( * ) PLANE_ANGLE_UNIT ( ) SI_UNIT ( $, .RADIAN. ) );
#6857 = EDGE_LOOP ( 'NONE', ( #9500, #5325, #132, #1701 ) ) ;
#6858 = ADVANCED_FACE ( 'NONE', ( #6881 ), #10103, .F. ) ;
#6859 = ORIENTED_EDGE ( 'NONE', *, *, #3711, .T. ) ;
#6860 = DIRECTION ( 'NONE',  ( 0.000000000000000000, 0.000000000000000000, -1.000000000000000000 ) ) ;
#6861 = ORIENTED_EDGE ( 'NONE', *, *, #3170, .F. ) ;
#6862 = CARTESIAN_POINT ( 'NONE',  ( -8.969675008373709346, 39.73591604948001077, 16.72298369880856583 ) ) ;
#6863 = CARTESIAN_POINT ( 'NONE',  ( -12.08563196527180139, 39.73591604948001077, 7.729804593820296610 ) ) ;
#6864 = CIRCLE ( 'NONE', #3140, 1.000000000000000000 ) ;
#6865 = ADVANCED_FACE ( 'NONE', ( #8628 ), #8680, .T. ) ;
#6866 = DIRECTION ( 'NONE',  ( 0.000000000000000000, 1.000000000000000000, 0.000000000000000000 ) ) ;
#6867 = VERTEX_POINT ( 'NONE', #1533 ) ;
#6868 = DIRECTION ( 'NONE',  ( 1.000000000000000000, 0.000000000000000000, 0.000000000000000000 ) ) ;
#6869 = DIRECTION ( 'NONE',  ( -0.1129614320333118260, 0.000000000000000000, 0.9935993734262231758 ) ) ;
#6870 = AXIS2_PLACEMENT_3D ( 'NONE', #7988, #3965, #5762 ) ;
#6871 = ORIENTED_EDGE ( 'NONE', *, *, #9955, .T. ) ;
#6872 = EDGE_CURVE ( 'NONE', #8442, #6806, #897, .T. ) ;
#6873 = CARTESIAN_POINT ( 'NONE',  ( -0.1359348110115131403, 67.66091604948894656, 3.229804593820405412 ) ) ;
#6874 = ORIENTED_EDGE ( 'NONE', *, *, #2791, .T. ) ;
#6875 = CIRCLE ( 'NONE', #10416, 14.00000000000000000 ) ;
#6876 = DIRECTION ( 'NONE',  ( 0.000000000000000000, 0.000000000000000000, -1.000000000000000000 ) ) ;
#6877 = DIRECTION ( 'NONE',  ( 0.000000000000000000, -1.000000000000000000, 0.000000000000000000 ) ) ;
#6878 = CARTESIAN_POINT ( 'NONE',  ( 9.410662784621612431, 67.58213413911165901, 10.53630164289610249 ) ) ;
#6879 = EDGE_CURVE ( 'NONE', #7368, #4035, #8888, .T. ) ;
#6880 = DIRECTION ( 'NONE',  ( 0.000000000000000000, 0.000000000000000000, 1.000000000000000000 ) ) ;
#6881 = FACE_OUTER_BOUND ( 'NONE', #253, .T. ) ;
#6882 = CARTESIAN_POINT ( 'NONE',  ( 9.436937881541634709, 65.43010136025681334, 10.12691391968208166 ) ) ;
#6883 = ADVANCED_FACE ( 'NONE', ( #4698 ), #7287, .T. ) ;
#6884 = DIRECTION ( 'NONE',  ( 0.000000000000000000, 0.000000000000000000, 1.000000000000000000 ) ) ;
#6885 = ORIENTED_EDGE ( 'NONE', *, *, #1503, .F. ) ;
#6886 = LINE ( 'NONE', #1223, #3605 ) ;
#6887 = CARTESIAN_POINT ( 'NONE',  ( 0.000000000000000000, 53.73541098609166511, 9.729804593820427172 ) ) ;
#6888 = DIRECTION ( 'NONE',  ( 0.000000000000000000, 1.000000000000000000, 0.000000000000000000 ) ) ;
#6889 = DIRECTION ( 'NONE',  ( 0.000000000000000000, -0.000000000000000000, 1.000000000000000000 ) ) ;
#6890 = ORIENTED_EDGE ( 'NONE', *, *, #3417, .T. ) ;
#6891 = AXIS2_PLACEMENT_3D ( 'NONE', #430, #280, #1893 ) ;
#6892 = CARTESIAN_POINT ( 'NONE',  ( -6.500013481120348047, 65.61082406995190297, 9.865169152943236597 ) ) ;
#6893 = ORIENTED_EDGE ( 'NONE', *, *, #7547, .T. ) ;
#6894 = CARTESIAN_POINT ( 'NONE',  ( -0.1636827283291025226, 67.91091604948005056, 19.17480459382042923 ) ) ;
#6895 = CIRCLE ( 'NONE', #3676, 1.000000000000000000 ) ;
#6896 = ORIENTED_EDGE ( 'NONE', *, *, #365, .T. ) ;
#6897 = AXIS2_PLACEMENT_3D ( 'NONE', #5075, #8317, #1074 ) ;
#6898 = ORIENTED_EDGE ( 'NONE', *, *, #4187, .T. ) ;
#6899 = CYLINDRICAL_SURFACE ( 'NONE', #4737, 0.8000000000000003775 ) ;
#6900 = CARTESIAN_POINT ( 'NONE',  ( 0.000000000000000000, 53.73541098609166511, 9.729804593820427172 ) ) ;
#6901 = FACE_BOUND ( 'NONE', #54, .T. ) ;
#6902 = CARTESIAN_POINT ( 'NONE',  ( 8.658812010445213758, 37.68099700768460991, 19.80283016663883089 ) ) ;
#6903 = ORIENTED_EDGE ( 'NONE', *, *, #1313, .T. ) ;
#6904 = CARTESIAN_POINT ( 'NONE',  ( 1.025000000000016120, 66.63591604948001645, 3.311130665352026714 ) ) ;
#6905 = ORIENTED_EDGE ( 'NONE', *, *, #7569, .F. ) ;
#6906 = CC_DESIGN_DATE_AND_TIME_ASSIGNMENT ( #3833, #7059, ( #8785 ) ) ;
#6907 = CARTESIAN_POINT ( 'NONE',  ( 1.000000000000000000, 39.73591604948001077, 9.729804593820427172 ) ) ;
#6908 = CARTESIAN_POINT ( 'NONE',  ( 3.061616997868385113E-16, 34.93591604948000651, 7.229804593820426284 ) ) ;
#6909 = VERTEX_POINT ( 'NONE', #693 ) ;
#6910 = VERTEX_POINT ( 'NONE', #8835 ) ;
#6911 = CARTESIAN_POINT ( 'NONE',  ( 1.000000000000000000, 38.98256680741329916, -4.234435449948514396 ) ) ;
#6912 = ORIENTED_EDGE ( 'NONE', *, *, #9688, .T. ) ;
#6913 = DIRECTION ( 'NONE',  ( -1.000000000000000000, 0.000000000000000000, 0.000000000000000000 ) ) ;
#6914 = EDGE_LOOP ( 'NONE', ( #875, #10070 ) ) ;
#6915 = LINE ( 'NONE', #322, #3200 ) ;
#6916 = VERTEX_POINT ( 'NONE', #1636 ) ;
#6917 = CARTESIAN_POINT ( 'NONE',  ( -1.024928244633064756, 66.49982078324752877, 16.14848998092529087 ) ) ;
#6918 = EDGE_CURVE ( 'NONE', #6542, #9343, #4846, .T. ) ;
#6919 = CARTESIAN_POINT ( 'NONE',  ( -8.386236586499729029, 38.53591604948001503, 7.729804593820376546 ) ) ;
#6920 = AXIS2_PLACEMENT_3D ( 'NONE', #2956, #4436, #1168 ) ;
#6921 = ORIENTED_EDGE ( 'NONE', *, *, #6410, .T. ) ;
#6922 = CIRCLE ( 'NONE', #2020, 12.00000000000000000 ) ;
#6923 = CARTESIAN_POINT ( 'NONE',  ( 9.445000000000000284, 66.63591604948001645, 8.454804593820545833 ) ) ;
#6924 = CARTESIAN_POINT ( 'NONE',  ( -9.382752801674222098, 66.08389234811104984, 10.81278105171533532 ) ) ;
#6925 = VERTEX_POINT ( 'NONE', #6554 ) ;
#6926 = DIRECTION ( 'NONE',  ( -0.000000000000000000, -1.000000000000000000, -0.000000000000000000 ) ) ;
#6927 = DIRECTION ( 'NONE',  ( 0.000000000000000000, -1.000000000000000000, 0.000000000000000000 ) ) ;
#6928 = DIRECTION ( 'NONE',  ( -0.000000000000000000, 1.000000000000000000, -0.000000000000000000 ) ) ;
#6929 = DIRECTION ( 'NONE',  ( 0.000000000000000000, -1.000000000000000000, 0.000000000000000000 ) ) ;
#6930 = DIRECTION ( 'NONE',  ( 0.000000000000000000, 0.000000000000000000, -1.000000000000000000 ) ) ;
#6931 = EDGE_CURVE ( 'NONE', #2379, #4946, #8121, .T. ) ;
#6932 = DIRECTION ( 'NONE',  ( 0.000000000000000000, 1.000000000000000000, 0.000000000000000000 ) ) ;
#6933 = AXIS2_PLACEMENT_3D ( 'NONE', #169, #2412, #3317 ) ;
#6934 = CIRCLE ( 'NONE', #9637, 1.100000000000000311 ) ;
#6935 = LINE ( 'NONE', #6198, #1249 ) ;
#6936 = VECTOR ( 'NONE', #5471, 1000.000000000000000 ) ;
#6937 = ORIENTED_EDGE ( 'NONE', *, *, #5163, .F. ) ;
#6938 = EDGE_CURVE ( 'NONE', #5094, #5752, #2318, .T. ) ;
#6939 = DIRECTION ( 'NONE',  ( 0.000000000000000000, 0.000000000000000000, 1.000000000000000000 ) ) ;
#6940 = FACE_OUTER_BOUND ( 'NONE', #9852, .T. ) ;
#6941 = EDGE_CURVE ( 'NONE', #9498, #8667, #3555, .T. ) ;
#6942 = CARTESIAN_POINT ( 'NONE',  ( 0.7888104390346826200, 63.43591604948001361, 7.605311664718801268 ) ) ;
#6943 = PERSON_AND_ORGANIZATION_ROLE ( 'classification_officer' ) ;
#6944 = PLANE ( 'NONE',  #2465 ) ;
#6945 = VERTEX_POINT ( 'NONE', #6445 ) ;
#6946 = AXIS2_PLACEMENT_3D ( 'NONE', #10441, #3190, #824 ) ;
#6947 = EDGE_CURVE ( 'NONE', #2154, #1424, #8081, .T. ) ;
#6948 = DIRECTION ( 'NONE',  ( 0.000000000000000000, 1.000000000000000000, 0.000000000000000000 ) ) ;
#6949 = ORIENTED_EDGE ( 'NONE', *, *, #924, .T. ) ;
#6950 = CARTESIAN_POINT ( 'NONE',  ( 0.000000000000000000, 59.13591604948001645, 9.729804593820427172 ) ) ;
#6951 = VECTOR ( 'NONE', #9569, 1000.000000000000114 ) ;
#6952 = EDGE_LOOP ( 'NONE', ( #10143, #6633, #3604, #8855 ) ) ;
#6953 = EDGE_CURVE ( 'NONE', #2433, #10205, #2517, .T. ) ;
#6954 = EDGE_CURVE ( 'NONE', #6330, #10152, #738, .T. ) ;
#6955 = ORIENTED_EDGE ( 'NONE', *, *, #1240, .T. ) ;
#6956 = CARTESIAN_POINT ( 'NONE',  ( 12.92703412959309972, 37.48007098509859247, 8.729804593820471581 ) ) ;
#6957 = CARTESIAN_POINT ( 'NONE',  ( 0.000000000000000000, 37.23591604948001077, 9.729804593820427172 ) ) ;
#6958 = CIRCLE ( 'NONE', #4588, 2.750000000000000888 ) ;
#6959 = DIRECTION ( 'NONE',  ( 0.000000000000000000, 1.000000000000000000, 0.000000000000000000 ) ) ;
#6960 = VERTEX_POINT ( 'NONE', #2367 ) ;
#6961 = DIRECTION ( 'NONE',  ( 0.000000000000000000, -1.000000000000000000, -0.000000000000000000 ) ) ;
#6962 = ORIENTED_EDGE ( 'NONE', *, *, #7756, .F. ) ;
#6963 = CARTESIAN_POINT ( 'NONE',  ( 1.600000000000000533, 57.53491604948001736, -7.270195406179567499 ) ) ;
#6964 = FACE_OUTER_BOUND ( 'NONE', #194, .T. ) ;
#6965 = ORIENTED_EDGE ( 'NONE', *, *, #6212, .T. ) ;
#6966 = ORIENTED_EDGE ( 'NONE', *, *, #3305, .T. ) ;
#6967 = CYLINDRICAL_SURFACE ( 'NONE', #5063, 0.8000000000000003775 ) ;
#6968 = ORIENTED_EDGE ( 'NONE', *, *, #2475, .T. ) ;
#6969 = ORIENTED_EDGE ( 'NONE', *, *, #5575, .F. ) ;
#6970 = DIRECTION ( 'NONE',  ( 0.000000000000000000, 0.000000000000000000, -1.000000000000000000 ) ) ;
#6971 = ORIENTED_EDGE ( 'NONE', *, *, #2803, .F. ) ;
#6972 = FACE_OUTER_BOUND ( 'NONE', #9442, .T. ) ;
#6973 = CARTESIAN_POINT ( 'NONE',  ( -0.3193930081536246468, 63.83591604948001219, 8.418130813361818454 ) ) ;
#6974 = ORIENTED_EDGE ( 'NONE', *, *, #3440, .F. ) ;
#6975 = DIRECTION ( 'NONE',  ( 0.1129614320333122424, 0.000000000000000000, -0.9935993734262231758 ) ) ;
#6976 = DIRECTION ( 'NONE',  ( 0.000000000000000000, 0.000000000000000000, -1.000000000000000000 ) ) ;
#6977 = ADVANCED_FACE ( 'NONE', ( #3949 ), #4029, .F. ) ;
#6978 = ORIENTED_EDGE ( 'NONE', *, *, #4668, .F. ) ;
#6979 = CARTESIAN_POINT ( 'NONE',  ( -1.000000000000000000, 39.73591604948001077, 9.729804593820427172 ) ) ;
#6980 = CARTESIAN_POINT ( 'NONE',  ( -0.6147772042477256393, 63.43591604948001361, 7.700438929133794908 ) ) ;
#6981 = CARTESIAN_POINT ( 'NONE',  ( 9.444967224759041713, 67.91063342341062992, 9.895608032751793459 ) ) ;
#6982 = DIRECTION ( 'NONE',  ( 0.1129614320333127420, 0.000000000000000000, -0.9935993734262231758 ) ) ;
#6983 = LINE ( 'NONE', #10158, #3309 ) ;
#6984 = CARTESIAN_POINT ( 'NONE',  ( 3.449999999999999734, 59.13591604948001645, -4.470195406179568565 ) ) ;
#6985 = CYLINDRICAL_SURFACE ( 'NONE', #2264, 1.000000000000000888 ) ;
#6986 = ORIENTED_EDGE ( 'NONE', *, *, #9389, .F. ) ;
#6987 = AXIS2_PLACEMENT_3D ( 'NONE', #492, #3701, #5335 ) ;
#6988 = CARTESIAN_POINT ( 'NONE',  ( -9.146980910150469768, 37.23591604948001077, 3.180358798232606254 ) ) ;
#6989 = EDGE_CURVE ( 'NONE', #7501, #9424, #5069, .T. ) ;
#6990 = CARTESIAN_POINT ( 'NONE',  ( 5.296193758381059880, 38.53591604948001503, 11.00398865136947535 ) ) ;
#6991 = AXIS2_PLACEMENT_3D ( 'NONE', #9939, #2104, #7714 ) ;
#6992 = CARTESIAN_POINT ( 'NONE',  ( 4.666666666666655416, 57.53591604948001503, -3.469521988328467366 ) ) ;
#6993 = DIRECTION ( 'NONE',  ( -0.000000000000000000, -1.000000000000000000, -0.000000000000000000 ) ) ;
#6994 = ORIENTED_EDGE ( 'NONE', *, *, #6084, .T. ) ;
#6995 = EDGE_CURVE ( 'NONE', #8976, #5353, #6345, .T. ) ;
#6996 = CARTESIAN_POINT ( 'NONE',  ( 0.000000000000000000, 59.23591604948001077, 5.729804593820426284 ) ) ;
#6997 = ORIENTED_EDGE ( 'NONE', *, *, #3690, .F. ) ;
#6998 = LINE ( 'NONE', #10229, #6334 ) ;
#6999 = VECTOR ( 'NONE', #5442, 1000.000000000000000 ) ;
#7000 = CIRCLE ( 'NONE', #5125, 1.024999999999999911 ) ;
#7001 = EDGE_LOOP ( 'NONE', ( #3494, #4889, #4441, #10407 ) ) ;
#7002 = EDGE_CURVE ( 'NONE', #2621, #4082, #7590, .T. ) ;
#7003 = VERTEX_POINT ( 'NONE', #3161 ) ;
#7004 = DIRECTION ( 'NONE',  ( 0.000000000000000000, 0.000000000000000000, 1.000000000000000000 ) ) ;
#7005 = CARTESIAN_POINT ( 'NONE',  ( -0.9157814274476056005, 65.80963948597191404, 0.3291383198043148495 ) ) ;
#7006 = VERTEX_POINT ( 'NONE', #1482 ) ;
#7007 = TOROIDAL_SURFACE ( 'NONE', #4803, 12.00000000000000000, 2.000000000000000000 ) ;
#7008 = CARTESIAN_POINT ( 'NONE',  ( 6.499999433794410031, 39.73591604948001077, 11.48381075208031632 ) ) ;
#7009 = EDGE_CURVE ( 'NONE', #4075, #616, #9624, .T. ) ;
#7010 = ORIENTED_EDGE ( 'NONE', *, *, #5044, .F. ) ;
#7011 = DIRECTION ( 'NONE',  ( 0.000000000000000000, 1.000000000000000000, 0.000000000000000000 ) ) ;
#7012 = APPROVAL_STATUS ( 'not_yet_approved' ) ;
#7013 = EDGE_CURVE ( 'NONE', #8667, #9498, #6430, .T. ) ;
#7014 = VECTOR ( 'NONE', #6418, 1000.000000000000000 ) ;
#7015 = AXIS2_PLACEMENT_3D ( 'NONE', #964, #179, #386 ) ;
#7016 = VERTEX_POINT ( 'NONE', #5647 ) ;
#7017 = ORIENTED_EDGE ( 'NONE', *, *, #1191, .T. ) ;
#7018 = CARTESIAN_POINT ( 'NONE',  ( 0.9999999999999997780, 37.31829136155759130, -2.852410633231897918 ) ) ;
#7019 = CARTESIAN_POINT ( 'NONE',  ( -0.7579821375701850661, 63.43591604948001361, 8.217307618718717066 ) ) ;
#7020 = ORIENTED_EDGE ( 'NONE', *, *, #5191, .F. ) ;
#7021 = CARTESIAN_POINT ( 'NONE',  ( -9.195000000000000284, 66.63591604948001645, 9.729804593820372105 ) ) ;
#7022 = VERTEX_POINT ( 'NONE', #170 ) ;
#7023 = DIRECTION ( 'NONE',  ( 0.000000000000000000, 1.000000000000000000, 0.000000000000000000 ) ) ;
#7024 = VECTOR ( 'NONE', #2661, 1000.000000000000000 ) ;
#7025 = CARTESIAN_POINT ( 'NONE',  ( -2.799999999999999378, 57.53491604948001736, -4.470195406179566788 ) ) ;
#7026 = VERTEX_POINT ( 'NONE', #5009 ) ;
#7027 = AXIS2_PLACEMENT_3D ( 'NONE', #86, #8161, #7257 ) ;
#7028 = CARTESIAN_POINT ( 'NONE',  ( 7.654042494670959579E-16, 59.08591604948001219, 3.479804593820426284 ) ) ;
#7029 = VERTEX_POINT ( 'NONE', #2571 ) ;
#7030 = VERTEX_POINT ( 'NONE', #6653 ) ;
#7031 = PLANE ( 'NONE',  #929 ) ;
#7032 = DIRECTION ( 'NONE',  ( 0.000000000000000000, 1.000000000000000000, 0.000000000000000000 ) ) ;
#7033 = DIRECTION ( 'NONE',  ( 0.000000000000000000, -1.000000000000000000, -0.000000000000000000 ) ) ;
#7034 = DIRECTION ( 'NONE',  ( 0.000000000000000000, -1.000000000000000000, 0.000000000000000000 ) ) ;
#7035 = AXIS2_PLACEMENT_3D ( 'NONE', #10372, #1544, #5549 ) ;
#7036 = CYLINDRICAL_SURFACE ( 'NONE', #3041, 1.025000000000000133 ) ;
#7037 = AXIS2_PLACEMENT_3D ( 'NONE', #8320, #5875, #9230 ) ;
#7038 = ADVANCED_FACE ( 'NONE', ( #9932 ), #1886, .F. ) ;
#7039 = CARTESIAN_POINT ( 'NONE',  ( 0.000000000000000000, 37.23591604948001077, 9.729804593820427172 ) ) ;
#7040 = VERTEX_POINT ( 'NONE', #9879 ) ;
#7041 = CARTESIAN_POINT ( 'NONE',  ( 7.776237472732510092, 37.23591604948001077, 0.5354598793670863888 ) ) ;
#7042 = DIRECTION ( 'NONE',  ( 0.000000000000000000, 1.000000000000000000, 0.000000000000000000 ) ) ;
#7043 = CARTESIAN_POINT ( 'NONE',  ( -9.168207402386258309, 37.23591604948001077, 17.47215391601131529 ) ) ;
#7044 = CARTESIAN_POINT ( 'NONE',  ( 0.5000000000000004441, 59.13591604948001645, -4.470195406179568565 ) ) ;
#7045 = ORIENTED_EDGE ( 'NONE', *, *, #2983, .F. ) ;
#7046 = CARTESIAN_POINT ( 'NONE',  ( 8.867759061886591354, 43.73591604948001077, 2.731894012917367220 ) ) ;
#7047 = EDGE_CURVE ( 'NONE', #4018, #9074, #226, .T. ) ;
#7048 = CYLINDRICAL_SURFACE ( 'NONE', #4968, 1.100000000000000311 ) ;
#7049 = VERTEX_POINT ( 'NONE', #2678 ) ;
#7050 = DIRECTION ( 'NONE',  ( 0.000000000000000000, -1.000000000000000000, 0.000000000000000000 ) ) ;
#7051 = VERTEX_POINT ( 'NONE', #10036 ) ;
#7052 = CARTESIAN_POINT ( 'NONE',  ( -11.09904976402512133, 80.83389579592666507, 7.893069899942772416 ) ) ;
#7053 = DIRECTION ( 'NONE',  ( 0.000000000000000000, 0.000000000000000000, -1.000000000000000000 ) ) ;
#7054 = ORIENTED_EDGE ( 'NONE', *, *, #8460, .T. ) ;
#7055 = DIRECTION ( 'NONE',  ( 0.000000000000000000, 0.000000000000000000, 1.000000000000000000 ) ) ;
#7056 = EDGE_LOOP ( 'NONE', ( #4299, #7128, #2526, #5662, #2829, #9366, #775 ) ) ;
#7057 = EDGE_CURVE ( 'NONE', #9338, #2279, #8991, .T. ) ;
#7058 = DIRECTION ( 'NONE',  ( 0.000000000000000000, -1.000000000000000000, 0.000000000000000000 ) ) ;
#7059 = DATE_TIME_ROLE ( 'creation_date' ) ;
#7060 = VECTOR ( 'NONE', #9337, 1000.000000000000000 ) ;
#7061 = ORIENTED_EDGE ( 'NONE', *, *, #10231, .F. ) ;
#7062 = EDGE_CURVE ( 'NONE', #1639, #5894, #4402, .T. ) ;
#7063 = VERTEX_POINT ( 'NONE', #378 ) ;
#7064 = CARTESIAN_POINT ( 'NONE',  ( -13.96424004376894068, 39.23591604948001077, 10.72980459382027618 ) ) ;
#7065 = CARTESIAN_POINT ( 'NONE',  ( 1.000000000000000444, 38.73069151435232271, -4.185673344402200513 ) ) ;
#7066 = LINE ( 'NONE', #4525, #4017 ) ;
#7067 = ORIENTED_EDGE ( 'NONE', *, *, #4735, .T. ) ;
#7068 = ADVANCED_FACE ( 'NONE', ( #9828 ), #3475, .T. ) ;
#7069 = CARTESIAN_POINT ( 'NONE',  ( 6.499999433794410031, 39.73591604948001077, 9.733810752080316320 ) ) ;
#7070 = ORIENTED_EDGE ( 'NONE', *, *, #3118, .F. ) ;
#7071 = DIRECTION ( 'NONE',  ( 0.000000000000000000, 0.000000000000000000, -1.000000000000000000 ) ) ;
#7072 = EDGE_CURVE ( 'NONE', #7063, #2828, #1355, .T. ) ;
#7073 = CARTESIAN_POINT ( 'NONE',  ( -4.660649489949130420, 31.87054094663176329, 6.069155103871267443 ) ) ;
#7074 = VERTEX_POINT ( 'NONE', #1938 ) ;
#7075 = EDGE_CURVE ( 'NONE', #7438, #514, #5724, .T. ) ;
#7076 = ADVANCED_FACE ( 'NONE', ( #5162 ), #4875, .T. ) ;
#7077 = DIRECTION ( 'NONE',  ( 0.000000000000000000, 0.000000000000000000, 1.000000000000000000 ) ) ;
#7078 = LINE ( 'NONE', #479, #4361 ) ;
#7079 = VERTEX_POINT ( 'NONE', #7392 ) ;
#7080 = CARTESIAN_POINT ( 'NONE',  ( -1.000000000000000000, 39.73591604948001077, 5.698675719671151718 ) ) ;
#7081 = DIRECTION ( 'NONE',  ( 0.000000000000000000, 0.000000000000000000, 1.000000000000000000 ) ) ;
#7082 = DIRECTION ( 'NONE',  ( 8.881784197001250351E-16, 0.000000000000000000, 1.000000000000000000 ) ) ;
#7083 = DIRECTION ( 'NONE',  ( 0.000000000000000000, -0.000000000000000000, -1.000000000000000000 ) ) ;
#7084 = CARTESIAN_POINT ( 'NONE',  ( 3.953542708762589619, 39.73591604948001077, 13.68334730258302656 ) ) ;
#7085 = AXIS2_PLACEMENT_3D ( 'NONE', #9416, #4633, #2889 ) ;
#7086 = ORIENTED_EDGE ( 'NONE', *, *, #8156, .F. ) ;
#7087 = FACE_OUTER_BOUND ( 'NONE', #4792, .T. ) ;
#7088 = CARTESIAN_POINT ( 'NONE',  ( 0.000000000000000000, 63.03591604948001503, 9.729804593820427172 ) ) ;
#7089 = CARTESIAN_POINT ( 'NONE',  ( 12.08563196527182093, 50.29182918005297154, 8.729804593820464476 ) ) ;
#7090 = LINE ( 'NONE', #4605, #8019 ) ;
#7091 = AXIS2_PLACEMENT_3D ( 'NONE', #2612, #8921, #6541 ) ;
#7092 = DIRECTION ( 'NONE',  ( 0.000000000000000000, -1.000000000000000000, 0.000000000000000000 ) ) ;
#7093 = ORIENTED_EDGE ( 'NONE', *, *, #9888, .T. ) ;
#7094 = CIRCLE ( 'NONE', #184, 12.00000000000000000 ) ;
#7095 = CARTESIAN_POINT ( 'NONE',  ( -6.418673928468410672, 66.63591604948001645, 10.75480459382037424 ) ) ;
#7096 = DIRECTION ( 'NONE',  ( 0.000000000000000000, 0.000000000000000000, 1.000000000000000000 ) ) ;
#7097 = CIRCLE ( 'NONE', #4391, 14.00000000000000000 ) ;
#7098 = ORIENTED_EDGE ( 'NONE', *, *, #8421, .F. ) ;
#7099 = VECTOR ( 'NONE', #3967, 1000.000000000000000 ) ;
#7100 = ORIENTED_EDGE ( 'NONE', *, *, #9514, .T. ) ;
#7101 = CARTESIAN_POINT ( 'NONE',  ( -8.193222862488131142, 37.32017160743969697, 19.33724101868149603 ) ) ;
#7102 = EDGE_CURVE ( 'NONE', #5001, #294, #5410, .T. ) ;
#7103 = CARTESIAN_POINT ( 'NONE',  ( 1.397593656271375995, 36.84381467316708836, -1.557637796829313137 ) ) ;
#7104 = ORIENTED_EDGE ( 'NONE', *, *, #1867, .T. ) ;
#7105 = LINE ( 'NONE', #5407, #5286 ) ;
#7106 = VERTEX_POINT ( 'NONE', #7444 ) ;
#7107 = AXIS2_PLACEMENT_3D ( 'NONE', #7164, #9560, #9505 ) ;
#7108 = DIRECTION ( 'NONE',  ( 0.000000000000000000, -1.000000000000000000, 0.000000000000000000 ) ) ;
#7109 = B_SPLINE_CURVE_WITH_KNOTS ( 'NONE', 3,
 ( #5183, #3392, #6628, #1909, #7571, #9901, #3545, #6837, #9849, #4185, #9065, #342, #6786, #2593, #1853, #1964, #1801, #2752 ),
 .UNSPECIFIED., .F., .F.,
 ( 4, 2, 2, 2, 2, 2, 2, 2, 4 ),
 ( 0.000000000000000000, 0.1250000000000000000, 0.2500000000000000000, 0.3750000000000000000, 0.5000000000000000000, 0.6250000000000000000, 0.7500000000000000000, 0.8750000000000000000, 1.000000000000000000 ),
 .UNSPECIFIED. ) ;
#7110 = PERSON_AND_ORGANIZATION ( #1306, #8001 ) ;
#7111 = ADVANCED_FACE ( 'NONE', ( #220 ), #5055, .F. ) ;
#7112 = AXIS2_PLACEMENT_3D ( 'NONE', #1312, #8456, #4532 ) ;
#7113 = ORIENTED_EDGE ( 'NONE', *, *, #8082, .T. ) ;
#7114 = DIRECTION ( 'NONE',  ( 0.000000000000000000, 0.000000000000000000, -1.000000000000000000 ) ) ;
#7115 = DIRECTION ( 'NONE',  ( 0.000000000000000000, 0.000000000000000000, -1.000000000000000000 ) ) ;
#7116 = ADVANCED_FACE ( 'NONE', ( #578 ), #2837, .F. ) ;
#7117 = DIRECTION ( 'NONE',  ( -0.000000000000000000, 0.000000000000000000, 1.000000000000000000 ) ) ;
#7118 = ORIENTED_EDGE ( 'NONE', *, *, #541, .T. ) ;
#7119 = CARTESIAN_POINT ( 'NONE',  ( 0.000000000000000000, 59.13591604948001645, 12.47980459382042717 ) ) ;
#7120 = ORIENTED_EDGE ( 'NONE', *, *, #6416, .F. ) ;
#7121 = CARTESIAN_POINT ( 'NONE',  ( 0.000000000000000000, 65.61091604948001077, 16.22980459382042895 ) ) ;
#7122 = ADVANCED_FACE ( 'NONE', ( #424 ), #525, .F. ) ;
#7123 = DIRECTION ( 'NONE',  ( 0.000000000000000000, 0.000000000000000000, 1.000000000000000000 ) ) ;
#7124 = ORIENTED_EDGE ( 'NONE', *, *, #39, .T. ) ;
#7125 = CARTESIAN_POINT ( 'NONE',  ( 0.000000000000000000, 63.33591604948001219, 11.22980459382042717 ) ) ;
#7126 = DIRECTION ( 'NONE',  ( 0.000000000000000000, 0.000000000000000000, 1.000000000000000000 ) ) ;
#7127 = ADVANCED_FACE ( 'NONE', ( #2151 ), #4585, .T. ) ;
#7128 = ORIENTED_EDGE ( 'NONE', *, *, #2669, .T. ) ;
#7129 = CARTESIAN_POINT ( 'NONE',  ( -1.836734693877620117, 37.23591604948001077, 20.82885435784554673 ) ) ;
#7130 = FACE_OUTER_BOUND ( 'NONE', #1059, .T. ) ;
#7131 = CARTESIAN_POINT ( 'NONE',  ( -5.298113239067909319, 38.53591604948001503, 11.00295094165458387 ) ) ;
#7132 = DIRECTION ( 'NONE',  ( 1.000000000000000000, 0.000000000000000000, 1.088453945710938178E-14 ) ) ;
#7133 = EDGE_CURVE ( 'NONE', #624, #2191, #7246, .T. ) ;
#7134 = DIRECTION ( 'NONE',  ( 0.000000000000000000, -1.000000000000000000, 0.000000000000000000 ) ) ;
#7135 = DIRECTION ( 'NONE',  ( 0.000000000000000000, 1.000000000000000000, 0.000000000000000000 ) ) ;
#7136 = ADVANCED_FACE ( 'NONE', ( #6972 ), #9258, .T. ) ;
#7137 = ORIENTED_EDGE ( 'NONE', *, *, #3827, .F. ) ;
#7138 = LINE ( 'NONE', #747, #7148 ) ;
#7139 = FACE_OUTER_BOUND ( 'NONE', #4869, .T. ) ;
#7140 = CARTESIAN_POINT ( 'NONE',  ( -0.9635456872528853633, 67.39830711528108509, 0.3339874761149317361 ) ) ;
#7141 = CARTESIAN_POINT ( 'NONE',  ( 7.131618755195469284, 80.83389579592666507, 18.68985047376217068 ) ) ;
#7142 = CARTESIAN_POINT ( 'NONE',  ( 0.000000000000000000, 37.23591604948001077, 9.729804593820427172 ) ) ;
#7143 = DIRECTION ( 'NONE',  ( 0.000000000000000000, 0.000000000000000000, -1.000000000000000000 ) ) ;
#7144 = VERTEX_POINT ( 'NONE', #8508 ) ;
#7145 = DIRECTION ( 'NONE',  ( -6.071532165918819308E-15, 0.000000000000000000, -1.000000000000000000 ) ) ;
#7146 = VECTOR ( 'NONE', #7559, 1000.000000000000000 ) ;
#7147 = CARTESIAN_POINT ( 'NONE',  ( -4.000000000000000000, 57.53591604948001503, -4.412331029910525615 ) ) ;
#7148 = VECTOR ( 'NONE', #7983, 1000.000000000000000 ) ;
#7149 = VERTEX_POINT ( 'NONE', #5368 ) ;
#7150 = DIRECTION ( 'NONE',  ( -1.000000000000000000, 0.000000000000000000, 0.000000000000000000 ) ) ;
#7151 = ORIENTED_EDGE ( 'NONE', *, *, #8683, .F. ) ;
#7152 = CARTESIAN_POINT ( 'NONE',  ( -9.252939098755058822, 37.23994810002849221, 1.891079057438276756 ) ) ;
#7153 = CARTESIAN_POINT ( 'NONE',  ( -9.167102047879298610, 50.29182918005297154, 20.31112020407264751 ) ) ;
#7154 = ORIENTED_EDGE ( 'NONE', *, *, #1007, .F. ) ;
#7155 = CIRCLE ( 'NONE', #8516, 1.025000000000000133 ) ;
#7156 = ORIENTED_EDGE ( 'NONE', *, *, #1311, .F. ) ;
#7157 = AXIS2_PLACEMENT_3D ( 'NONE', #6249, #2055, #8685 ) ;
#7158 = AXIS2_PLACEMENT_3D ( 'NONE', #122, #3326, #5705 ) ;
#7159 = CARTESIAN_POINT ( 'NONE',  ( -1.000000000000000000, 39.73591604948001077, -4.234435449948514396 ) ) ;
#7160 = EDGE_CURVE ( 'NONE', #4244, #5527, #9644, .T. ) ;
#7161 = AXIS2_PLACEMENT_3D ( 'NONE', #3163, #1586, #3320 ) ;
#7162 = ORIENTED_EDGE ( 'NONE', *, *, #5689, .T. ) ;
#7163 = AXIS2_PLACEMENT_3D ( 'NONE', #3747, #2952, #7819 ) ;
#7164 = CARTESIAN_POINT ( 'NONE',  ( 7.571253563712700974, 40.23591604948001077, 0.7443374677346663582 ) ) ;
#7165 = CARTESIAN_POINT ( 'NONE',  ( -6.499999897834149998, 37.23591604948001077, 8.705957050364331096 ) ) ;
#7166 = CYLINDRICAL_SURFACE ( 'NONE', #3345, 1.024999999999999911 ) ;
#7167 = EDGE_LOOP ( 'NONE', ( #3287, #6311, #8022, #8380 ) ) ;
#7168 = CARTESIAN_POINT ( 'NONE',  ( -9.034215744499668688, 38.38139982538891104, -0.7186247130525648119 ) ) ;
#7169 = EDGE_LOOP ( 'NONE', ( #1008, #7447, #6994, #10245 ) ) ;
#7170 = CARTESIAN_POINT ( 'NONE',  ( -1.397593656271371776, 36.84381467316708836, 21.01724698447016948 ) ) ;
#7171 = CARTESIAN_POINT ( 'NONE',  ( 1.600000000000000533, 57.53491604948001736, -7.270195406179567499 ) ) ;
#7172 = AXIS2_PLACEMENT_3D ( 'NONE', #7837, #10275, #2539 ) ;
#7173 = AXIS2_PLACEMENT_3D ( 'NONE', #5823, #975, #6728 ) ;
#7174 = EDGE_CURVE ( 'NONE', #5508, #7519, #8455, .T. ) ;
#7175 = ORIENTED_EDGE ( 'NONE', *, *, #8432, .F. ) ;
#7176 = DIRECTION ( 'NONE',  ( -0.1129614320333117844, 0.000000000000000000, 0.9935993734262232868 ) ) ;
#7177 = CARTESIAN_POINT ( 'NONE',  ( -9.425129600455475654, 65.53899038026457902, 10.34556788638076696 ) ) ;
#7178 = EDGE_CURVE ( 'NONE', #9563, #3954, #7813, .T. ) ;
#7179 = ORIENTED_EDGE ( 'NONE', *, *, #9751, .T. ) ;
#7180 = DIRECTION ( 'NONE',  ( 0.000000000000000000, 0.000000000000000000, 1.000000000000000000 ) ) ;
#7181 = CARTESIAN_POINT ( 'NONE',  ( -3.399999999999999467, 59.14591604948001446, -4.470195406179568565 ) ) ;
#7182 = AXIS2_PLACEMENT_3D ( 'NONE', #6620, #5713, #7358 ) ;
#7183 = LINE ( 'NONE', #3998, #9386 ) ;
#7184 = DIRECTION ( 'NONE',  ( 0.000000000000000000, 0.000000000000000000, -1.000000000000000000 ) ) ;
#7185 = EDGE_CURVE ( 'NONE', #10152, #4248, #10144, .T. ) ;
#7186 = DIRECTION ( 'NONE',  ( 0.000000000000000000, -1.000000000000000000, -0.000000000000000000 ) ) ;
#7187 = VECTOR ( 'NONE', #3774, 1000.000000000000000 ) ;
#7188 = ORIENTED_EDGE ( 'NONE', *, *, #5047, .T. ) ;
#7189 = CARTESIAN_POINT ( 'NONE',  ( -0.1524979332449710179, 63.43591604948001361, 11.07116374794582825 ) ) ;
#7190 = EDGE_CURVE ( 'NONE', #2621, #4547, #3793, .T. ) ;
#7191 = DIRECTION ( 'NONE',  ( 0.000000000000000000, 0.000000000000000000, -1.000000000000000000 ) ) ;
#7192 = CARTESIAN_POINT ( 'NONE',  ( 12.08563196527180139, 38.53591604948001503, 11.72980459382046625 ) ) ;
#7193 = CYLINDRICAL_SURFACE ( 'NONE', #3465, 1.499999999999999556 ) ;
#7194 = FACE_BOUND ( 'NONE', #8142, .T. ) ;
#7195 = CYLINDRICAL_SURFACE ( 'NONE', #2303, 1.000000000000000000 ) ;
#7196 = VERTEX_POINT ( 'NONE', #4429 ) ;
#7197 = AXIS2_PLACEMENT_3D ( 'NONE', #7466, #2754, #6889 ) ;
#7198 = EDGE_CURVE ( 'NONE', #868, #3757, #2096, .T. ) ;
#7199 = LINE ( 'NONE', #4759, #6420 ) ;
#7200 = DIRECTION ( 'NONE',  ( 0.000000000000000000, 0.000000000000000000, -1.000000000000000000 ) ) ;
#7201 = ORIENTED_EDGE ( 'NONE', *, *, #5217, .T. ) ;
#7202 = VECTOR ( 'NONE', #181, 1000.000000000000000 ) ;
#7203 = EDGE_CURVE ( 'NONE', #3924, #3872, #7867, .T. ) ;
#7204 = EDGE_CURVE ( 'NONE', #1672, #3490, #10297, .T. ) ;
#7205 = ORIENTED_EDGE ( 'NONE', *, *, #9944, .F. ) ;
#7206 = PLANE ( 'NONE',  #3797 ) ;
#7207 = DIRECTION ( 'NONE',  ( 0.000000000000000000, -1.000000000000000000, 0.000000000000000000 ) ) ;
#7208 = ORIENTED_EDGE ( 'NONE', *, *, #731, .F. ) ;
#7209 = ORIENTED_EDGE ( 'NONE', *, *, #4782, .F. ) ;
#7210 = DIRECTION ( 'NONE',  ( 0.7071067811865495711, 0.000000000000000000, -0.7071067811865455743 ) ) ;
#7211 = ORIENTED_EDGE ( 'NONE', *, *, #6595, .F. ) ;
#7212 = DIRECTION ( 'NONE',  ( 0.000000000000000000, 1.000000000000000000, 0.000000000000000000 ) ) ;
#7213 = DIRECTION ( 'NONE',  ( 0.000000000000000000, 0.000000000000000000, 1.000000000000000000 ) ) ;
#7214 = CYLINDRICAL_SURFACE ( 'NONE', #737, 1.100000000000000089 ) ;
#7215 = CARTESIAN_POINT ( 'NONE',  ( 0.5000000000000004441, 59.14591604948001446, -4.470195406179568565 ) ) ;
#7216 = ORIENTED_EDGE ( 'NONE', *, *, #1459, .F. ) ;
#7217 = ADVANCED_FACE ( 'NONE', ( #6016 ), #10091, .T. ) ;
#7218 = DIRECTION ( 'NONE',  ( 0.000000000000000000, -1.000000000000000000, 0.000000000000000000 ) ) ;
#7219 = VERTEX_POINT ( 'NONE', #4478 ) ;
#7220 = CARTESIAN_POINT ( 'NONE',  ( 0.5999999999999999778, 57.53491604948001736, -4.470195406179566788 ) ) ;
#7221 = AXIS2_PLACEMENT_3D ( 'NONE', #8931, #5137, #1864 ) ;
#7222 = DIRECTION ( 'NONE',  ( 8.659560562355079537E-17, 0.7071067811865350272, -0.7071067811865600072 ) ) ;
#7223 = EDGE_LOOP ( 'NONE', ( #4928, #5979, #4038, #3775 ) ) ;
#7224 = ORIENTED_EDGE ( 'NONE', *, *, #21, .T. ) ;
#7225 = LINE ( 'NONE', #10451, #6381 ) ;
#7226 = DIRECTION ( 'NONE',  ( 0.000000000000000000, -1.000000000000000000, 0.000000000000000000 ) ) ;
#7227 = AXIS2_PLACEMENT_3D ( 'NONE', #1753, #1706, #7306 ) ;
#7228 = ORIENTED_EDGE ( 'NONE', *, *, #4598, .T. ) ;
#7229 = CARTESIAN_POINT ( 'NONE',  ( -3.399999999999999467, 59.14591604948001446, -4.470195406179568565 ) ) ;
#7230 = CARTESIAN_POINT ( 'NONE',  ( -10.40751058264164897, 38.26776377237108306, 18.72310161408881513 ) ) ;
#7231 = EDGE_CURVE ( 'NONE', #2699, #9494, #3979, .T. ) ;
#7232 = CARTESIAN_POINT ( 'NONE',  ( 0.000000000000000000, 39.73591604948001077, 9.729804593820427172 ) ) ;
#7233 = DIRECTION ( 'NONE',  ( 0.000000000000000000, 0.000000000000000000, 1.000000000000000000 ) ) ;
#7234 = FACE_OUTER_BOUND ( 'NONE', #5839, .T. ) ;
#7235 = CARTESIAN_POINT ( 'NONE',  ( 9.604076490585947923, 37.31829136155921844, 1.539941665607611920 ) ) ;
#7236 = EDGE_LOOP ( 'NONE', ( #8703, #7958, #8471, #9550 ) ) ;
#7237 = FACE_BOUND ( 'NONE', #1839, .T. ) ;
#7238 = DIRECTION ( 'NONE',  ( -0.000000000000000000, -1.000000000000000000, -0.000000000000000000 ) ) ;
#7239 = CARTESIAN_POINT ( 'NONE',  ( -9.415904410037230221, 67.63909492595934125, 10.47344888286651887 ) ) ;
#7240 = CARTESIAN_POINT ( 'NONE',  ( 3.953542708762594504, 38.53591604948001503, 5.776261885057832224 ) ) ;
#7241 = ADVANCED_FACE ( 'NONE', ( #6380 ), #1622, .T. ) ;
#7242 = DIRECTION ( 'NONE',  ( 0.000000000000000000, -1.000000000000000000, 0.000000000000000000 ) ) ;
#7243 = CARTESIAN_POINT ( 'NONE',  ( -11.28744239064974053, 39.73591604948001077, 8.332210937549062280 ) ) ;
#7244 = ORIENTED_EDGE ( 'NONE', *, *, #5645, .F. ) ;
#7245 = DIRECTION ( 'NONE',  ( -7.885106708985484103E-16, 0.000000000000000000, 1.000000000000000000 ) ) ;
#7246 = CIRCLE ( 'NONE', #5386, 3.499999999999999556 ) ;
#7247 = DIRECTION ( 'NONE',  ( 0.000000000000000000, 0.000000000000000000, 1.000000000000000000 ) ) ;
#7248 = EDGE_CURVE ( 'NONE', #8059, #5527, #7274, .T. ) ;
#7249 = EDGE_LOOP ( 'NONE', ( #6893, #4194, #7120, #8928, #4814, #8660, #3743, #4145, #4262, #5597, #874, #8099, #4738, #1815, #4830, #5652, #5933, #6209, #460, #2768, #7523, #6390, #8231, #555, #10190, #5041, #890, #6809, #4428 ) ) ;
#7250 = ORIENTED_EDGE ( 'NONE', *, *, #2690, .F. ) ;
#7251 = VECTOR ( 'NONE', #3791, 1000.000000000000000 ) ;
#7252 = CIRCLE ( 'NONE', #512, 1.100000000000000311 ) ;
#7253 = ORIENTED_EDGE ( 'NONE', *, *, #6754, .T. ) ;
#7254 = CARTESIAN_POINT ( 'NONE',  ( 0.000000000000000000, 63.03591604948001503, 9.729804593820427172 ) ) ;
#7255 = EDGE_CURVE ( 'NONE', #6646, #8661, #4686, .T. ) ;
#7256 = ADVANCED_FACE ( 'NONE', ( #678, #2354 ), #6331, .T. ) ;
#7257 = DIRECTION ( 'NONE',  ( 0.000000000000000000, 0.000000000000000000, 1.000000000000000000 ) ) ;
#7258 = ORIENTED_EDGE ( 'NONE', *, *, #7912, .T. ) ;
#7259 = ORIENTED_EDGE ( 'NONE', *, *, #8225, .F. ) ;
#7260 = DIRECTION ( 'NONE',  ( 0.000000000000000000, 0.000000000000000000, 1.000000000000000000 ) ) ;
#7261 = EDGE_CURVE ( 'NONE', #10259, #5032, #7598, .T. ) ;
#7262 = CIRCLE ( 'NONE', #6933, 1.100000000000000311 ) ;
#7263 = AXIS2_PLACEMENT_3D ( 'NONE', #9057, #3332, #9004 ) ;
#7264 = AXIS2_PLACEMENT_3D ( 'NONE', #573, #9409, #1302 ) ;
#7265 = ORIENTED_EDGE ( 'NONE', *, *, #1826, .T. ) ;
#7266 = CARTESIAN_POINT ( 'NONE',  ( -12.08563196527184047, 37.23591604948001077, 11.72980459382031171 ) ) ;
#7267 = CARTESIAN_POINT ( 'NONE',  ( -4.660649489949149960, 38.53591604948001503, 14.39045408376955848 ) ) ;
#7268 = FACE_OUTER_BOUND ( 'NONE', #5614, .T. ) ;
#7269 = VECTOR ( 'NONE', #455, 1000.000000000000000 ) ;
#7270 = ORIENTED_EDGE ( 'NONE', *, *, #3702, .F. ) ;
#7271 = AXIS2_PLACEMENT_3D ( 'NONE', #4437, #10215, #1270 ) ;
#7272 = DIRECTION ( 'NONE',  ( -1.000000000000000000, -0.000000000000000000, -0.000000000000000000 ) ) ;
#7273 = ORIENTED_EDGE ( 'NONE', *, *, #1708, .T. ) ;
#7274 = LINE ( 'NONE', #9614, #847 ) ;
#7275 = AXIS2_PLACEMENT_3D ( 'NONE', #3242, #3982, #2503 ) ;
#7276 = CARTESIAN_POINT ( 'NONE',  ( 4.031128874149285224, 39.73591604948001077, 10.72980459382042540 ) ) ;
#7277 = B_SPLINE_CURVE_WITH_KNOTS ( 'NONE', 3,
 ( #3120, #7686, #750, #3664 ),
 .UNSPECIFIED., .F., .F.,
 ( 4, 4 ),
 ( 0.000000000000000000, 0.0001283903908514616107 ),
 .UNSPECIFIED. ) ;
#7278 = AXIS2_PLACEMENT_3D ( 'NONE', #3198, #10401, #4688 ) ;
#7279 = ORIENTED_EDGE ( 'NONE', *, *, #3883, .F. ) ;
#7280 = EDGE_LOOP ( 'NONE', ( #8979, #3461, #919, #8817 ) ) ;
#7281 = CYLINDRICAL_SURFACE ( 'NONE', #3005, 14.00000000000000000 ) ;
#7282 = DIRECTION ( 'NONE',  ( 0.000000000000000000, 0.000000000000000000, 1.000000000000000000 ) ) ;
#7283 = ORIENTED_EDGE ( 'NONE', *, *, #9389, .T. ) ;
#7284 = CARTESIAN_POINT ( 'NONE',  ( -0.2595806794431566034, 63.43591604948001361, 7.586765193608700386 ) ) ;
#7285 = LINE ( 'NONE', #1884, #8927 ) ;
#7286 = DIRECTION ( 'NONE',  ( 0.000000000000000000, -1.000000000000000000, 0.000000000000000000 ) ) ;
#7287 = CYLINDRICAL_SURFACE ( 'NONE', #369, 2.000000000000000000 ) ;
#7288 = AXIS2_PLACEMENT_3D ( 'NONE', #1147, #4676, #7955 ) ;
#7289 = DIRECTION ( 'NONE',  ( 0.000000000000000000, -1.000000000000000000, 0.000000000000000000 ) ) ;
#7290 = CARTESIAN_POINT ( 'NONE',  ( -7.700332336075880413, 33.28616858117417365, 8.457496396199996269 ) ) ;
#7291 = CARTESIAN_POINT ( 'NONE',  ( 1.016439536705160407E-17, 56.83591604948001930, 9.729804593820425396 ) ) ;
#7292 = ORIENTED_EDGE ( 'NONE', *, *, #29, .F. ) ;
#7293 = EDGE_CURVE ( 'NONE', #9412, #4815, #51, .T. ) ;
#7294 = CARTESIAN_POINT ( 'NONE',  ( -4.031128874149304764, 39.73591604948001077, 8.729804593820452041 ) ) ;
#7295 = CARTESIAN_POINT ( 'NONE',  ( -0.5179221251353807176, 65.74104230796254456, 3.249255320148680237 ) ) ;
#7296 = DIRECTION ( 'NONE',  ( 0.000000000000000000, -1.000000000000000000, 0.000000000000000000 ) ) ;
#7297 = FACE_OUTER_BOUND ( 'NONE', #7167, .T. ) ;
#7298 = DIRECTION ( 'NONE',  ( 0.000000000000000000, 0.000000000000000000, 1.000000000000000000 ) ) ;
#7299 = CARTESIAN_POINT ( 'NONE',  ( 0.000000000000000000, 59.14591604948001446, 9.729804593820427172 ) ) ;
#7300 = ORIENTED_EDGE ( 'NONE', *, *, #6359, .T. ) ;
#7301 = DIRECTION ( 'NONE',  ( 9.966433447514970497E-15, 0.000000000000000000, -1.000000000000000000 ) ) ;
#7302 = LINE ( 'NONE', #24, #7678 ) ;
#7303 = VERTEX_POINT ( 'NONE', #3988 ) ;
#7304 = EDGE_CURVE ( 'NONE', #5398, #2605, #5395, .T. ) ;
#7305 = ORIENTED_EDGE ( 'NONE', *, *, #9286, .T. ) ;
#7306 = DIRECTION ( 'NONE',  ( 0.000000000000000000, 0.000000000000000000, -1.000000000000000000 ) ) ;
#7307 = EDGE_LOOP ( 'NONE', ( #9245, #5772, #1976, #3581 ) ) ;
#7308 = DIRECTION ( 'NONE',  ( 0.000000000000000000, 1.000000000000000000, 0.000000000000000000 ) ) ;
#7309 = EDGE_CURVE ( 'NONE', #2260, #3069, #1518, .T. ) ;
#7310 = AXIS2_PLACEMENT_3D ( 'NONE', #7192, #3066, #700 ) ;
#7311 = FACE_OUTER_BOUND ( 'NONE', #8422, .T. ) ;
#7312 = ORIENTED_EDGE ( 'NONE', *, *, #6296, .T. ) ;
#7313 = ORIENTED_EDGE ( 'NONE', *, *, #8144, .T. ) ;
#7314 = VECTOR ( 'NONE', #1236, 1000.000000000000000 ) ;
#7315 = DIRECTION ( 'NONE',  ( 1.000000000000000000, 0.000000000000000000, 1.047444401652940164E-14 ) ) ;
#7316 = EDGE_CURVE ( 'NONE', #6546, #4454, #5901, .T. ) ;
#7317 = VECTOR ( 'NONE', #1974, 1000.000000000000000 ) ;
#7318 = VECTOR ( 'NONE', #646, 1000.000000000000000 ) ;
#7319 = ORIENTED_EDGE ( 'NONE', *, *, #3228, .F. ) ;
#7320 = CARTESIAN_POINT ( 'NONE',  ( -0.2003570856964385360, 63.83591604948001219, 7.951097281299261077 ) ) ;
#7321 = DIRECTION ( 'NONE',  ( -0.000000000000000000, -1.000000000000000000, -0.000000000000000000 ) ) ;
#7322 = EDGE_CURVE ( 'NONE', #624, #8651, #4733, .T. ) ;
#7323 = LINE ( 'NONE', #3352, #905 ) ;
#7324 = CARTESIAN_POINT ( 'NONE',  ( 0.000000000000000000, 63.13591604948001645, 9.729804593820427172 ) ) ;
#7325 = ORIENTED_EDGE ( 'NONE', *, *, #9350, .T. ) ;
#7326 = AXIS2_PLACEMENT_3D ( 'NONE', #2325, #7042, #7935 ) ;
#7327 = CARTESIAN_POINT ( 'NONE',  ( 9.445000000000000284, 66.63591604948001645, 9.729804593820547964 ) ) ;
#7328 = ORIENTED_EDGE ( 'NONE', *, *, #5881, .T. ) ;
#7329 = DIRECTION ( 'NONE',  ( 0.000000000000000000, 0.000000000000000000, 1.000000000000000000 ) ) ;
#7330 = EDGE_CURVE ( 'NONE', #3253, #1098, #7094, .T. ) ;
#7331 = DIRECTION ( 'NONE',  ( 0.000000000000000000, 1.000000000000000000, 0.000000000000000000 ) ) ;
#7332 = CC_DESIGN_APPROVAL ( #6778, ( #5296 ) ) ;
#7333 = VECTOR ( 'NONE', #10408, 1000.000000000000000 ) ;
#7334 = ORIENTED_EDGE ( 'NONE', *, *, #8367, .F. ) ;
#7335 = ORIENTED_EDGE ( 'NONE', *, *, #10300, .T. ) ;
#7336 = CARTESIAN_POINT ( 'NONE',  ( 0.5999999999999999778, 57.53591604948001503, -7.270195406179567499 ) ) ;
#7337 = ORIENTED_EDGE ( 'NONE', *, *, #945, .F. ) ;
#7338 = DIRECTION ( 'NONE',  ( 0.000000000000000000, -1.000000000000000000, 0.000000000000000000 ) ) ;
#7339 = DIRECTION ( 'NONE',  ( 0.000000000000000000, 1.000000000000000000, 0.000000000000000000 ) ) ;
#7340 = FACE_OUTER_BOUND ( 'NONE', #2942, .T. ) ;
#7341 = CARTESIAN_POINT ( 'NONE',  ( -3.135322457671649854, 53.73541098609166511, 11.28536014937600207 ) ) ;
#7342 = AXIS2_PLACEMENT_3D ( 'NONE', #1285, #9491, #1341 ) ;
#7343 = CIRCLE ( 'NONE', #2775, 1.499999999999999556 ) ;
#7344 = CARTESIAN_POINT ( 'NONE',  ( 0.9999999999999009681, 39.23591604948001077, 23.69404463758936785 ) ) ;
#7345 = DIRECTION ( 'NONE',  ( 0.000000000000000000, -1.000000000000000000, 0.000000000000000000 ) ) ;
#7346 = ORIENTED_EDGE ( 'NONE', *, *, #6018, .T. ) ;
#7347 = VECTOR ( 'NONE', #3755, 1000.000000000000000 ) ;
#7348 = VECTOR ( 'NONE', #9486, 1000.000000000000000 ) ;
#7349 = DIRECTION ( 'NONE',  ( 0.000000000000000000, -0.000000000000000000, 1.000000000000000000 ) ) ;
#7350 = DIRECTION ( 'NONE',  ( -0.000000000000000000, -1.000000000000000000, -0.000000000000000000 ) ) ;
#7351 = CARTESIAN_POINT ( 'NONE',  ( 0.9693342576340223671, 67.40336690103296746, 0.3340393032428300435 ) ) ;
#7352 = LINE ( 'NONE', #7141, #10233 ) ;
#7353 = CARTESIAN_POINT ( 'NONE',  ( 0.5719301266378774562, 63.83591604948001219, 8.240186301611155173 ) ) ;
#7354 = LINE ( 'NONE', #9792, #6020 ) ;
#7355 = VERTEX_POINT ( 'NONE', #778 ) ;
#7356 = FACE_OUTER_BOUND ( 'NONE', #2876, .T. ) ;
#7357 = AXIS2_PLACEMENT_3D ( 'NONE', #2339, #9549, #7053 ) ;
#7358 = DIRECTION ( 'NONE',  ( 0.000000000000000000, 0.000000000000000000, 1.000000000000000000 ) ) ;
#7359 = EDGE_LOOP ( 'NONE', ( #8304, #2120, #5805, #5011 ) ) ;
#7360 = ORIENTED_EDGE ( 'NONE', *, *, #5942, .T. ) ;
#7361 = DIRECTION ( 'NONE',  ( 0.000000000000000000, 0.000000000000000000, 1.000000000000000000 ) ) ;
#7362 = ORIENTED_EDGE ( 'NONE', *, *, #5105, .F. ) ;
#7363 = VECTOR ( 'NONE', #445, 1000.000000000000000 ) ;
#7364 = DIRECTION ( 'NONE',  ( -0.000000000000000000, -1.000000000000000000, -0.000000000000000000 ) ) ;
#7365 = DIRECTION ( 'NONE',  ( 0.000000000000000000, 1.000000000000000000, 0.000000000000000000 ) ) ;
#7366 = ORIENTED_EDGE ( 'NONE', *, *, #6097, .F. ) ;
#7367 = EDGE_CURVE ( 'NONE', #515, #327, #8872, .T. ) ;
#7368 = VERTEX_POINT ( 'NONE', #3249 ) ;
#7369 = CARTESIAN_POINT ( 'NONE',  ( 8.391694066586799394, 39.73591604948001077, 10.72980459382044316 ) ) ;
#7370 = VERTEX_POINT ( 'NONE', #6485 ) ;
#7371 = CARTESIAN_POINT ( 'NONE',  ( -7.838725536382120218, 50.29182918005297154, 18.98274369257551797 ) ) ;
#7372 = CARTESIAN_POINT ( 'NONE',  ( 4.608304801002010009, 38.53591604948001503, 10.72980459382042540 ) ) ;
#7373 = LINE ( 'NONE', #1665, #238 ) ;
#7374 = DIRECTION ( 'NONE',  ( 0.000000000000000000, -1.000000000000000000, 0.000000000000000000 ) ) ;
#7375 = ORIENTED_EDGE ( 'NONE', *, *, #3834, .T. ) ;
#7376 = EDGE_CURVE ( 'NONE', #8651, #6424, #6072, .T. ) ;
#7377 = DIRECTION ( 'NONE',  ( 0.000000000000000000, -1.000000000000000000, 0.000000000000000000 ) ) ;
#7378 = ORIENTED_EDGE ( 'NONE', *, *, #8434, .F. ) ;
#7379 = CARTESIAN_POINT ( 'NONE',  ( -6.423024544831339888, 66.36819635633433734, 10.72858266134721283 ) ) ;
#7380 = DIRECTION ( 'NONE',  ( 0.000000000000000000, 0.000000000000000000, 1.000000000000000000 ) ) ;
#7381 = EDGE_CURVE ( 'NONE', #5094, #1947, #4834, .T. ) ;
#7382 = EDGE_LOOP ( 'NONE', ( #1157, #2651, #2493, #5797 ) ) ;
#7383 = ORIENTED_EDGE ( 'NONE', *, *, #5031, .F. ) ;
#7384 = ADVANCED_FACE ( 'NONE', ( #2458 ), #5686, .F. ) ;
#7385 = CARTESIAN_POINT ( 'NONE',  ( 9.925805134293877785, 37.54475081683128934, 18.24139616574131750 ) ) ;
#7386 = VERTEX_POINT ( 'NONE', #8720 ) ;
#7387 = FACE_OUTER_BOUND ( 'NONE', #8771, .T. ) ;
#7388 = CARTESIAN_POINT ( 'NONE',  ( 0.7340186939830664059, 63.83591604948001219, 7.699726625642012934 ) ) ;
#7389 = AXIS2_PLACEMENT_3D ( 'NONE', #7125, #7971, #2155 ) ;
#7390 = ADVANCED_FACE ( 'NONE', ( #1471 ), #7918, .F. ) ;
#7391 = CARTESIAN_POINT ( 'NONE',  ( 0.000000000000000000, 59.13591604948001645, 9.729804593820427172 ) ) ;
#7392 = CARTESIAN_POINT ( 'NONE',  ( -9.252939098755058822, 37.23994810002849221, 1.891079057438276756 ) ) ;
#7393 = CARTESIAN_POINT ( 'NONE',  ( 1.000000000000000444, 37.54475081683032300, 22.76701283221017391 ) ) ;
#7394 = VECTOR ( 'NONE', #9918, 1000.000000000000114 ) ;
#7395 = DIRECTION ( 'NONE',  ( 0.000000000000000000, 0.000000000000000000, -1.000000000000000000 ) ) ;
#7396 = ADVANCED_FACE ( 'NONE', ( #4939 ), #262, .F. ) ;
#7397 = VECTOR ( 'NONE', #9800, 1000.000000000000000 ) ;
#7398 = ORIENTED_EDGE ( 'NONE', *, *, #10411, .T. ) ;
#7399 = CARTESIAN_POINT ( 'NONE',  ( 2.000000000000000000, 39.73591604948001077, 21.81543655909224455 ) ) ;
#7400 = FACE_OUTER_BOUND ( 'NONE', #7169, .T. ) ;
#7401 = CARTESIAN_POINT ( 'NONE',  ( -9.386880379818967057, 67.26165758572379616, 10.77683987027725721 ) ) ;
#7402 = DIRECTION ( 'NONE',  ( -1.000000000000000000, 0.000000000000000000, -5.727727414766659835E-15 ) ) ;
#7403 = PLANE ( 'NONE',  #2171 ) ;
#7404 = DIRECTION ( 'NONE',  ( 0.000000000000000000, 1.000000000000000000, 0.000000000000000000 ) ) ;
#7405 = ORIENTED_EDGE ( 'NONE', *, *, #4520, .F. ) ;
#7406 = AXIS2_PLACEMENT_3D ( 'NONE', #8075, #2514, #7282 ) ;
#7407 = FACE_OUTER_BOUND ( 'NONE', #2064, .T. ) ;
#7408 = DIRECTION ( 'NONE',  ( -0.000000000000000000, -1.000000000000000000, -0.000000000000000000 ) ) ;
#7409 = ORIENTED_EDGE ( 'NONE', *, *, #931, .F. ) ;
#7410 = EDGE_LOOP ( 'NONE', ( #508, #9063, #6744, #9303 ) ) ;
#7411 = DIRECTION ( 'NONE',  ( 0.000000000000000000, 1.000000000000000000, 0.000000000000000000 ) ) ;
#7412 = ORIENTED_EDGE ( 'NONE', *, *, #5474, .F. ) ;
#7413 = CARTESIAN_POINT ( 'NONE',  ( 1.043394649214264502, 63.83591604948001219, 7.634255117909384936 ) ) ;
#7414 = CARTESIAN_POINT ( 'NONE',  ( -2.799999999999999378, 57.53591604948001503, -7.270195406179567499 ) ) ;
#7415 = ORIENTED_EDGE ( 'NONE', *, *, #5382, .T. ) ;
#7416 = EDGE_LOOP ( 'NONE', ( #857, #1467, #3448, #8686 ) ) ;
#7417 = DIRECTION ( 'NONE',  ( 0.000000000000000000, -1.000000000000000000, 0.000000000000000000 ) ) ;
#7418 = AXIS2_PLACEMENT_3D ( 'NONE', #4557, #5396, #8696 ) ;
#7419 = ADVANCED_FACE ( 'NONE', ( #6094 ), #8980, .T. ) ;
#7420 = ORIENTED_EDGE ( 'NONE', *, *, #2067, .T. ) ;
#7421 = DIRECTION ( 'NONE',  ( -1.734723475976807094E-15, 0.000000000000000000, -1.000000000000000000 ) ) ;
#7422 = CARTESIAN_POINT ( 'NONE',  ( 0.000000000000000000, 39.23591604948001077, 9.729804593820427172 ) ) ;
#7423 = CARTESIAN_POINT ( 'NONE',  ( -1.025000000000016120, 66.63591604948001645, 19.17480459382042568 ) ) ;
#7424 = CARTESIAN_POINT ( 'NONE',  ( -0.03388842960999357418, 63.43591604948001361, 10.02788440584829388 ) ) ;
#7425 = ORIENTED_EDGE ( 'NONE', *, *, #10235, .T. ) ;
#7426 = FACE_OUTER_BOUND ( 'NONE', #9540, .T. ) ;
#7427 = AXIS2_PLACEMENT_3D ( 'NONE', #3404, #886, #10445 ) ;
#7428 = VERTEX_POINT ( 'NONE', #9331 ) ;
#7429 = CYLINDRICAL_SURFACE ( 'NONE', #2015, 12.90000000000000036 ) ;
#7430 = CARTESIAN_POINT ( 'NONE',  ( 0.1694421480499678223, 63.13591604948001645, 8.239405533681090077 ) ) ;
#7431 = EDGE_CURVE ( 'NONE', #6306, #1040, #3878, .T. ) ;
#7432 = CIRCLE ( 'NONE', #8457, 14.00000000000000000 ) ;
#7433 = ORIENTED_EDGE ( 'NONE', *, *, #6399, .T. ) ;
#7434 = EDGE_CURVE ( 'NONE', #8454, #4162, #3406, .T. ) ;
#7435 = AXIS2_PLACEMENT_3D ( 'NONE', #43, #7212, #7421 ) ;
#7436 = VERTEX_POINT ( 'NONE', #1874 ) ;
#7437 = DIRECTION ( 'NONE',  ( 0.000000000000000000, 0.000000000000000000, -1.000000000000000000 ) ) ;
#7438 = VERTEX_POINT ( 'NONE', #5095 ) ;
#7439 = DIRECTION ( 'NONE',  ( 1.000000000000000000, 0.000000000000000000, 0.000000000000000000 ) ) ;
#7440 = DIRECTION ( 'NONE',  ( 0.000000000000000000, 1.000000000000000000, 0.000000000000000000 ) ) ;
#7441 = VECTOR ( 'NONE', #5795, 1000.000000000000000 ) ;
#7442 = ADVANCED_FACE ( 'NONE', ( #8533 ), #448, .T. ) ;
#7443 = FACE_OUTER_BOUND ( 'NONE', #611, .T. ) ;
#7444 = CARTESIAN_POINT ( 'NONE',  ( 1.714505518806294884E-16, 63.83591604948001219, 8.329804593820426817 ) ) ;
#7445 = LINE ( 'NONE', #9780, #3563 ) ;
#7446 = VECTOR ( 'NONE', #8939, 1000.000000000000000 ) ;
#7447 = ORIENTED_EDGE ( 'NONE', *, *, #5441, .T. ) ;
#7448 = EDGE_CURVE ( 'NONE', #2308, #7368, #2859, .T. ) ;
#7449 = DIRECTION ( 'NONE',  ( 0.000000000000000000, -1.000000000000000000, 0.000000000000000000 ) ) ;
#7450 = ORIENTED_EDGE ( 'NONE', *, *, #1738, .T. ) ;
#7451 = LINE ( 'NONE', #6663, #10028 ) ;
#7452 = VECTOR ( 'NONE', #1418, 1000.000000000000114 ) ;
#7453 = CARTESIAN_POINT ( 'NONE',  ( -9.444966379369171605, 67.91062632500090501, 9.563955357069200858 ) ) ;
#7454 = CARTESIAN_POINT ( 'NONE',  ( -7.742349322191031114, 37.23591604948001077, 18.89801199620656647 ) ) ;
#7455 = EDGE_CURVE ( 'NONE', #5580, #2702, #7252, .T. ) ;
#7456 = CARTESIAN_POINT ( 'NONE',  ( -10.58131561025237843, 39.73591604948001077, 18.89690664169953749 ) ) ;
#7457 = CARTESIAN_POINT ( 'NONE',  ( -6.499999897834149998, 34.40748892473381915, 10.53095705036433216 ) ) ;
#7458 = CARTESIAN_POINT ( 'NONE',  ( 9.429563907444322268, 65.49737559419972399, 10.27461365412055549 ) ) ;
#7459 = EDGE_CURVE ( 'NONE', #5167, #7575, #2472, .T. ) ;
#7460 = DIRECTION ( 'NONE',  ( 8.659560562354958743E-17, -0.7071067811865460184, 0.7071067811865489050 ) ) ;
#7461 = VECTOR ( 'NONE', #8601, 1000.000000000000000 ) ;
#7462 = VERTEX_POINT ( 'NONE', #155 ) ;
#7463 = CARTESIAN_POINT ( 'NONE',  ( 1.156678901794674034E-15, 68.93591604948001361, 19.17480459382042568 ) ) ;
#7464 = ORIENTED_EDGE ( 'NONE', *, *, #6363, .T. ) ;
#7465 = DIRECTION ( 'NONE',  ( 1.154631945610162013E-14, 0.000000000000000000, -1.000000000000000000 ) ) ;
#7466 = CARTESIAN_POINT ( 'NONE',  ( 0.000000000000000000, 59.13591604948001645, 9.729804593820427172 ) ) ;
#7467 = EDGE_LOOP ( 'NONE', ( #8995, #9383, #4672, #2550 ) ) ;
#7468 = ORIENTED_EDGE ( 'NONE', *, *, #4712, .F. ) ;
#7469 = DIRECTION ( 'NONE',  ( 0.7071067811865340280, 0.000000000000000000, 0.7071067811865610064 ) ) ;
#7470 = ORIENTED_EDGE ( 'NONE', *, *, #5702, .T. ) ;
#7471 = DIRECTION ( 'NONE',  ( -0.000000000000000000, -1.000000000000000000, -0.000000000000000000 ) ) ;
#7472 = ORIENTED_EDGE ( 'NONE', *, *, #108, .T. ) ;
#7473 = CARTESIAN_POINT ( 'NONE',  ( -6.993179104988219486, 36.84381467316708836, 18.69947960219406724 ) ) ;
#7474 = DIRECTION ( 'NONE',  ( 0.000000000000000000, -0.000000000000000000, 1.000000000000000000 ) ) ;
#7475 = CARTESIAN_POINT ( 'NONE',  ( 4.616794899587770118, 39.73591604948001077, 7.729804593820426284 ) ) ;
#7476 = CARTESIAN_POINT ( 'NONE',  ( -6.675728040208210423, 38.53591604948001503, 1.639862991238987266 ) ) ;
#7477 = ORIENTED_EDGE ( 'NONE', *, *, #9921, .F. ) ;
#7478 = CYLINDRICAL_SURFACE ( 'NONE', #846, 1.100000000000000311 ) ;
#7479 = ORIENTED_EDGE ( 'NONE', *, *, #1311, .T. ) ;
#7480 = CARTESIAN_POINT ( 'NONE',  ( -6.480580086136375151, 65.74082132375026788, 10.24735937101281458 ) ) ;
#7481 = EDGE_CURVE ( 'NONE', #6424, #1947, #3357, .T. ) ;
#7482 = CARTESIAN_POINT ( 'NONE',  ( -0.7071067811865210384, 39.73591604948001077, 10.43691137500693600 ) ) ;
#7483 = AXIS2_PLACEMENT_3D ( 'NONE', #3215, #9681, #7349 ) ;
#7484 = ORIENTED_EDGE ( 'NONE', *, *, #871, .F. ) ;
#7485 = ORIENTED_EDGE ( 'NONE', *, *, #2206, .F. ) ;
#7486 = AXIS2_PLACEMENT_3D ( 'NONE', #1643, #1840, #5809 ) ;
#7487 = LINE ( 'NONE', #998, #8798 ) ;
#7488 = ORIENTED_EDGE ( 'NONE', *, *, #3046, .T. ) ;
#7489 = CARTESIAN_POINT ( 'NONE',  ( -7.700332336075880413, 38.53591604948001503, 8.457496396199996269 ) ) ;
#7490 = DIRECTION ( 'NONE',  ( 0.000000000000000000, 1.000000000000000000, 0.000000000000000000 ) ) ;
#7491 = LINE ( 'NONE', #5800, #8112 ) ;
#7492 = DIRECTION ( 'NONE',  ( -0.000000000000000000, -1.000000000000000000, -0.000000000000000000 ) ) ;
#7493 = AXIS2_PLACEMENT_3D ( 'NONE', #4568, #8754, #7799 ) ;
#7494 = ADVANCED_FACE ( 'NONE', ( #1774 ), #7429, .F. ) ;
#7495 = LINE ( 'NONE', #8139, #6612 ) ;
#7496 = APPROVAL_PERSON_ORGANIZATION ( #5521, #1915, #4622 ) ;
#7497 = AXIS2_PLACEMENT_3D ( 'NONE', #4538, #6715, #5170 ) ;
#7498 = ORIENTED_EDGE ( 'NONE', *, *, #1503, .T. ) ;
#7499 = EDGE_CURVE ( 'NONE', #6738, #1176, #2665, .T. ) ;
#7500 = CARTESIAN_POINT ( 'NONE',  ( -0.8204642169069804591, 67.26508736493092044, 3.281071082639862357 ) ) ;
#7501 = VERTEX_POINT ( 'NONE', #4203 ) ;
#7502 = LOCAL_TIME ( 10, 53, 11.00000000000000000, #2753 ) ;
#7503 = CARTESIAN_POINT ( 'NONE',  ( -1.024999999999970157, 66.63591604948001645, 3.311130665352016500 ) ) ;
#7504 = DIRECTION ( 'NONE',  ( 0.000000000000000000, -1.000000000000000000, 0.000000000000000000 ) ) ;
#7505 = VECTOR ( 'NONE', #8623, 1000.000000000000000 ) ;
#7506 = CARTESIAN_POINT ( 'NONE',  ( -2.799999999999999378, 57.53491604948001736, -4.470195406179566788 ) ) ;
#7507 = DIRECTION ( 'NONE',  ( 1.971276677246371519E-15, 0.000000000000000000, 1.000000000000000000 ) ) ;
#7508 = CARTESIAN_POINT ( 'NONE',  ( 0.000000000000000000, 63.13591604948001645, 9.729804593820427172 ) ) ;
#7509 = EDGE_CURVE ( 'NONE', #5722, #10197, #1519, .T. ) ;
#7510 = CARTESIAN_POINT ( 'NONE',  ( 9.368643342201510293, 66.47156547323224629, 10.92836495196876356 ) ) ;
#7511 = B_SPLINE_CURVE_WITH_KNOTS ( 'NONE', 3,
 ( #1226, #6680, #5130, #8478, #5029, #8267, #4446, #7674, #7522, #3655, #10115, #4243, #298, #3496, #2701, #5931, #9172, #8377 ),
 .UNSPECIFIED., .F., .F.,
 ( 4, 2, 2, 2, 2, 2, 2, 2, 4 ),
 ( 0.000000000000000000, 0.1250000000000000000, 0.2500000000000000000, 0.3750000000000000000, 0.5000000000000000000, 0.6250000000000000000, 0.7500000000000000000, 0.8750000000000000000, 1.000000000000000000 ),
 .UNSPECIFIED. ) ;
#7512 = DIRECTION ( 'NONE',  ( 0.000000000000000000, -1.000000000000000000, 0.000000000000000000 ) ) ;
#7513 = AXIS2_PLACEMENT_3D ( 'NONE', #3185, #930, #7260 ) ;
#7514 = CIRCLE ( 'NONE', #4638, 9.244999999999999218 ) ;
#7515 = ORIENTED_EDGE ( 'NONE', *, *, #1697, .T. ) ;
#7516 = EDGE_CURVE ( 'NONE', #7436, #7003, #8619, .T. ) ;
#7517 = DIRECTION ( 'NONE',  ( 0.000000000000000000, 0.000000000000000000, -1.000000000000000000 ) ) ;
#7518 = DIRECTION ( 'NONE',  ( -1.000000000000000000, 0.000000000000000000, 0.000000000000000000 ) ) ;
#7519 = VERTEX_POINT ( 'NONE', #7730 ) ;
#7520 = ADVANCED_FACE ( 'NONE', ( #9542, #498 ), #4711, .T. ) ;
#7521 = CARTESIAN_POINT ( 'NONE',  ( -9.167102047879078341, 39.23591604948001077, -0.8515110164319730224 ) ) ;
#7522 = CARTESIAN_POINT ( 'NONE',  ( 6.499991940957387193, 67.66085832398228206, 9.593471324435787650 ) ) ;
#7523 = ORIENTED_EDGE ( 'NONE', *, *, #4235, .T. ) ;
#7524 = CIRCLE ( 'NONE', #8198, 2.299999999999999822 ) ;
#7525 = EDGE_CURVE ( 'NONE', #9883, #7006, #9297, .T. ) ;
#7526 = ORIENTED_EDGE ( 'NONE', *, *, #1995, .T. ) ;
#7527 = DIRECTION ( 'NONE',  ( -0.000000000000000000, -1.000000000000000000, -0.000000000000000000 ) ) ;
#7528 = VERTEX_POINT ( 'NONE', #6996 ) ;
#7529 = EDGE_CURVE ( 'NONE', #3972, #3152, #4887, .T. ) ;
#7530 = CIRCLE ( 'NONE', #1955, 1.100000000000000311 ) ;
#7531 = CARTESIAN_POINT ( 'NONE',  ( -3.470830210791410680E-23, 67.66091604948002214, 16.22980459382042895 ) ) ;
#7532 = ORIENTED_EDGE ( 'NONE', *, *, #3838, .T. ) ;
#7533 = CARTESIAN_POINT ( 'NONE',  ( 0.000000000000000000, 74.83591604948000509, 9.729804593820427172 ) ) ;
#7534 = DIRECTION ( 'NONE',  ( 0.000000000000000000, 1.000000000000000000, 0.000000000000000000 ) ) ;
#7535 = DIRECTION ( 'NONE',  ( 0.000000000000000000, 0.000000000000000000, 1.000000000000000000 ) ) ;
#7536 = CARTESIAN_POINT ( 'NONE',  ( 0.6459548998437752987, 63.83591604948001219, 7.589070545096060272 ) ) ;
#7537 = EDGE_LOOP ( 'NONE', ( #4601, #9119, #658, #6010 ) ) ;
#7538 = DIRECTION ( 'NONE',  ( 0.000000000000000000, 0.000000000000000000, -1.000000000000000000 ) ) ;
#7539 = ORIENTED_EDGE ( 'NONE', *, *, #228, .F. ) ;
#7540 = CARTESIAN_POINT ( 'NONE',  ( -6.495704506188213934, 65.63717374478626709, 9.462084853313951882 ) ) ;
#7541 = VECTOR ( 'NONE', #8427, 1000.000000000000000 ) ;
#7542 = CARTESIAN_POINT ( 'NONE',  ( 11.09904976402513910, 37.23591604948001077, 11.56653928769801176 ) ) ;
#7543 = ORIENTED_EDGE ( 'NONE', *, *, #9153, .T. ) ;
#7544 = B_SPLINE_CURVE_WITH_KNOTS ( 'NONE', 3,
 ( #2483, #4911, #230, #2375, #4007, #14, #3218, #6454, #5658, #5065, #3531, #5171, #9890, #332 ),
 .UNSPECIFIED., .F., .F.,
 ( 4, 2, 2, 2, 2, 2, 4 ),
 ( 0.000000000000000000, 0.2500000000000023315, 0.3750000000000033862, 0.5000000000000043299, 0.6250000000000053291, 0.7500000000000063283, 1.000000000000000000 ),
 .UNSPECIFIED. ) ;
#7545 = VERTEX_POINT ( 'NONE', #10172 ) ;
#7546 = CARTESIAN_POINT ( 'NONE',  ( -5.299667459592370733, 38.53591604948001503, 8.457496396200037125 ) ) ;
#7547 = EDGE_CURVE ( 'NONE', #8059, #1176, #2913, .T. ) ;
#7548 = VERTEX_POINT ( 'NONE', #9440 ) ;
#7549 = CARTESIAN_POINT ( 'NONE',  ( -1.000000000000000000, 38.26307533229259406, -3.999702043478126523 ) ) ;
#7550 = FACE_OUTER_BOUND ( 'NONE', #10195, .T. ) ;
#7551 = CARTESIAN_POINT ( 'NONE',  ( 2.000000000000130118, 39.73591604948001077, -2.355827371451374219 ) ) ;
#7552 = CARTESIAN_POINT ( 'NONE',  ( 12.08563196527182093, 37.23994810002849221, 10.72980459382046448 ) ) ;
#7553 = CARTESIAN_POINT ( 'NONE',  ( -1.599999999999999645, 57.53491604948001736, -4.470195406179566788 ) ) ;
#7554 = ORIENTED_EDGE ( 'NONE', *, *, #371, .F. ) ;
#7555 = DIRECTION ( 'NONE',  ( 0.000000000000000000, -1.000000000000000000, 0.000000000000000000 ) ) ;
#7556 = ORIENTED_EDGE ( 'NONE', *, *, #3233, .F. ) ;
#7557 = EDGE_CURVE ( 'NONE', #1930, #2288, #10322, .T. ) ;
#7558 = DIRECTION ( 'NONE',  ( 0.000000000000000000, -1.000000000000000000, 0.000000000000000000 ) ) ;
#7559 = DIRECTION ( 'NONE',  ( 0.000000000000000000, -1.000000000000000000, 0.000000000000000000 ) ) ;
#7560 = LINE ( 'NONE', #5760, #1108 ) ;
#7561 = DIRECTION ( 'NONE',  ( -1.723387009752805082E-14, 0.000000000000000000, 1.000000000000000000 ) ) ;
#7562 = CARTESIAN_POINT ( 'NONE',  ( 0.000000000000000000, 61.63591604948001645, -3.170195406179573183 ) ) ;
#7563 = LINE ( 'NONE', #6720, #5568 ) ;
#7564 = CLOSED_SHELL ( 'NONE', ( #362, #8799, #744, #7981, #7217, #1327 ) ) ;
#7565 = VECTOR ( 'NONE', #2842, 1000.000000000000000 ) ;
#7566 = CARTESIAN_POINT ( 'NONE',  ( -6.499999897834149998, 37.23591604948001077, 9.730957050364331451 ) ) ;
#7567 = ORIENTED_EDGE ( 'NONE', *, *, #2569, .T. ) ;
#7568 = DIRECTION ( 'NONE',  ( 0.000000000000000000, -1.000000000000000000, 0.000000000000000000 ) ) ;
#7569 = EDGE_CURVE ( 'NONE', #4162, #7625, #5735, .T. ) ;
#7570 = FACE_OUTER_BOUND ( 'NONE', #9155, .T. ) ;
#7571 = CARTESIAN_POINT ( 'NONE',  ( 6.448647734388877062, 66.00760842062160805, 10.55093169398091746 ) ) ;
#7572 = PLANE ( 'NONE',  #7197 ) ;
#7573 = ORIENTED_EDGE ( 'NONE', *, *, #7630, .T. ) ;
#7574 = ADVANCED_FACE ( 'NONE', ( #3866 ), #3070, .F. ) ;
#7575 = VERTEX_POINT ( 'NONE', #7095 ) ;
#7576 = VECTOR ( 'NONE', #2846, 1000.000000000000000 ) ;
#7577 = CARTESIAN_POINT ( 'NONE',  ( -1.723387009752960015E-14, 39.73591604948001077, 10.72980459382052132 ) ) ;
#7578 = CONICAL_SURFACE ( 'NONE', #1692, 0.7999999999999986011, 1.029744258676657198 ) ;
#7579 = VERTEX_POINT ( 'NONE', #8587 ) ;
#7580 = EDGE_CURVE ( 'NONE', #7623, #1125, #6256, .T. ) ;
#7581 = VERTEX_POINT ( 'NONE', #3915 ) ;
#7582 = DIRECTION ( 'NONE',  ( -0.000000000000000000, -1.000000000000000000, -0.000000000000000000 ) ) ;
#7583 = FACE_BOUND ( 'NONE', #7467, .T. ) ;
#7584 = DIRECTION ( 'NONE',  ( -1.040834085586083310E-14, 0.000000000000000000, 1.000000000000000000 ) ) ;
#7585 = EDGE_LOOP ( 'NONE', ( #3204, #4347, #472, #7951 ) ) ;
#7586 = CARTESIAN_POINT ( 'NONE',  ( -0.3430517494983376658, 63.83591604948001219, 8.320969792587105118 ) ) ;
#7587 = EDGE_CURVE ( 'NONE', #1615, #1781, #6307, .T. ) ;
#7588 = VERTEX_POINT ( 'NONE', #2333 ) ;
#7589 = CARTESIAN_POINT ( 'NONE',  ( 0.5000000000000004441, 59.14591604948001446, -4.470195406179568565 ) ) ;
#7590 = CIRCLE ( 'NONE', #3024, 9.445000000000000284 ) ;
#7591 = DIRECTION ( 'NONE',  ( 8.659560562354921765E-17, -0.7071067811865474617, 0.7071067811865474617 ) ) ;
#7592 = ORIENTED_EDGE ( 'NONE', *, *, #10004, .F. ) ;
#7593 = EDGE_LOOP ( 'NONE', ( #6714, #9814, #1892, #6061 ) ) ;
#7594 = CARTESIAN_POINT ( 'NONE',  ( 0.8209716626230669778, 66.00739316757635322, 3.281136025433001091 ) ) ;
#7595 = CIRCLE ( 'NONE', #3877, 0.9999999999999991118 ) ;
#7596 = ORIENTED_EDGE ( 'NONE', *, *, #5645, .T. ) ;
#7597 = LINE ( 'NONE', #9198, #6171 ) ;
#7598 = CIRCLE ( 'NONE', #9, 1.500000000000001332 ) ;
#7599 = PLANE ( 'NONE',  #8757 ) ;
#7600 = CARTESIAN_POINT ( 'NONE',  ( 9.168207402386208571, 37.23591604948001077, 1.987455271629476661 ) ) ;
#7601 = ORIENTED_EDGE ( 'NONE', *, *, #7481, .F. ) ;
#7602 = CARTESIAN_POINT ( 'NONE',  ( 0.8210539139146423304, 67.26440683186017111, 3.281143450338240619 ) ) ;
#7603 = CARTESIAN_POINT ( 'NONE',  ( -5.897910580902970601, 38.53591604948001503, 0.8620455319337753108 ) ) ;
#7604 = AXIS2_PLACEMENT_3D ( 'NONE', #7391, #1680, #8887 ) ;
#7605 = ORIENTED_EDGE ( 'NONE', *, *, #9270, .T. ) ;
#7606 = FACE_OUTER_BOUND ( 'NONE', #8672, .T. ) ;
#7607 = EDGE_LOOP ( 'NONE', ( #9897, #7258, #8635, #2469 ) ) ;
#7608 = DIRECTION ( 'NONE',  ( 0.000000000000000000, 0.000000000000000000, -1.000000000000000000 ) ) ;
#7609 = LINE ( 'NONE', #3588, #6138 ) ;
#7610 = LINE ( 'NONE', #6828, #8758 ) ;
#7611 = PLANE ( 'NONE',  #4160 ) ;
#7612 = CIRCLE ( 'NONE', #26, 1.499999999999999556 ) ;
#7613 = VECTOR ( 'NONE', #2996, 1000.000000000000000 ) ;
#7614 = CARTESIAN_POINT ( 'NONE',  ( 9.395833341570160258, 65.87329074631584547, 10.69319390979534212 ) ) ;
#7615 = CIRCLE ( 'NONE', #10151, 14.00000000000000000 ) ;
#7616 = EDGE_CURVE ( 'NONE', #514, #2237, #9384, .T. ) ;
#7617 = DIRECTION ( 'NONE',  ( 0.000000000000000000, -1.000000000000000000, 0.000000000000000000 ) ) ;
#7618 = VERTEX_POINT ( 'NONE', #3126 ) ;
#7619 = CARTESIAN_POINT ( 'NONE',  ( 10.44090513317692093, 38.53591604948001503, 10.72980459382045737 ) ) ;
#7620 = DIRECTION ( 'NONE',  ( 0.000000000000000000, -1.000000000000000000, 0.000000000000000000 ) ) ;
#7621 = LINE ( 'NONE', #2700, #9707 ) ;
#7622 = FACE_OUTER_BOUND ( 'NONE', #98, .T. ) ;
#7623 = VERTEX_POINT ( 'NONE', #10274 ) ;
#7624 = ADVANCED_FACE ( 'NONE', ( #5552 ), #8797, .F. ) ;
#7625 = VERTEX_POINT ( 'NONE', #5343 ) ;
#7626 = VECTOR ( 'NONE', #3304, 1000.000000000000000 ) ;
#7627 = ADVANCED_FACE ( 'NONE', ( #2230, #3021 ), #1339, .T. ) ;
#7628 = CARTESIAN_POINT ( 'NONE',  ( 7.131618755195399117, 39.73591604948001077, 19.68985047376220621 ) ) ;
#7629 = ORIENTED_EDGE ( 'NONE', *, *, #9502, .F. ) ;
#7630 = EDGE_CURVE ( 'NONE', #9047, #616, #4663, .T. ) ;
#7631 = ORIENTED_EDGE ( 'NONE', *, *, #2192, .F. ) ;
#7632 = DIRECTION ( 'NONE',  ( -0.000000000000000000, 1.000000000000000000, -0.000000000000000000 ) ) ;
#7633 = DIRECTION ( 'NONE',  ( -0.000000000000000000, -1.000000000000000000, 0.000000000000000000 ) ) ;
#7634 = CARTESIAN_POINT ( 'NONE',  ( 0.6346587566404440217, 63.83591604948001219, 7.688430482438682212 ) ) ;
#7635 = CARTESIAN_POINT ( 'NONE',  ( 9.195000000000000284, 66.63591604948001645, 8.704804593820545833 ) ) ;
#7636 = EDGE_LOOP ( 'NONE', ( #8580, #10325, #8879, #7643 ) ) ;
#7637 = EDGE_CURVE ( 'NONE', #5094, #7809, #3373, .T. ) ;
#7638 = CYLINDRICAL_SURFACE ( 'NONE', #9958, 0.09999999999999983902 ) ;
#7639 = VERTEX_POINT ( 'NONE', #8151 ) ;
#7640 = EDGE_CURVE ( 'NONE', #2441, #10026, #6260, .T. ) ;
#7641 = FACE_BOUND ( 'NONE', #10285, .T. ) ;
#7642 = DIRECTION ( 'NONE',  ( 0.000000000000000000, 1.000000000000000000, 0.000000000000000000 ) ) ;
#7643 = ORIENTED_EDGE ( 'NONE', *, *, #5942, .F. ) ;
#7644 = EDGE_CURVE ( 'NONE', #8512, #2605, #807, .T. ) ;
#7645 = ORIENTED_EDGE ( 'NONE', *, *, #3883, .T. ) ;
#7646 = LINE ( 'NONE', #5101, #7441 ) ;
#7647 = EDGE_LOOP ( 'NONE', ( #4316, #10337, #7154, #3282 ) ) ;
#7648 = CARTESIAN_POINT ( 'NONE',  ( -10.44090513317689961, 36.84381467316708836, 11.82980459382042682 ) ) ;
#7649 = CYLINDRICAL_SURFACE ( 'NONE', #987, 1.500000000000001332 ) ;
#7650 = EDGE_CURVE ( 'NONE', #7639, #7022, #4178, .T. ) ;
#7651 = DIRECTION ( 'NONE',  ( -1.000000000000000000, 0.000000000000000000, -0.000000000000000000 ) ) ;
#7652 = ORIENTED_EDGE ( 'NONE', *, *, #8893, .F. ) ;
#7653 = CIRCLE ( 'NONE', #903, 1.025000000000000133 ) ;
#7654 = CARTESIAN_POINT ( 'NONE',  ( 0.000000000000000000, 39.73591604948001077, 9.729804593820427172 ) ) ;
#7655 = DIRECTION ( 'NONE',  ( 0.000000000000000000, 0.000000000000000000, 1.000000000000000000 ) ) ;
#7656 = ORIENTED_EDGE ( 'NONE', *, *, #5553, .F. ) ;
#7657 = CARTESIAN_POINT ( 'NONE',  ( -0.5180325304340430703, 67.53075807620902538, 3.249258485213493586 ) ) ;
#7658 = VERTEX_POINT ( 'NONE', #3223 ) ;
#7659 = CARTESIAN_POINT ( 'NONE',  ( 0.000000000000000000, 69.13591604948000224, 9.729804593820427172 ) ) ;
#7660 = VECTOR ( 'NONE', #10185, 1000.000000000000000 ) ;
#7661 = CARTESIAN_POINT ( 'NONE',  ( -1.002753247070572007, 37.23591604948001077, -2.270209151422314164 ) ) ;
#7662 = DIRECTION ( 'NONE',  ( 0.000000000000000000, 1.000000000000000000, 0.000000000000000000 ) ) ;
#7663 = DIRECTION ( 'NONE',  ( 0.000000000000000000, -1.000000000000000000, 0.000000000000000000 ) ) ;
#7665 = CARTESIAN_POINT ( 'NONE',  ( 0.000000000000000000, 34.93591604948000651, 9.729804593820427172 ) ) ;
#7664 = AXIS2_PLACEMENT_3D ( 'NONE', #7039, #2904, #4546 ) ;
#7666 = LINE ( 'NONE', #5223, #2867 ) ;
#7667 = DIRECTION ( 'NONE',  ( 0.000000000000000000, -0.000000000000000000, 1.000000000000000000 ) ) ;
#7668 = ORIENTED_EDGE ( 'NONE', *, *, #8106, .T. ) ;
#7669 = CIRCLE ( 'NONE', #7163, 1.000000000000000888 ) ;
#7670 = DIRECTION ( 'NONE',  ( 0.000000000000000000, 1.000000000000000000, 0.000000000000000000 ) ) ;
#7671 = LINE ( 'NONE', #4006, #4620 ) ;
#7672 = DIRECTION ( 'NONE',  ( 0.000000000000000000, 1.000000000000000000, 0.000000000000000000 ) ) ;
#7673 = EDGE_CURVE ( 'NONE', #575, #8213, #5607, .T. ) ;
#7674 = CARTESIAN_POINT ( 'NONE',  ( 6.495726004656816599, 67.63479004931305383, 9.462664580259044556 ) ) ;
#7675 = ORIENTED_EDGE ( 'NONE', *, *, #1512, .T. ) ;
#7676 = VERTEX_POINT ( 'NONE', #970 ) ;
#7677 = VECTOR ( 'NONE', #4697, 1000.000000000000000 ) ;
#7678 = VECTOR ( 'NONE', #861, 1000.000000000000000 ) ;
#7679 = CARTESIAN_POINT ( 'NONE',  ( -11.09904976402512133, 37.23591604948001077, 7.893069899942772416 ) ) ;
#7680 = VERTEX_POINT ( 'NONE', #9794 ) ;
#7681 = AXIS2_PLACEMENT_3D ( 'NONE', #1426, #6927, #8780 ) ;
#7682 = ORIENTED_EDGE ( 'NONE', *, *, #2135, .F. ) ;
#7683 = VECTOR ( 'NONE', #7460, 1000.000000000000114 ) ;
#7684 = VECTOR ( 'NONE', #7716, 1000.000000000000000 ) ;
#7685 = FACE_OUTER_BOUND ( 'NONE', #6573, .T. ) ;
#7686 = CARTESIAN_POINT ( 'NONE',  ( -9.222737788580259277, 37.23724115402391988, 1.921280367613077189 ) ) ;
#7687 = ADVANCED_FACE ( 'NONE', ( #4126 ), #9747, .F. ) ;
#7688 = CARTESIAN_POINT ( 'NONE',  ( 0.5000000000000004441, 59.14591604948001446, -4.470195406179568565 ) ) ;
#7689 = CARTESIAN_POINT ( 'NONE',  ( 0.5999999999999999778, 57.53491604948001736, -7.270195406179567499 ) ) ;
#7690 = ORIENTED_EDGE ( 'NONE', *, *, #9959, .T. ) ;
#7691 = CARTESIAN_POINT ( 'NONE',  ( -2.000000000000000000, 80.83389579592666507, -2.355827371451393315 ) ) ;
#7692 = VERTEX_POINT ( 'NONE', #7990 ) ;
#7693 = DIRECTION ( 'NONE',  ( -1.000000000000000000, 0.000000000000000000, -0.000000000000000000 ) ) ;
#7694 = CARTESIAN_POINT ( 'NONE',  ( 4.000000000000000000, 57.53591604948001503, -4.412331029910525615 ) ) ;
#7695 = ORIENTED_EDGE ( 'NONE', *, *, #945, .T. ) ;
#7696 = VERTEX_POINT ( 'NONE', #8954 ) ;
#7697 = CARTESIAN_POINT ( 'NONE',  ( 1.000000000000000000, 38.26776377237190019, -3.988638022693428820 ) ) ;
#7698 = EDGE_CURVE ( 'NONE', #3831, #9570, #1598, .T. ) ;
#7699 = VERTEX_POINT ( 'NONE', #4862 ) ;
#7700 = DIRECTION ( 'NONE',  ( 0.000000000000000000, 0.000000000000000000, -1.000000000000000000 ) ) ;
#7701 = VERTEX_POINT ( 'NONE', #10426 ) ;
#7702 = VECTOR ( 'NONE', #7143, 1000.000000000000000 ) ;
#7703 = DIRECTION ( 'NONE',  ( 0.000000000000000000, -1.000000000000000000, 0.000000000000000000 ) ) ;
#7704 = ORIENTED_EDGE ( 'NONE', *, *, #9012, .F. ) ;
#7705 = CARTESIAN_POINT ( 'NONE',  ( -1.025000000000016120, 66.63591604948001645, 16.14847852228882630 ) ) ;
#7706 = EDGE_CURVE ( 'NONE', #1552, #9211, #1650, .T. ) ;
#7707 = CARTESIAN_POINT ( 'NONE',  ( 1.000000000000000444, 37.25597432290890509, 22.06830368174225399 ) ) ;
#7708 = ADVANCED_FACE ( 'NONE', ( #7407 ), #6618, .T. ) ;
#7709 = ORIENTED_EDGE ( 'NONE', *, *, #9012, .T. ) ;
#7710 = CARTESIAN_POINT ( 'NONE',  ( 1.000000000000000000, 40.23591604948001077, 21.43717406778852919 ) ) ;
#7711 = DIRECTION ( 'NONE',  ( 0.000000000000000000, 1.000000000000000000, 0.000000000000000000 ) ) ;
#7712 = EDGE_CURVE ( 'NONE', #2066, #1947, #9969, .T. ) ;
#7713 = ORIENTED_EDGE ( 'NONE', *, *, #8221, .F. ) ;
#7714 = DIRECTION ( 'NONE',  ( -4.336808689942013792E-15, 0.000000000000000000, -1.000000000000000000 ) ) ;
#7715 = CARTESIAN_POINT ( 'NONE',  ( -0.4499999999999994560, 59.13591604948001645, -7.770195406179568387 ) ) ;
#7716 = DIRECTION ( 'NONE',  ( 0.000000000000000000, 1.000000000000000000, 0.000000000000000000 ) ) ;
#7717 = FACE_OUTER_BOUND ( 'NONE', #6068, .T. ) ;
#7718 = CARTESIAN_POINT ( 'NONE',  ( 6.499999433794410031, 38.53591604948001503, 9.733810752080316320 ) ) ;
#7719 = EDGE_CURVE ( 'NONE', #7026, #6846, #7199, .T. ) ;
#7720 = DIRECTION ( 'NONE',  ( 0.000000000000000000, -1.000000000000000000, 0.000000000000000000 ) ) ;
#7721 = ADVANCED_FACE ( 'NONE', ( #7356 ), #130, .F. ) ;
#7722 = FACE_OUTER_BOUND ( 'NONE', #7236, .T. ) ;
#7723 = EDGE_LOOP ( 'NONE', ( #3829, #3633, #3452, #2924 ) ) ;
#7724 = CYLINDRICAL_SURFACE ( 'NONE', #6987, 11.25000000000000000 ) ;
#7725 = CARTESIAN_POINT ( 'NONE',  ( 1.008233917515607869, 37.23591604948001077, 21.68737392740872849 ) ) ;
#7726 = CARTESIAN_POINT ( 'NONE',  ( 6.613092715395710425E-16, 56.83591604948001930, 4.329804593820426817 ) ) ;
#7727 = DIRECTION ( 'NONE',  ( 0.000000000000000000, -1.000000000000000000, 0.000000000000000000 ) ) ;
#7728 = ORIENTED_EDGE ( 'NONE', *, *, #10429, .F. ) ;
#7729 = VECTOR ( 'NONE', #8620, 1000.000000000000000 ) ;
#7730 = CARTESIAN_POINT ( 'NONE',  ( 11.28744239064973165, 39.73591604948001077, 8.332210937549168861 ) ) ;
#7731 = EDGE_LOOP ( 'NONE', ( #4433, #2843, #10116, #1517, #2882, #6267 ) ) ;
#7732 = FACE_OUTER_BOUND ( 'NONE', #4767, .T. ) ;
#7733 = ORIENTED_EDGE ( 'NONE', *, *, #3573, .T. ) ;
#7734 = VECTOR ( 'NONE', #5280, 1000.000000000000000 ) ;
#7735 = ORIENTED_EDGE ( 'NONE', *, *, #4971, .T. ) ;
#7736 = CARTESIAN_POINT ( 'NONE',  ( 13.33357132517748056, 37.77423283245957464, 8.729804593820473357 ) ) ;
#7737 = CARTESIAN_POINT ( 'NONE',  ( 4.660649489949139301, 38.53591604948001503, 14.39045408376957624 ) ) ;
#7738 = CARTESIAN_POINT ( 'NONE',  ( -0.3200967408026081928, 65.39509740952247796, 0.2890316080651336161 ) ) ;
#7739 = ORIENTED_EDGE ( 'NONE', *, *, #6918, .T. ) ;
#7740 = TOROIDAL_SURFACE ( 'NONE', #8764, 12.00000000000000000, 2.000000000000000000 ) ;
#7741 = DIRECTION ( 'NONE',  ( 0.000000000000000000, 1.000000000000000000, 0.000000000000000000 ) ) ;
#7742 = ORIENTED_EDGE ( 'NONE', *, *, #7756, .T. ) ;
#7743 = DIRECTION ( 'NONE',  ( 0.000000000000000000, 0.000000000000000000, -1.000000000000000000 ) ) ;
#7744 = CARTESIAN_POINT ( 'NONE',  ( 10.58131561025231981, 50.29182918005297154, 0.5627025459412470232 ) ) ;
#7745 = EDGE_CURVE ( 'NONE', #1659, #7051, #1746, .T. ) ;
#7746 = EDGE_LOOP ( 'NONE', ( #713, #10430, #4787, #2778 ) ) ;
#7747 = ORIENTED_EDGE ( 'NONE', *, *, #6127, .F. ) ;
#7748 = CARTESIAN_POINT ( 'NONE',  ( -13.59454196162794481, 38.05145355644992122, 10.72980459382028506 ) ) ;
#7749 = DIRECTION ( 'NONE',  ( 0.000000000000000000, 0.000000000000000000, 1.000000000000000000 ) ) ;
#7750 = VERTEX_POINT ( 'NONE', #5815 ) ;
#7751 = CYLINDRICAL_SURFACE ( 'NONE', #1816, 1.100000000000000311 ) ;
#7752 = ORIENTED_EDGE ( 'NONE', *, *, #7455, .F. ) ;
#7753 = FACE_OUTER_BOUND ( 'NONE', #2352, .T. ) ;
#7754 = VERTEX_POINT ( 'NONE', #6407 ) ;
#7755 = DIRECTION ( 'NONE',  ( 0.000000000000000000, -1.000000000000000000, 0.000000000000000000 ) ) ;
#7756 = EDGE_CURVE ( 'NONE', #3831, #4003, #521, .T. ) ;
#7757 = DIRECTION ( 'NONE',  ( 0.000000000000000000, -1.000000000000000000, 0.000000000000000000 ) ) ;
#7758 = ADVANCED_FACE ( 'NONE', ( #9689 ), #5663, .F. ) ;
#7759 = ORIENTED_EDGE ( 'NONE', *, *, #6158, .F. ) ;
#7760 = AXIS2_PLACEMENT_3D ( 'NONE', #6329, #4631, #9565 ) ;
#7761 = VECTOR ( 'NONE', #6868, 1000.000000000000000 ) ;
#7762 = DIRECTION ( 'NONE',  ( -1.577021341797096900E-14, 0.000000000000000000, 1.000000000000000000 ) ) ;
#7763 = ORIENTED_EDGE ( 'NONE', *, *, #8604, .F. ) ;
#7764 = EDGE_CURVE ( 'NONE', #5023, #6793, #3276, .T. ) ;
#7765 = ORIENTED_EDGE ( 'NONE', *, *, #3648, .F. ) ;
#7766 = LINE ( 'NONE', #5326, #2769 ) ;
#7767 = LINE ( 'NONE', #588, #9221 ) ;
#7768 = CARTESIAN_POINT ( 'NONE',  ( 9.252939098755110336, 37.23994810002849221, 17.56853013020252874 ) ) ;
#7769 = CARTESIAN_POINT ( 'NONE',  ( 8.867759061886550498, 43.73591604948001077, 15.62771517472355498 ) ) ;
#7770 = DIRECTION ( 'NONE',  ( 0.000000000000000000, 0.000000000000000000, -1.000000000000000000 ) ) ;
#7771 = AXIS2_PLACEMENT_3D ( 'NONE', #9357, #5904, #7651 ) ;
#7772 = VECTOR ( 'NONE', #756, 1000.000000000000000 ) ;
#7773 = ADVANCED_FACE ( 'NONE', ( #6779 ), #10104, .F. ) ;
#7774 = DIRECTION ( 'NONE',  ( -0.000000000000000000, -1.000000000000000000, -0.000000000000000000 ) ) ;
#7775 = CIRCLE ( 'NONE', #23, 14.00000000000000000 ) ;
#7776 = ORIENTED_EDGE ( 'NONE', *, *, #3573, .F. ) ;
#7777 = DIRECTION ( 'NONE',  ( 0.000000000000000000, -0.000000000000000000, 1.000000000000000000 ) ) ;
#7778 = ADVANCED_FACE ( 'NONE', ( #2745 ), #6031, .F. ) ;
#7779 = CARTESIAN_POINT ( 'NONE',  ( -5.367756271135689872, 50.29182918005297154, 13.68334730258300169 ) ) ;
#7780 = CIRCLE ( 'NONE', #8288, 1.300000000000000711 ) ;
#7781 = AXIS2_PLACEMENT_3D ( 'NONE', #9462, #7023, #3740 ) ;
#7782 = FACE_OUTER_BOUND ( 'NONE', #5214, .T. ) ;
#7783 = DIRECTION ( 'NONE',  ( 0.000000000000000000, -1.000000000000000000, 0.000000000000000000 ) ) ;
#7784 = ORIENTED_EDGE ( 'NONE', *, *, #6938, .F. ) ;
#7785 = EDGE_CURVE ( 'NONE', #1024, #1040, #7563, .T. ) ;
#7786 = CIRCLE ( 'NONE', #3212, 1.950000000000001510 ) ;
#7787 = CARTESIAN_POINT ( 'NONE',  ( 0.6346587566404440217, 63.83591604948001219, 7.688430482438682212 ) ) ;
#7788 = ORIENTED_EDGE ( 'NONE', *, *, #6953, .T. ) ;
#7789 = FACE_OUTER_BOUND ( 'NONE', #8748, .T. ) ;
#7790 = AXIS2_PLACEMENT_3D ( 'NONE', #276, #6655, #222 ) ;
#7791 = VERTEX_POINT ( 'NONE', #4438 ) ;
#7792 = LINE ( 'NONE', #6210, #7060 ) ;
#7793 = ORIENTED_EDGE ( 'NONE', *, *, #3310, .F. ) ;
#7794 = DIRECTION ( 'NONE',  ( 0.000000000000000000, 0.000000000000000000, 1.000000000000000000 ) ) ;
#7795 = DIRECTION ( 'NONE',  ( 0.000000000000000000, 0.000000000000000000, 1.000000000000000000 ) ) ;
#7796 = AXIS2_PLACEMENT_3D ( 'NONE', #1298, #1979, #5949 ) ;
#7797 = CARTESIAN_POINT ( 'NONE',  ( 7.131618755195469284, 39.73591604948001077, 18.68985047376220621 ) ) ;
#7798 = ORIENTED_EDGE ( 'NONE', *, *, #8291, .T. ) ;
#7799 = DIRECTION ( 'NONE',  ( 0.000000000000000000, 0.000000000000000000, -1.000000000000000000 ) ) ;
#7800 = ORIENTED_EDGE ( 'NONE', *, *, #9189, .T. ) ;
#7801 = DIRECTION ( 'NONE',  ( 0.000000000000000000, 1.000000000000000000, 0.000000000000000000 ) ) ;
#7802 = PERSON_AND_ORGANIZATION_ROLE ( 'creator' ) ;
#7803 = CIRCLE ( 'NONE', #9165, 1.000000000000000888 ) ;
#7804 = ORIENTED_EDGE ( 'NONE', *, *, #2439, .T. ) ;
#7805 = ORIENTED_EDGE ( 'NONE', *, *, #10156, .T. ) ;
#7806 = DIRECTION ( 'NONE',  ( 0.000000000000000000, -1.000000000000000000, 0.000000000000000000 ) ) ;
#7807 = FACE_OUTER_BOUND ( 'NONE', #2794, .T. ) ;
#7808 = LINE ( 'NONE', #2991, #5024 ) ;
#7809 = VERTEX_POINT ( 'NONE', #5976 ) ;
#7810 = EDGE_CURVE ( 'NONE', #6960, #3389, #6766, .T. ) ;
#7811 = CARTESIAN_POINT ( 'NONE',  ( -8.189862928211525173, 37.31829136155785420, 0.1257281032355995753 ) ) ;
#7812 = ORIENTED_EDGE ( 'NONE', *, *, #6216, .T. ) ;
#7813 = LINE ( 'NONE', #1367, #4570 ) ;
#7814 = CARTESIAN_POINT ( 'NONE',  ( 1.000000000000000000, 38.53591604948001503, 5.698675719671151718 ) ) ;
#7815 = EDGE_LOOP ( 'NONE', ( #4908, #1051, #4199, #7914 ) ) ;
#7816 = CARTESIAN_POINT ( 'NONE',  ( 1.169756855001572893, 66.95855319716308429, 19.10226768406178621 ) ) ;
#7817 = CARTESIAN_POINT ( 'NONE',  ( 0.000000000000000000, 34.73591604948001077, 12.02980459382042611 ) ) ;
#7818 = ORIENTED_EDGE ( 'NONE', *, *, #8472, .T. ) ;
#7819 = DIRECTION ( 'NONE',  ( 0.000000000000000000, 0.000000000000000000, 1.000000000000000000 ) ) ;
#7820 = DIRECTION ( 'NONE',  ( -0.000000000000000000, 1.000000000000000000, -0.000000000000000000 ) ) ;
#7821 = CARTESIAN_POINT ( 'NONE',  ( 9.439975528854320785, 67.86835710483350681, 9.411854411558067568 ) ) ;
#7822 = EDGE_CURVE ( 'NONE', #3872, #81, #8970, .T. ) ;
#7823 = CARTESIAN_POINT ( 'NONE',  ( 9.001120464393459031, 38.26307533229308433, -0.6855294329460860370 ) ) ;
#7824 = PLANE ( 'NONE',  #2535 ) ;
#7825 = DIRECTION ( 'NONE',  ( 0.000000000000000000, 0.000000000000000000, -1.000000000000000000 ) ) ;
#7826 = EDGE_CURVE ( 'NONE', #5364, #4591, #4099, .T. ) ;
#7827 = ORIENTED_EDGE ( 'NONE', *, *, #7580, .F. ) ;
#7828 = VECTOR ( 'NONE', #3015, 1000.000000000000000 ) ;
#7829 = LINE ( 'NONE', #10267, #1080 ) ;
#7830 = CARTESIAN_POINT ( 'NONE',  ( -5.897910580902970601, 39.73591604948001077, 0.8620455319337753108 ) ) ;
#7831 = AXIS2_PLACEMENT_3D ( 'NONE', #9483, #2173, #9535 ) ;
#7832 = DIRECTION ( 'NONE',  ( 0.000000000000000000, -1.000000000000000000, 0.000000000000000000 ) ) ;
#7833 = ADVANCED_FACE ( 'NONE', ( #437 ), #361, .F. ) ;
#7834 = LINE ( 'NONE', #7044, #9236 ) ;
#7835 = EDGE_LOOP ( 'NONE', ( #1332, #8053 ) ) ;
#7836 = DIRECTION ( 'NONE',  ( -0.7071067811865415775, 0.000000000000000000, -0.7071067811865535679 ) ) ;
#7837 = CARTESIAN_POINT ( 'NONE',  ( -5.000000000000000000, 59.13591604948001645, -4.412331029910525615 ) ) ;
#7838 = EDGE_CURVE ( 'NONE', #949, #7219, #7666, .T. ) ;
#7839 = AXIS2_PLACEMENT_3D ( 'NONE', #7291, #7, #4906 ) ;
#7840 = AXIS2_PLACEMENT_3D ( 'NONE', #3105, #3157, #9425 ) ;
#7841 = ORIENTED_EDGE ( 'NONE', *, *, #2148, .T. ) ;
#7842 = ADVANCED_FACE ( 'NONE', ( #1795 ), #3649, .F. ) ;
#7843 = AXIS2_PLACEMENT_3D ( 'NONE', #5761, #1899, #7507 ) ;
#7844 = ORIENTED_EDGE ( 'NONE', *, *, #684, .T. ) ;
#7845 = CARTESIAN_POINT ( 'NONE',  ( 13.72950663729829124, 38.26307533229309144, 8.729804593820478686 ) ) ;
#7846 = EDGE_CURVE ( 'NONE', #1676, #7462, #10217, .T. ) ;
#7847 = CARTESIAN_POINT ( 'NONE',  ( 0.000000000000000000, 59.13591604948001645, 9.729804593820427172 ) ) ;
#7848 = ORIENTED_EDGE ( 'NONE', *, *, #781, .F. ) ;
#7849 = AXIS2_PLACEMENT_3D ( 'NONE', #7628, #6096, #8381 ) ;
#7850 = VECTOR ( 'NONE', #5208, 1000.000000000000000 ) ;
#7851 = CARTESIAN_POINT ( 'NONE',  ( 0.000000000000000000, 74.83591604948000509, 9.729804593820427172 ) ) ;
#7852 = ORIENTED_EDGE ( 'NONE', *, *, #2777, .F. ) ;
#7853 = DIRECTION ( 'NONE',  ( 0.000000000000000000, -1.000000000000000000, 0.000000000000000000 ) ) ;
#7854 = EDGE_CURVE ( 'NONE', #2790, #3778, #10287, .T. ) ;
#7855 = EDGE_CURVE ( 'NONE', #1493, #2613, #6934, .T. ) ;
#7856 = APPROVAL_STATUS ( 'not_yet_approved' ) ;
#7857 = AXIS2_PLACEMENT_3D ( 'NONE', #2471, #5799, #1580 ) ;
#7858 = CIRCLE ( 'NONE', #8541, 1.000000000000000000 ) ;
#7859 = ORIENTED_EDGE ( 'NONE', *, *, #2001, .T. ) ;
#7860 = ORIENTED_EDGE ( 'NONE', *, *, #2927, .T. ) ;
#7861 = CARTESIAN_POINT ( 'NONE',  ( 0.000000000000000000, 63.13591604948001645, 9.729804593820427172 ) ) ;
#7862 = DIRECTION ( 'NONE',  ( -0.000000000000000000, 1.000000000000000000, -0.000000000000000000 ) ) ;
#7863 = DIRECTION ( 'NONE',  ( 0.000000000000000000, 1.000000000000000000, 0.000000000000000000 ) ) ;
#7864 = VERTEX_POINT ( 'NONE', #6984 ) ;
#7865 = CARTESIAN_POINT ( 'NONE',  ( -7.838725536381959458, 37.23994810002849221, 0.4768654950651867175 ) ) ;
#7866 = ORIENTED_EDGE ( 'NONE', *, *, #4668, .T. ) ;
#7867 = LINE ( 'NONE', #633, #679 ) ;
#7868 = CONICAL_SURFACE ( 'NONE', #9895, 1.275000000000000133, 0.7853981633974476129 ) ;
#7869 = CARTESIAN_POINT ( 'NONE',  ( 4.660649489949149960, 38.53591604948001503, 5.069155103871286983 ) ) ;
#7870 = ORIENTED_EDGE ( 'NONE', *, *, #4919, .T. ) ;
#7871 = EDGE_CURVE ( 'NONE', #9406, #2028, #7880, .T. ) ;
#7872 = CYLINDRICAL_SURFACE ( 'NONE', #5529, 6.250000000000000000 ) ;
#7873 = DIRECTION ( 'NONE',  ( 0.000000000000000000, 1.000000000000000000, 0.000000000000000000 ) ) ;
#7874 = ORIENTED_EDGE ( 'NONE', *, *, #6423, .F. ) ;
#7875 = DIRECTION ( 'NONE',  ( -0.7071067811865531239, 0.000000000000000000, 0.7071067811865420216 ) ) ;
#7876 = LINE ( 'NONE', #7927, #4127 ) ;
#7877 = CARTESIAN_POINT ( 'NONE',  ( 0.000000000000000000, 39.73591604948001077, 9.729804593820427172 ) ) ;
#7878 = DIRECTION ( 'NONE',  ( 0.000000000000000000, 1.000000000000000000, 0.000000000000000000 ) ) ;
#7879 = AXIS2_PLACEMENT_3D ( 'NONE', #1038, #9128, #1868 ) ;
#7880 = LINE ( 'NONE', #7930, #4562 ) ;
#7881 = AXIS2_PLACEMENT_3D ( 'NONE', #1953, #9839, #5174 ) ;
#7882 = LINE ( 'NONE', #8579, #7347 ) ;
#7883 = EDGE_LOOP ( 'NONE', ( #6259, #4881, #3895, #2760 ) ) ;
#7884 = CIRCLE ( 'NONE', #3315, 1.000000000000000000 ) ;
#7885 = ADVANCED_FACE ( 'NONE', ( #3011 ), #5383, .F. ) ;
#7886 = CARTESIAN_POINT ( 'NONE',  ( 0.000000000000000000, 59.13591604948001645, 0.2848045938204264438 ) ) ;
#7887 = CARTESIAN_POINT ( 'NONE',  ( 0.8429606335300445785, 56.53591604948001503, 23.70440359952784348 ) ) ;
#7888 = CARTESIAN_POINT ( 'NONE',  ( 0.8211303738321255041, 66.00754701470461328, 16.17845458547504123 ) ) ;
#7889 = CARTESIAN_POINT ( 'NONE',  ( -1.000000000000000000, 41.03591604948000793, 5.698675719671151718 ) ) ;
#7890 = ORIENTED_EDGE ( 'NONE', *, *, #2057, .T. ) ;
#7891 = DIRECTION ( 'NONE',  ( 0.000000000000000000, 0.7071067811865350272, 0.7071067811865600072 ) ) ;
#7892 = CARTESIAN_POINT ( 'NONE',  ( -4.000000000000000000, 59.13591604948001645, -4.412331029910525615 ) ) ;
#7893 = ORIENTED_EDGE ( 'NONE', *, *, #6741, .T. ) ;
#7894 = ADVANCED_FACE ( 'NONE', ( #1383 ), #7824, .T. ) ;
#7895 = ORIENTED_EDGE ( 'NONE', *, *, #9457, .F. ) ;
#7896 = CARTESIAN_POINT ( 'NONE',  ( -12.08563196527184047, 38.53591604948001503, 11.72980459382031171 ) ) ;
#7897 = AXIS2_PLACEMENT_3D ( 'NONE', #1316, #4535, #7762 ) ;
#7898 = ADVANCED_FACE ( 'NONE', ( #1483 ), #6248, .F. ) ;
#7899 = DIRECTION ( 'NONE',  ( 0.000000000000000000, 1.000000000000000000, 0.000000000000000000 ) ) ;
#7900 = ORIENTED_EDGE ( 'NONE', *, *, #1007, .T. ) ;
#7901 = CARTESIAN_POINT ( 'NONE',  ( 1.024999999999975930, 66.63591604948001645, 18.92480459382042568 ) ) ;
#7902 = ORIENTED_EDGE ( 'NONE', *, *, #9705, .T. ) ;
#7903 = AXIS2_PLACEMENT_3D ( 'NONE', #3472, #5209, #2729 ) ;
#7904 = DIRECTION ( 'NONE',  ( 0.000000000000000000, -1.000000000000000000, 0.000000000000000000 ) ) ;
#7905 = PERSON_AND_ORGANIZATION ( #1306, #8001 ) ;
#7906 = CIRCLE ( 'NONE', #7897, 1.100000000000000311 ) ;
#7907 = EDGE_CURVE ( 'NONE', #1873, #9100, #1851, .T. ) ;
#7908 = ORIENTED_EDGE ( 'NONE', *, *, #4448, .F. ) ;
#7909 = LINE ( 'NONE', #3787, #5409 ) ;
#7910 = CARTESIAN_POINT ( 'NONE',  ( -1.599999999999999645, 57.53491604948001736, -4.470195406179566788 ) ) ;
#7911 = ADVANCED_FACE ( 'NONE', ( #9430 ), #7036, .F. ) ;
#7912 = EDGE_CURVE ( 'NONE', #139, #1161, #190, .T. ) ;
#7913 = CARTESIAN_POINT ( 'NONE',  ( -8.386236586499729029, 39.73591604948001077, 7.729804593820376546 ) ) ;
#7914 = ORIENTED_EDGE ( 'NONE', *, *, #2067, .F. ) ;
#7915 = AXIS2_PLACEMENT_3D ( 'NONE', #2259, #5324, #8674 ) ;
#7916 = DIRECTION ( 'NONE',  ( 0.000000000000000000, -1.000000000000000000, 0.000000000000000000 ) ) ;
#7917 = VERTEX_POINT ( 'NONE', #9477 ) ;
#7918 = PLANE ( 'NONE',  #9801 ) ;
#7919 = CARTESIAN_POINT ( 'NONE',  ( 0.6459548998437752987, 63.43591604948001361, 7.589070545096060272 ) ) ;
#7920 = B_SPLINE_CURVE_WITH_KNOTS ( 'NONE', 3,
 ( #8741, #9631, #2870, #2276, #6302, #4511, #10368, #2326, #5195, #6664, #5758, #2422, #7453, #9836, #8897, #9787, #9683, #5601, #3425, #7239, #4228, #1644, #8841, #7401, #4854, #8998, #8090, #8201 ),
 .UNSPECIFIED., .F., .F.,
 ( 4, 2, 2, 2, 2, 2, 2, 2, 2, 2, 2, 2, 2, 4 ),
 ( 0.000000000000000000, 0.1249999999999986122, 0.2499999999999972244, 0.3125000000000009437, 0.3437499999999992228, 0.3749999999999975020, 0.4999999999999951150, 0.5624999999999945599, 0.6249999999999938938, 0.6874999999999933387, 0.7499999999999927836, 0.8124999999999922284, 0.8749999999999915623, 1.000000000000000000 ),
 .UNSPECIFIED. ) ;
#7921 = ORIENTED_EDGE ( 'NONE', *, *, #271, .T. ) ;
#7922 = EDGE_LOOP ( 'NONE', ( #10237, #3459 ) ) ;
#7923 = CARTESIAN_POINT ( 'NONE',  ( -9.146980910150469768, 38.53591604948001503, 3.180358798232606254 ) ) ;
#7924 = CARTESIAN_POINT ( 'NONE',  ( 7.960204194457789560E-16, 44.75113973862977446, 3.229804593820427172 ) ) ;
#7925 = ORIENTED_EDGE ( 'NONE', *, *, #470, .F. ) ;
#7926 = CARTESIAN_POINT ( 'NONE',  ( 0.000000000000000000, 63.43591604948001361, 9.729804593820427172 ) ) ;
#7927 = CARTESIAN_POINT ( 'NONE',  ( -4.000000000000000000, 59.13591604948001645, -4.412331029910525615 ) ) ;
#7928 = DIRECTION ( 'NONE',  ( 0.000000000000000000, -1.000000000000000000, 0.000000000000000000 ) ) ;
#7929 = DIRECTION ( 'NONE',  ( 1.148079875614732180E-14, 0.000000000000000000, -1.000000000000000000 ) ) ;
#7930 = CARTESIAN_POINT ( 'NONE',  ( -3.953542708762585178, 31.87054094663176329, 5.776261885057816237 ) ) ;
#7931 = DIRECTION ( 'NONE',  ( 0.000000000000000000, 0.000000000000000000, -1.000000000000000000 ) ) ;
#7932 = AXIS2_PLACEMENT_3D ( 'NONE', #3045, #5581, #8821 ) ;
#7933 = ORIENTED_EDGE ( 'NONE', *, *, #1670, .F. ) ;
#7934 = DIRECTION ( 'NONE',  ( 0.000000000000000000, 0.000000000000000000, 1.000000000000000000 ) ) ;
#7935 = DIRECTION ( 'NONE',  ( 0.000000000000000000, 0.000000000000000000, -1.000000000000000000 ) ) ;
#7936 = DIRECTION ( 'NONE',  ( -0.1129614320333118260, 0.000000000000000000, 0.9935993734262231758 ) ) ;
#7937 = FACE_OUTER_BOUND ( 'NONE', #9226, .T. ) ;
#7938 = AXIS2_PLACEMENT_3D ( 'NONE', #8611, #1365, #576 ) ;
#7939 = DIRECTION ( 'NONE',  ( -5.204170427930416550E-15, 0.000000000000000000, 1.000000000000000000 ) ) ;
#7940 = ORIENTED_EDGE ( 'NONE', *, *, #2673, .F. ) ;
#7941 = AXIS2_PLACEMENT_3D ( 'NONE', #9781, #9581, #1534 ) ;
#7942 = ADVANCED_FACE ( 'NONE', ( #3059, #6295 ), #4544, .T. ) ;
#7943 = DIRECTION ( 'NONE',  ( 0.000000000000000000, 0.000000000000000000, -1.000000000000000000 ) ) ;
#7944 = LINE ( 'NONE', #7147, #10049 ) ;
#7945 = ORIENTED_EDGE ( 'NONE', *, *, #1988, .F. ) ;
#7946 = AXIS2_PLACEMENT_3D ( 'NONE', #5996, #1141, #10013 ) ;
#7947 = EDGE_LOOP ( 'NONE', ( #1403, #162, #135, #9937 ) ) ;
#7948 = CARTESIAN_POINT ( 'NONE',  ( 0.000000000000000000, 59.13591604948001645, 9.729804593820427172 ) ) ;
#7949 = AXIS2_PLACEMENT_3D ( 'NONE', #10247, #6118, #9456 ) ;
#7950 = CARTESIAN_POINT ( 'NONE',  ( -0.8038733439276748438, 65.68697173805817613, 0.3189082674759227687 ) ) ;
#7951 = ORIENTED_EDGE ( 'NONE', *, *, #3767, .T. ) ;
#7952 = EDGE_CURVE ( 'NONE', #8185, #6130, #4394, .T. ) ;
#7953 = VERTEX_POINT ( 'NONE', #5493 ) ;
#7954 = AXIS2_PLACEMENT_3D ( 'NONE', #8060, #8972, #4146 ) ;
#7955 = DIRECTION ( 'NONE',  ( -8.881784197001250746E-15, 0.000000000000000000, -1.000000000000000000 ) ) ;
#7956 = ADVANCED_FACE ( 'NONE', ( #5273 ), #1271, .T. ) ;
#7957 = AXIS2_PLACEMENT_3D ( 'NONE', #958, #2521, #5803 ) ;
#7958 = ORIENTED_EDGE ( 'NONE', *, *, #6212, .F. ) ;
#7959 = CARTESIAN_POINT ( 'NONE',  ( -13.72950663729968213, 38.26307533229456936, 10.72980459382028506 ) ) ;
#7960 = CYLINDRICAL_SURFACE ( 'NONE', #6946, 1.000000000000000888 ) ;
#7961 = DIRECTION ( 'NONE',  ( 0.000000000000000000, -1.000000000000000000, 0.000000000000000000 ) ) ;
#7962 = ORIENTED_EDGE ( 'NONE', *, *, #3228, .T. ) ;
#7963 = EDGE_CURVE ( 'NONE', #3466, #5026, #8084, .T. ) ;
#7964 = CARTESIAN_POINT ( 'NONE',  ( -8.018300047062110636, 37.25604337872324123, 0.2972909843850172207 ) ) ;
#7965 = ORIENTED_EDGE ( 'NONE', *, *, #4931, .T. ) ;
#7966 = DIRECTION ( 'NONE',  ( 0.000000000000000000, -1.000000000000000000, 0.000000000000000000 ) ) ;
#7967 = DIRECTION ( 'NONE',  ( 0.9935993734262232868, 0.000000000000000000, 0.1129614320333118399 ) ) ;
#7968 = VECTOR ( 'NONE', #7222, 1000.000000000000000 ) ;
#7969 = EDGE_CURVE ( 'NONE', #5001, #6139, #6395, .T. ) ;
#7970 = ORIENTED_EDGE ( 'NONE', *, *, #3880, .T. ) ;
#7971 = DIRECTION ( 'NONE',  ( 0.000000000000000000, 1.000000000000000000, 1.081498426419455997E-17 ) ) ;
#7972 = EDGE_CURVE ( 'NONE', #6793, #8710, #2319, .T. ) ;
#7973 = DIRECTION ( 'NONE',  ( 0.000000000000000000, 0.000000000000000000, 1.000000000000000000 ) ) ;
#7974 = ORIENTED_EDGE ( 'NONE', *, *, #7616, .F. ) ;
#7975 = DIRECTION ( 'NONE',  ( 0.000000000000000000, 1.000000000000000000, 0.000000000000000000 ) ) ;
#7976 = CARTESIAN_POINT ( 'NONE',  ( 0.000000000000000000, 68.93591604948001361, 9.729804593820427172 ) ) ;
#7977 = CARTESIAN_POINT ( 'NONE',  ( 6.499999433794410031, 33.28616858117417365, 11.48381075208031632 ) ) ;
#7978 = DIRECTION ( 'NONE',  ( 1.000000000000000000, 0.000000000000000000, 1.749210406734395389E-14 ) ) ;
#7979 = DIRECTION ( 'NONE',  ( 0.000000000000000000, 0.000000000000000000, 1.000000000000000000 ) ) ;
#7980 = CARTESIAN_POINT ( 'NONE',  ( 12.00001374524274134, 37.23591604948001077, 10.73255784089104203 ) ) ;
#7981 = ADVANCED_FACE ( 'NONE', ( #1584, #2368 ), #8784, .F. ) ;
#7982 = ORIENTED_EDGE ( 'NONE', *, *, #3989, .F. ) ;
#7983 = DIRECTION ( 'NONE',  ( 0.000000000000000000, 1.000000000000000000, 0.000000000000000000 ) ) ;
#7984 = CARTESIAN_POINT ( 'NONE',  ( 9.146980910150508848, 38.53591604948001503, 16.27925038940818681 ) ) ;
#7985 = CARTESIAN_POINT ( 'NONE',  ( 3.135322457671654739, 53.73541098609166511, 8.174249038264866485 ) ) ;
#7986 = LINE ( 'NONE', #8792, #441 ) ;
#7987 = CARTESIAN_POINT ( 'NONE',  ( 1.714505518806294884E-16, 74.83591604948000509, 8.329804593820426817 ) ) ;
#7988 = CARTESIAN_POINT ( 'NONE',  ( 0.000000000000000000, 63.13591604948001645, 9.729804593820427172 ) ) ;
#7989 = ORIENTED_EDGE ( 'NONE', *, *, #4986, .F. ) ;
#7990 = CARTESIAN_POINT ( 'NONE',  ( 6.993179104988242578, 39.73591604948001077, 0.7601295854467896573 ) ) ;
#7991 = AXIS2_PLACEMENT_3D ( 'NONE', #5219, #1214, #2741 ) ;
#7992 = CARTESIAN_POINT ( 'NONE',  ( 0.000000000000000000, 63.13591604948001645, 9.729804593820427172 ) ) ;
#7993 = CIRCLE ( 'NONE', #10318, 1.025000000000000133 ) ;
#7994 = VERTEX_POINT ( 'NONE', #8890 ) ;
#7995 = ORIENTED_EDGE ( 'NONE', *, *, #3275, .F. ) ;
#7996 = CARTESIAN_POINT ( 'NONE',  ( -9.847900274852083413, 37.48007098509884116, 1.296117881341212197 ) ) ;
#7997 = DIRECTION ( 'NONE',  ( 0.7071067811865415775, 0.000000000000000000, 0.7071067811865535679 ) ) ;
#7998 = ORIENTED_EDGE ( 'NONE', *, *, #4462, .T. ) ;
#7999 = CIRCLE ( 'NONE', #7493, 0.9999999999999991118 ) ;
#8000 = EDGE_LOOP ( 'NONE', ( #5993, #3723, #2444, #10135, #1250 ) ) ;
#8001 = ORGANIZATION ( 'æœª', 'æœª', '' ) ;
#8002 = AXIS2_PLACEMENT_3D ( 'NONE', #3587, #6926, #432 ) ;
#8003 = LINE ( 'NONE', #6632, #1107 ) ;
#8004 = B_SPLINE_CURVE_WITH_KNOTS ( 'NONE', 3,
 ( #4015, #2431, #4864, #1957 ),
 .UNSPECIFIED., .F., .F.,
 ( 4, 4 ),
 ( 8.676027127266220145E-19, 0.0001283903908514758138 ),
 .UNSPECIFIED. ) ;
#8005 = ADVANCED_FACE ( 'NONE', ( #117 ), #6447, .F. ) ;
#8006 = AXIS2_PLACEMENT_3D ( 'NONE', #6004, #9249, #1245 ) ;
#8007 = VERTEX_POINT ( 'NONE', #741 ) ;
#8008 = AXIS2_PLACEMENT_3D ( 'NONE', #1000, #5853, #838 ) ;
#8009 = CARTESIAN_POINT ( 'NONE',  ( -12.08563196527180139, 80.83389579592666507, 7.729804593820312597 ) ) ;
#8010 = FACE_OUTER_BOUND ( 'NONE', #277, .T. ) ;
#8011 = DIRECTION ( 'NONE',  ( 0.000000000000000000, 1.000000000000000000, 0.000000000000000000 ) ) ;
#8012 = CARTESIAN_POINT ( 'NONE',  ( 4.660649489949139301, 39.73591604948001077, 14.39045408376957624 ) ) ;
#8013 = EDGE_LOOP ( 'NONE', ( #241, #306, #2335, #8390, #1284 ) ) ;
#8014 = ORIENTED_EDGE ( 'NONE', *, *, #9519, .F. ) ;
#8015 = DIRECTION ( 'NONE',  ( -0.1129614320333117844, 0.000000000000000000, 0.9935993734262232868 ) ) ;
#8016 = AXIS2_PLACEMENT_3D ( 'NONE', #6826, #1117, #6076 ) ;
#8017 = LINE ( 'NONE', #5530, #7452 ) ;
#8018 = VECTOR ( 'NONE', #7315, 1000.000000000000000 ) ;
#8019 = VECTOR ( 'NONE', #9327, 1000.000000000000000 ) ;
#8020 = EDGE_LOOP ( 'NONE', ( #6008, #3104, #8654, #5234 ) ) ;
#8021 = ADVANCED_FACE ( 'NONE', ( #1637 ), #9678, .T. ) ;
#8022 = ORIENTED_EDGE ( 'NONE', *, *, #7309, .T. ) ;
#8023 = CARTESIAN_POINT ( 'NONE',  ( 6.499999433794410031, 41.23591604948001788, 10.53381075208031525 ) ) ;
#8024 = CARTESIAN_POINT ( 'NONE',  ( -7.131618755195589188, 80.83389579592666507, 18.68985047376207831 ) ) ;
#8025 = ORIENTED_EDGE ( 'NONE', *, *, #2057, .F. ) ;
#8026 = DIRECTION ( 'NONE',  ( 0.000000000000000000, -1.000000000000000000, 0.000000000000000000 ) ) ;
#8027 = CARTESIAN_POINT ( 'NONE',  ( -10.07302557281902899, 37.68099700768561888, 18.38861660426620048 ) ) ;
#8028 = CIRCLE ( 'NONE', #4981, 1.024999999999999911 ) ;
#8029 = AXIS2_PLACEMENT_3D ( 'NONE', #1336, #7832, #9435 ) ;
#8030 = ADVANCED_FACE ( 'NONE', ( #3951 ), #6558, .F. ) ;
#8031 = CARTESIAN_POINT ( 'NONE',  ( 9.133642802189227083, 38.73517269221110837, -0.8180517707418519802 ) ) ;
#8032 = DIRECTION ( 'NONE',  ( 0.000000000000000000, -1.000000000000000000, 0.000000000000000000 ) ) ;
#8033 = CARTESIAN_POINT ( 'NONE',  ( 6.499999433794410031, 33.28616858117417365, 9.733810752080316320 ) ) ;
#8034 = CARTESIAN_POINT ( 'NONE',  ( 9.252939098755160074, 37.23994810002849221, 1.891079057438386002 ) ) ;
#8035 = AXIS2_PLACEMENT_3D ( 'NONE', #7324, #6539, #5784 ) ;
#8036 = ORIENTED_EDGE ( 'NONE', *, *, #742, .T. ) ;
#8037 = EDGE_CURVE ( 'NONE', #7386, #6867, #2021, .T. ) ;
#8038 = DIRECTION ( 'NONE',  ( 0.000000000000000000, 1.000000000000000000, 0.000000000000000000 ) ) ;
#8039 = CARTESIAN_POINT ( 'NONE',  ( -1.198633929411949905, 66.63591604947636426, 0.3611706644118181653 ) ) ;
#8040 = CARTESIAN_POINT ( 'NONE',  ( -12.08563196527180139, 37.23591604948001077, 7.729804593820312597 ) ) ;
#8041 = CARTESIAN_POINT ( 'NONE',  ( 3.061616997868385113E-16, 34.93591604948000651, 7.229804593820426284 ) ) ;
#8042 = ADVANCED_FACE ( 'NONE', ( #7234 ), #6, .F. ) ;
#8043 = FACE_OUTER_BOUND ( 'NONE', #4575, .T. ) ;
#8044 = ADVANCED_FACE ( 'NONE', ( #1411 ), #1358, .T. ) ;
#8045 = DIRECTION ( 'NONE',  ( 0.000000000000000000, 1.000000000000000000, 0.000000000000000000 ) ) ;
#8046 = ORIENTED_EDGE ( 'NONE', *, *, #453, .F. ) ;
#8047 = AXIS2_PLACEMENT_3D ( 'NONE', #5672, #8911, #9755 ) ;
#8048 = DIRECTION ( 'NONE',  ( 0.000000000000000000, -1.000000000000000000, 0.000000000000000000 ) ) ;
#8049 = DIRECTION ( 'NONE',  ( 0.000000000000000000, -1.000000000000000000, 0.000000000000000000 ) ) ;
#8050 = ORIENTED_EDGE ( 'NONE', *, *, #1891, .F. ) ;
#8051 = EDGE_LOOP ( 'NONE', ( #2383, #4241, #2229, #6362 ) ) ;
#8052 = CONICAL_SURFACE ( 'NONE', #5509, 1.024999999999999911, 0.7853981633974638221 ) ;
#8053 = ORIENTED_EDGE ( 'NONE', *, *, #6819, .T. ) ;
#8054 = CARTESIAN_POINT ( 'NONE',  ( -13.96424004376894601, 38.98256680740692559, 8.729804593820281511 ) ) ;
#8055 = DIRECTION ( 'NONE',  ( 0.000000000000000000, -1.000000000000000000, 0.000000000000000000 ) ) ;
#8056 = ORIENTED_EDGE ( 'NONE', *, *, #10231, .T. ) ;
#8057 = ORIENTED_EDGE ( 'NONE', *, *, #7529, .F. ) ;
#8058 = CARTESIAN_POINT ( 'NONE',  ( -6.499999897834149998, 41.23591604948001788, 10.53095705036433039 ) ) ;
#8059 = VERTEX_POINT ( 'NONE', #3142 ) ;
#8060 = CARTESIAN_POINT ( 'NONE',  ( 8.867759061886591354, 39.73591604948001077, 3.831894012917366421 ) ) ;
#8061 = DIRECTION ( 'NONE',  ( 0.000000000000000000, -1.000000000000000000, 0.000000000000000000 ) ) ;
#8062 = LINE ( 'NONE', #8117, #8839 ) ;
#8063 = FACE_OUTER_BOUND ( 'NONE', #1300, .T. ) ;
#8064 = EDGE_LOOP ( 'NONE', ( #7742, #1572 ) ) ;
#8065 = CARTESIAN_POINT ( 'NONE',  ( 3.449999999999999734, 59.14591604948001446, -4.470195406179568565 ) ) ;
#8066 = EDGE_LOOP ( 'NONE', ( #8656, #1800, #182, #3349 ) ) ;
#8067 = CARTESIAN_POINT ( 'NONE',  ( 1.000000000000000000, 40.23591604948001077, 20.17070972699732678 ) ) ;
#8068 = VECTOR ( 'NONE', #8673, 1000.000000000000000 ) ;
#8069 = EDGE_CURVE ( 'NONE', #3344, #5991, #10392, .T. ) ;
#8070 = DIRECTION ( 'NONE',  ( -0.000000000000000000, -1.000000000000000000, -0.000000000000000000 ) ) ;
#8071 = VECTOR ( 'NONE', #3840, 1000.000000000000114 ) ;
#8072 = ORIENTED_EDGE ( 'NONE', *, *, #3375, .T. ) ;
#8073 = ORIENTED_EDGE ( 'NONE', *, *, #147, .F. ) ;
#8074 = FACE_OUTER_BOUND ( 'NONE', #3567, .T. ) ;
#8075 = CARTESIAN_POINT ( 'NONE',  ( -10.44090513317689961, 36.84381467316708836, 7.629804593820331604 ) ) ;
#8076 = ORIENTED_EDGE ( 'NONE', *, *, #10248, .T. ) ;
#8077 = FACE_OUTER_BOUND ( 'NONE', #7382, .T. ) ;
#8078 = CARTESIAN_POINT ( 'NONE',  ( -10.54683559475382815, 38.73069151434480517, 18.86242662620099253 ) ) ;
#8079 = EDGE_CURVE ( 'NONE', #6528, #7750, #1833, .T. ) ;
#8080 = DIRECTION ( 'NONE',  ( -0.000000000000000000, 1.000000000000000000, 0.000000000000000000 ) ) ;
#8081 = LINE ( 'NONE', #9731, #9978 ) ;
#8082 = EDGE_CURVE ( 'NONE', #6250, #2279, #6268, .T. ) ;
#8083 = DIRECTION ( 'NONE',  ( 0.000000000000000000, -1.000000000000000000, 0.000000000000000000 ) ) ;
#8084 = LINE ( 'NONE', #8940, #20 ) ;
#8085 = CARTESIAN_POINT ( 'NONE',  ( 0.000000000000000000, 39.73591604948001077, 9.729804593820427172 ) ) ;
#8086 = ORIENTED_EDGE ( 'NONE', *, *, #2206, .T. ) ;
#8087 = EDGE_CURVE ( 'NONE', #10424, #7658, #7909, .T. ) ;
#8088 = CARTESIAN_POINT ( 'NONE',  ( -3.700000000000000178, 59.13591604948001645, -8.270195406179569275 ) ) ;
#8089 = FACE_OUTER_BOUND ( 'NONE', #9007, .T. ) ;
#8090 = CARTESIAN_POINT ( 'NONE',  ( -9.368642409166570317, 66.80038510960383746, 10.92837224465632318 ) ) ;
#8091 = CARTESIAN_POINT ( 'NONE',  ( 0.000000000000000000, 63.03591604948001503, 8.229804593820427172 ) ) ;
#8092 = CARTESIAN_POINT ( 'NONE',  ( 0.000000000000000000, 62.93591604948001361, 9.729804593820427172 ) ) ;
#8093 = CARTESIAN_POINT ( 'NONE',  ( -6.499999897834149998, 41.23591604948001788, 8.930957050364332517 ) ) ;
#8094 = EDGE_LOOP ( 'NONE', ( #5710, #8971, #3213, #8378 ) ) ;
#8095 = EDGE_CURVE ( 'NONE', #7545, #6840, #8765, .T. ) ;
#8096 = CARTESIAN_POINT ( 'NONE',  ( -3.700000000000000178, 59.13591604948001645, -7.970195406179570341 ) ) ;
#8097 = AXIS2_PLACEMENT_3D ( 'NONE', #10201, #3844, #6183 ) ;
#8098 = CARTESIAN_POINT ( 'NONE',  ( 8.383203968001060602, 38.53591604948001503, 8.729804593820443159 ) ) ;
#8099 = ORIENTED_EDGE ( 'NONE', *, *, #2253, .T. ) ;
#8100 = EDGE_CURVE ( 'NONE', #6622, #7545, #2541, .T. ) ;
#8101 = VERTEX_POINT ( 'NONE', #6325 ) ;
#8102 = AXIS2_PLACEMENT_3D ( 'NONE', #5299, #6056, #3460 ) ;
#8103 = FACE_OUTER_BOUND ( 'NONE', #246, .T. ) ;
#8104 = AXIS2_PLACEMENT_3D ( 'NONE', #209, #8282, #2969 ) ;
#8105 = EDGE_LOOP ( 'NONE', ( #10440, #4685, #9598, #9167 ) ) ;
#8106 = EDGE_CURVE ( 'NONE', #7750, #6055, #2194, .T. ) ;
#8107 = CYLINDRICAL_SURFACE ( 'NONE', #1435, 1.000000000000000000 ) ;
#8108 = CARTESIAN_POINT ( 'NONE',  ( -7.700332336075882189, 39.73591604948001077, 8.457496396199994493 ) ) ;
#8109 = VERTEX_POINT ( 'NONE', #8662 ) ;
#8110 = ORIENTED_EDGE ( 'NONE', *, *, #1229, .T. ) ;
#8111 = CARTESIAN_POINT ( 'NONE',  ( 9.167102047879140514, 39.73591604948001077, 20.31112020407276830 ) ) ;
#8112 = VECTOR ( 'NONE', #5646, 1000.000000000000000 ) ;
#8113 = AXIS2_PLACEMENT_3D ( 'NONE', #22, #5765, #7245 ) ;
#8114 = ORIENTED_EDGE ( 'NONE', *, *, #8337, .T. ) ;
#8115 = DIRECTION ( 'NONE',  ( 0.000000000000000000, -1.000000000000000000, 0.000000000000000000 ) ) ;
#8116 = LINE ( 'NONE', #3087, #8645 ) ;
#8117 = CARTESIAN_POINT ( 'NONE',  ( -8.089941602581438573, 40.23591604948001077, 16.40553263402863493 ) ) ;
#8118 = VECTOR ( 'NONE', #5088, 1000.000000000000000 ) ;
#8119 = DIRECTION ( 'NONE',  ( 0.000000000000000000, 0.000000000000000000, 1.000000000000000000 ) ) ;
#8120 = EDGE_LOOP ( 'NONE', ( #8073, #6021, #19, #7733, #3312, #1356, #42, #8877, #3652, #9636 ) ) ;
#8121 = CIRCLE ( 'NONE', #2708, 3.499999999999999556 ) ;
#8122 = LINE ( 'NONE', #6483, #3536 ) ;
#8123 = ORIENTED_EDGE ( 'NONE', *, *, #5057, .F. ) ;
#8124 = CARTESIAN_POINT ( 'NONE',  ( 1.555555555555570013, 53.73541098609166511, 12.86512705149208280 ) ) ;
#8125 = CIRCLE ( 'NONE', #9984, 1.000000000000000000 ) ;
#8126 = CARTESIAN_POINT ( 'NONE',  ( 0.000000000000000000, 37.23591604948001077, 7.229804593820426284 ) ) ;
#8127 = AXIS2_PLACEMENT_3D ( 'NONE', #9444, #8652, #4615 ) ;
#8128 = ORIENTED_EDGE ( 'NONE', *, *, #4867, .F. ) ;
#8129 = VERTEX_POINT ( 'NONE', #4627 ) ;
#8130 = CARTESIAN_POINT ( 'NONE',  ( 1.156678901794674034E-15, 63.13591604948001645, 19.17480459382042568 ) ) ;
#8131 = FACE_OUTER_BOUND ( 'NONE', #9253, .T. ) ;
#8132 = EDGE_CURVE ( 'NONE', #6925, #7548, #3554, .T. ) ;
#8133 = VERTEX_POINT ( 'NONE', #5572 ) ;
#8134 = CARTESIAN_POINT ( 'NONE',  ( -1.000000000000055955, 38.53591604948001503, 20.17070972699732678 ) ) ;
#8135 = DIRECTION ( 'NONE',  ( 0.000000000000000000, 0.000000000000000000, 1.000000000000000000 ) ) ;
#8136 = DIRECTION ( 'NONE',  ( 0.000000000000000000, 0.000000000000000000, -1.000000000000000000 ) ) ;
#8137 = CARTESIAN_POINT ( 'NONE',  ( 9.445000000000000284, 66.63591604948001645, 9.729804593820547964 ) ) ;
#8138 = AXIS2_PLACEMENT_3D ( 'NONE', #4362, #9296, #510 ) ;
#8139 = CARTESIAN_POINT ( 'NONE',  ( -9.252939098755220471, 50.29182918005297154, 17.56853013020241860 ) ) ;
#8140 = DIRECTION ( 'NONE',  ( 0.000000000000000000, 1.000000000000000000, 0.000000000000000000 ) ) ;
#8141 = DIRECTION ( 'NONE',  ( -1.000000000000000000, 0.000000000000000000, -5.727727414766670090E-15 ) ) ;
#8142 = EDGE_LOOP ( 'NONE', ( #1944, #5434 ) ) ;
#8143 = LINE ( 'NONE', #9834, #9016 ) ;
#8144 = EDGE_CURVE ( 'NONE', #7436, #8493, #1616, .T. ) ;
#8145 = DIRECTION ( 'NONE',  ( 0.000000000000000000, 0.000000000000000000, 1.000000000000000000 ) ) ;
#8146 = CARTESIAN_POINT ( 'NONE',  ( 0.5092168071601417267, 67.79063589462920447, 0.2984661591444184858 ) ) ;
#8147 = CARTESIAN_POINT ( 'NONE',  ( 3.953542708762589619, 31.87054094663176329, 13.68334730258302656 ) ) ;
#8148 = DIRECTION ( 'NONE',  ( 0.000000000000000000, 0.000000000000000000, -1.000000000000000000 ) ) ;
#8149 = FACE_OUTER_BOUND ( 'NONE', #2270, .T. ) ;
#8150 = VERTEX_POINT ( 'NONE', #8814 ) ;
#8151 = CARTESIAN_POINT ( 'NONE',  ( 8.089941602581449231, 38.53591604948001503, 3.054076553612096401 ) ) ;
#8152 = DIRECTION ( 'NONE',  ( 0.1129614320333130889, 0.000000000000000000, -0.9935993734262230648 ) ) ;
#8153 = VERTEX_POINT ( 'NONE', #2346 ) ;
#8154 = MANIFOLD_SOLID_BREP ( '¿¨»É-1-solid1', #3002 ) ;
#8155 = ORIENTED_EDGE ( 'NONE', *, *, #2353, .F. ) ;
#8156 = EDGE_CURVE ( 'NONE', #9954, #8763, #864, .T. ) ;
#8157 = CARTESIAN_POINT ( 'NONE',  ( 1.714505518806294835E-15, 62.93591604948001361, 23.72980459382042540 ) ) ;
#8158 = ORIENTED_EDGE ( 'NONE', *, *, #2351, .F. ) ;
#8159 = DIRECTION ( 'NONE',  ( 0.000000000000000000, -1.000000000000000000, 0.000000000000000000 ) ) ;
#8160 = CIRCLE ( 'NONE', #4440, 1.749999999999999778 ) ;
#8161 = DIRECTION ( 'NONE',  ( 0.000000000000000000, 1.000000000000000000, 1.084202172485503972E-17 ) ) ;
#8162 = ORIENTED_EDGE ( 'NONE', *, *, #1752, .T. ) ;
#8163 = ADVANCED_FACE ( 'NONE', ( #8172 ), #4989, .F. ) ;
#8164 = ORIENTED_EDGE ( 'NONE', *, *, #680, .F. ) ;
#8165 = VECTOR ( 'NONE', #3191, 1000.000000000000000 ) ;
#8166 = CONICAL_SURFACE ( 'NONE', #1239, 1.300000000000000711, 0.7853981633974503884 ) ;
#8167 = CARTESIAN_POINT ( 'NONE',  ( 3.700000000000000178, 57.53591604948001503, -8.270195406179569275 ) ) ;
#8168 = EDGE_CURVE ( 'NONE', #9438, #4011, #9762, .T. ) ;
#8169 = ADVANCED_FACE ( 'NONE', ( #6425 ), #5726, .F. ) ;
#8170 = AXIS2_PLACEMENT_3D ( 'NONE', #8655, #6961, #6163 ) ;
#8171 = ORIENTED_EDGE ( 'NONE', *, *, #8421, .T. ) ;
#8172 = FACE_OUTER_BOUND ( 'NONE', #191, .T. ) ;
#8173 = CARTESIAN_POINT ( 'NONE',  ( 5.000000000000000000, 57.53591604948001503, -4.412331029910525615 ) ) ;
#8174 = CARTESIAN_POINT ( 'NONE',  ( -6.418685470142456495, 66.77199444811250828, 8.704876869178791665 ) ) ;
#8175 = CARTESIAN_POINT ( 'NONE',  ( 0.000000000000000000, 59.23591604948001077, 9.729804593820427172 ) ) ;
#8176 = EDGE_LOOP ( 'NONE', ( #9399, #6885, #927, #2508 ) ) ;
#8177 = VECTOR ( 'NONE', #8740, 1000.000000000000000 ) ;
#8178 = CARTESIAN_POINT ( 'NONE',  ( 0.7888104390346826200, 63.83591604948001219, 7.605311664718801268 ) ) ;
#8179 = VERTEX_POINT ( 'NONE', #1663 ) ;
#8180 = DIRECTION ( 'NONE',  ( -0.000000000000000000, 1.000000000000000000, -0.000000000000000000 ) ) ;
#8181 = CYLINDRICAL_SURFACE ( 'NONE', #6115, 6.500000000000000888 ) ;
#8182 = CIRCLE ( 'NONE', #7161, 2.000000000000000000 ) ;
#8183 = AXIS2_PLACEMENT_3D ( 'NONE', #2364, #5377, #1579 ) ;
#8184 = ORIENTED_EDGE ( 'NONE', *, *, #9700, .T. ) ;
#8185 = VERTEX_POINT ( 'NONE', #983 ) ;
#8186 = CARTESIAN_POINT ( 'NONE',  ( -9.410782204447837529, 65.68834792188492600, 8.924677011237552193 ) ) ;
#8187 = ORIENTED_EDGE ( 'NONE', *, *, #8735, .F. ) ;
#8188 = CARTESIAN_POINT ( 'NONE',  ( -0.5463643482676924235, 63.43591604948001361, 7.453516826656086280 ) ) ;
#8189 = DIRECTION ( 'NONE',  ( 0.000000000000000000, 1.000000000000000000, 0.000000000000000000 ) ) ;
#8190 = CARTESIAN_POINT ( 'NONE',  ( 0.000000000000000000, 63.13591604948001645, 0.2848045938204264438 ) ) ;
#8191 = DIRECTION ( 'NONE',  ( 0.000000000000000000, 0.000000000000000000, 1.000000000000000000 ) ) ;
#8192 = CIRCLE ( 'NONE', #5133, 1.000000000000000000 ) ;
#8193 = AXIS2_PLACEMENT_3D ( 'NONE', #9981, #5103, #6913 ) ;
#8194 = CYLINDRICAL_SURFACE ( 'NONE', #9653, 14.00000000000000355 ) ;
#8195 = CARTESIAN_POINT ( 'NONE',  ( -0.1694421480499679333, 63.43591604948001361, 11.22020365395976249 ) ) ;
#8196 = ORIENTED_EDGE ( 'NONE', *, *, #2073, .F. ) ;
#8197 = CONICAL_SURFACE ( 'NONE', #3288, 1.275000000000000133, 0.7853981633974476129 ) ;
#8198 = AXIS2_PLACEMENT_3D ( 'NONE', #3532, #6773, #9996 ) ;
#8199 = DIRECTION ( 'NONE',  ( 0.000000000000000000, 1.000000000000000000, 1.081498426419455997E-17 ) ) ;
#8200 = CARTESIAN_POINT ( 'NONE',  ( 0.7071067811865919817, 39.73591604948001077, 10.43691137500703903 ) ) ;
#8201 = CARTESIAN_POINT ( 'NONE',  ( -9.368633929408819228, 66.63591604948001645, 10.92843852322918252 ) ) ;
#8202 = LINE ( 'NONE', #6614, #6848 ) ;
#8203 = DIRECTION ( 'NONE',  ( 0.000000000000000000, 0.000000000000000000, -1.000000000000000000 ) ) ;
#8204 = FACE_OUTER_BOUND ( 'NONE', #5211, .T. ) ;
#8205 = ORIENTED_EDGE ( 'NONE', *, *, #8926, .F. ) ;
#8206 = DIRECTION ( 'NONE',  ( 0.000000000000000000, 1.000000000000000000, 0.000000000000000000 ) ) ;
#8207 = B_SPLINE_CURVE_WITH_KNOTS ( 'NONE', 3,
 ( #4692, #3689, #688, #6924, #10150, #6129, #1727, #8777, #3363, #7177, #9724, #2467, #1527, #10452, #109, #10406, #892, #5532, #8186, #3311, #3255, #4945, #3203, #4048, #4840, #8985 ),
 .UNSPECIFIED., .F., .F.,
 ( 4, 2, 2, 2, 2, 2, 2, 2, 2, 2, 2, 2, 4 ),
 ( 0.000000000000000000, 0.1249999999999933109, 0.1874999999999899525, 0.2499999999999865663, 0.3124999999999831801, 0.3749999999999798495, 0.4999999999999785727, 0.6249999999999773515, 0.6874999999999795719, 0.7499999999999816813, 0.8124999999999839018, 0.8749999999999861222, 1.000000000000000000 ),
 .UNSPECIFIED. ) ;
#8208 = AXIS2_PLACEMENT_3D ( 'NONE', #9292, #9964, #8545 ) ;
#8209 = EDGE_CURVE ( 'NONE', #6261, #7149, #4728, .T. ) ;
#8210 = FACE_OUTER_BOUND ( 'NONE', #5138, .T. ) ;
#8211 = ORIENTED_EDGE ( 'NONE', *, *, #6368, .T. ) ;
#8212 = MANIFOLD_SOLID_BREP ( '¿¨»É-1-solid2', #7564 ) ;
#8213 = VERTEX_POINT ( 'NONE', #4877 ) ;
#8214 = LINE ( 'NONE', #1850, #992 ) ;
#8215 = ORIENTED_EDGE ( 'NONE', *, *, #6619, .T. ) ;
#8216 = VECTOR ( 'NONE', #4871, 1000.000000000000000 ) ;
#8217 = CARTESIAN_POINT ( 'NONE',  ( -10.41533402676526876, 38.26307533229191193, 0.7286841294280138603 ) ) ;
#8218 = LINE ( 'NONE', #763, #1788 ) ;
#8219 = EDGE_LOOP ( 'NONE', ( #4405, #1848, #893, #6412 ) ) ;
#8220 = ORIENTED_EDGE ( 'NONE', *, *, #9848, .F. ) ;
#8221 = EDGE_CURVE ( 'NONE', #6276, #9170, #2034, .T. ) ;
#8222 = CARTESIAN_POINT ( 'NONE',  ( -2.399999999999999467, 59.13591604948001645, -4.470195406179568565 ) ) ;
#8223 = CIRCLE ( 'NONE', #2808, 11.25000000000000178 ) ;
#8224 = AXIS2_PLACEMENT_3D ( 'NONE', #7737, #9341, #6456 ) ;
#8225 = EDGE_CURVE ( 'NONE', #4472, #1658, #4232, .T. ) ;
#8226 = ORIENTED_EDGE ( 'NONE', *, *, #10181, .F. ) ;
#8227 = DIRECTION ( 'NONE',  ( 0.000000000000000000, 0.000000000000000000, 1.000000000000000000 ) ) ;
#8228 = LINE ( 'NONE', #7372, #4574 ) ;
#8229 = LINE ( 'NONE', #97, #6470 ) ;
#8230 = DIRECTION ( 'NONE',  ( -1.000000000000000000, 0.000000000000000000, 5.080105690144320343E-16 ) ) ;
#8231 = ORIENTED_EDGE ( 'NONE', *, *, #808, .T. ) ;
#8232 = CARTESIAN_POINT ( 'NONE',  ( 1.000000000000000000, 39.73591604948001077, -4.234435449948514396 ) ) ;
#8233 = ORIENTED_EDGE ( 'NONE', *, *, #2452, .F. ) ;
#8234 = DIRECTION ( 'NONE',  ( 1.000000000000000000, 0.000000000000000000, -0.000000000000000000 ) ) ;
#8235 = EDGE_CURVE ( 'NONE', #2836, #2257, #10147, .T. ) ;
#8236 = CARTESIAN_POINT ( 'NONE',  ( 0.000000000000000000, 62.93591604948001361, 13.72980459382042717 ) ) ;
#8237 = EDGE_LOOP ( 'NONE', ( #7334, #5939, #2739, #9627 ) ) ;
#8238 = EDGE_CURVE ( 'NONE', #514, #7022, #1860, .T. ) ;
#8239 = EDGE_CURVE ( 'NONE', #5890, #4011, #9976, .T. ) ;
#8240 = B_SPLINE_CURVE_WITH_KNOTS ( 'NONE', 3,
 ( #3489, #3593, #237, #6832, #5816, #8470, #10056, #3539, #2804, #337 ),
 .UNSPECIFIED., .F., .F.,
 ( 4, 2, 2, 2, 4 ),
 ( 0.000000000000000000, 0.2500000000000000000, 0.5000000000000000000, 0.7500000000000000000, 1.000000000000000000 ),
 .UNSPECIFIED. ) ;
#8241 = EDGE_LOOP ( 'NONE', ( #2540, #469 ) ) ;
#8242 = FACE_OUTER_BOUND ( 'NONE', #837, .T. ) ;
#8243 = ORIENTED_EDGE ( 'NONE', *, *, #7547, .F. ) ;
#8244 = DIRECTION ( 'NONE',  ( 0.000000000000000000, 0.000000000000000000, -1.000000000000000000 ) ) ;
#8245 = LINE ( 'NONE', #3, #8365 ) ;
#8246 = EDGE_CURVE ( 'NONE', #960, #7386, #3209, .T. ) ;
#8247 = AXIS2_PLACEMENT_3D ( 'NONE', #6188, #6287, #10257 ) ;
#8248 = DIRECTION ( 'NONE',  ( 0.000000000000000000, -1.000000000000000000, 0.000000000000000000 ) ) ;
#8249 = CARTESIAN_POINT ( 'NONE',  ( 13.96424004376894068, 39.23591604948001077, 10.72980459382047691 ) ) ;
#8250 = CARTESIAN_POINT ( 'NONE',  ( -8.388678933038290708, 38.53591604948001503, 10.72980459382037743 ) ) ;
#8251 = ORIENTED_EDGE ( 'NONE', *, *, #2214, .F. ) ;
#8252 = DIRECTION ( 'NONE',  ( 0.1129614320333117289, 0.000000000000000000, -0.9935993734262232868 ) ) ;
#8253 = ORIENTED_EDGE ( 'NONE', *, *, #4730, .T. ) ;
#8254 = CARTESIAN_POINT ( 'NONE',  ( -10.44090513317689961, 39.73591604948001077, 8.729804593820317038 ) ) ;
#8255 = CARTESIAN_POINT ( 'NONE',  ( 2.000000000000000000, 39.73591604948001077, 13.76093346796969286 ) ) ;
#8256 = AXIS2_PLACEMENT_3D ( 'NONE', #45, #3245, #8867 ) ;
#8257 = CYLINDRICAL_SURFACE ( 'NONE', #6343, 1.024999999999999911 ) ;
#8258 = LINE ( 'NONE', #9107, #1926 ) ;
#8259 = CARTESIAN_POINT ( 'NONE',  ( -1.449999999999999512, 59.14591604948001446, -4.470195406179568565 ) ) ;
#8260 = CARTESIAN_POINT ( 'NONE',  ( 9.444999961258879750, 65.36093125841723861, 9.566415586531171300 ) ) ;
#8261 = CARTESIAN_POINT ( 'NONE',  ( -0.1524979332449710179, 63.83591604948001219, 11.07116374794582825 ) ) ;
#8262 = ORIENTED_EDGE ( 'NONE', *, *, #8484, .F. ) ;
#8263 = DIRECTION ( 'NONE',  ( 0.000000000000000000, -1.000000000000000000, 0.000000000000000000 ) ) ;
#8264 = ORIENTED_EDGE ( 'NONE', *, *, #8636, .T. ) ;
#8265 = CARTESIAN_POINT ( 'NONE',  ( -7.742349322190870353, 37.23591604948001077, 0.5615971914341467697 ) ) ;
#8266 = EDGE_CURVE ( 'NONE', #8806, #1024, #8468, .T. ) ;
#8267 = CARTESIAN_POINT ( 'NONE',  ( 6.470242910467341346, 67.45674580264960696, 9.101096319493260367 ) ) ;
#8268 = ORIENTED_EDGE ( 'NONE', *, *, #6947, .F. ) ;
#8269 = VERTEX_POINT ( 'NONE', #201 ) ;
#8270 = CARTESIAN_POINT ( 'NONE',  ( 2.800000000000000266, 57.53591604948001503, -4.470195406179566788 ) ) ;
#8271 = EDGE_LOOP ( 'NONE', ( #216, #1602, #6639, #1522 ) ) ;
#8272 = CIRCLE ( 'NONE', #8, 1.024999999999999911 ) ;
#8273 = VECTOR ( 'NONE', #608, 1000.000000000000000 ) ;
#8274 = EDGE_LOOP ( 'NONE', ( #1085, #5932, #3517, #8397 ) ) ;
#8275 = FACE_OUTER_BOUND ( 'NONE', #3565, .T. ) ;
#8276 = EDGE_CURVE ( 'NONE', #2814, #3389, #9708, .T. ) ;
#8277 = DIRECTION ( 'NONE',  ( 0.000000000000000000, 1.000000000000000000, 0.000000000000000000 ) ) ;
#8278 = ORIENTED_EDGE ( 'NONE', *, *, #8632, .T. ) ;
#8279 = CARTESIAN_POINT ( 'NONE',  ( -2.000000000000075051, 38.53591604948001503, 21.81543655909222679 ) ) ;
#8280 = CIRCLE ( 'NONE', #3716, 1.000000000000000888 ) ;
#8281 = EDGE_LOOP ( 'NONE', ( #3615, #7902, #3360, #5714 ) ) ;
#8282 = DIRECTION ( 'NONE',  ( 0.000000000000000000, 1.000000000000000000, 0.000000000000000000 ) ) ;
#8283 = AXIS2_PLACEMENT_3D ( 'NONE', #4072, #7301, #76 ) ;
#8284 = ADVANCED_FACE ( 'NONE', ( #3400 ), #5239, .T. ) ;
#8285 = FACE_BOUND ( 'NONE', #5516, .T. ) ;
#8286 = AXIS2_PLACEMENT_3D ( 'NONE', #8557, #7862, #5310 ) ;
#8287 = ORIENTED_EDGE ( 'NONE', *, *, #107, .T. ) ;
#8288 = AXIS2_PLACEMENT_3D ( 'NONE', #4456, #2763, #2608 ) ;
#8289 = ORIENTED_EDGE ( 'NONE', *, *, #9735, .T. ) ;
#8290 = CARTESIAN_POINT ( 'NONE',  ( 0.6290882815952777429, 65.81536123913470249, 3.259598359881858087 ) ) ;
#8291 = EDGE_CURVE ( 'NONE', #6806, #949, #881, .T. ) ;
#8292 = EDGE_LOOP ( 'NONE', ( #7945, #7325, #402, #5200 ) ) ;
#8293 = DIRECTION ( 'NONE',  ( 0.000000000000000000, 1.000000000000000000, 0.000000000000000000 ) ) ;
#8294 = CARTESIAN_POINT ( 'NONE',  ( 0.000000000000000000, 57.53491604948001736, 9.729804593820427172 ) ) ;
#8295 = AXIS2_PLACEMENT_3D ( 'NONE', #4306, #7534, #3401 ) ;
#8296 = DIRECTION ( 'NONE',  ( -0.000000000000000000, -0.000000000000000000, 1.000000000000000000 ) ) ;
#8297 = CARTESIAN_POINT ( 'NONE',  ( 5.000000000000000000, 59.13591604948001645, -4.412331029910525615 ) ) ;
#8298 = EDGE_CURVE ( 'NONE', #1228, #8499, #7780, .T. ) ;
#8299 = CARTESIAN_POINT ( 'NONE',  ( -0.3193930081536246468, 63.43591604948001361, 8.418130813361818454 ) ) ;
#8300 = AXIS2_PLACEMENT_3D ( 'NONE', #9988, #8773, #5427 ) ;
#8301 = EDGE_CURVE ( 'NONE', #940, #9003, #2877, .T. ) ;
#8302 = VERTEX_POINT ( 'NONE', #307 ) ;
#8303 = DIRECTION ( 'NONE',  ( 0.7071067811865550112, 0.000000000000000000, -0.7071067811865400232 ) ) ;
#8304 = ORIENTED_EDGE ( 'NONE', *, *, #7963, .F. ) ;
#8305 = ADVANCED_FACE ( 'NONE', ( #8328 ), #10071, .F. ) ;
#8306 = DIRECTION ( 'NONE',  ( 0.000000000000000000, 1.000000000000000000, 0.000000000000000000 ) ) ;
#8307 = CIRCLE ( 'NONE', #6284, 1.000000000000000888 ) ;
#8308 = LINE ( 'NONE', #1064, #7146 ) ;
#8309 = LINE ( 'NONE', #5864, #279 ) ;
#8310 = DIRECTION ( 'NONE',  ( 0.000000000000000000, -1.000000000000000000, 0.000000000000000000 ) ) ;
#8311 = LINE ( 'NONE', #1169, #8733 ) ;
#8312 = ADVANCED_FACE ( 'NONE', ( #8275 ), #8436, .F. ) ;
#8313 = CARTESIAN_POINT ( 'NONE',  ( 9.429536362012299833, 65.49763481645530305, 9.184346688042552387 ) ) ;
#8314 = FACE_OUTER_BOUND ( 'NONE', #7416, .T. ) ;
#8315 = AXIS2_PLACEMENT_3D ( 'NONE', #5519, #7058, #715 ) ;
#8316 = ORIENTED_EDGE ( 'NONE', *, *, #6941, .F. ) ;
#8317 = DIRECTION ( 'NONE',  ( -0.000000000000000000, -1.000000000000000000, -0.000000000000000000 ) ) ;
#8318 = ORIENTED_EDGE ( 'NONE', *, *, #4642, .T. ) ;
#8319 = LINE ( 'NONE', #7413, #6335 ) ;
#8320 = CARTESIAN_POINT ( 'NONE',  ( 0.000000000000000000, 39.23591604948001077, 9.729804593820427172 ) ) ;
#8321 = ORIENTED_EDGE ( 'NONE', *, *, #10162, .T. ) ;
#8322 = VERTEX_POINT ( 'NONE', #3506 ) ;
#8323 = DIRECTION ( 'NONE',  ( 0.000000000000000000, 1.000000000000000000, 0.000000000000000000 ) ) ;
#8324 = ADVANCED_FACE ( 'NONE', ( #4305 ), #5884, .T. ) ;
#8325 = ORIENTED_EDGE ( 'NONE', *, *, #10326, .F. ) ;
#8326 = DIRECTION ( 'NONE',  ( 0.2670038758024720349, 0.000000000000000000, -0.9636954551654055567 ) ) ;
#8327 = ORIENTED_EDGE ( 'NONE', *, *, #9278, .F. ) ;
#8328 = FACE_OUTER_BOUND ( 'NONE', #2457, .T. ) ;
#8329 = CIRCLE ( 'NONE', #3768, 1.000000000000000888 ) ;
#8330 = CARTESIAN_POINT ( 'NONE',  ( -0.5999999999999999778, 57.53491604948001736, -4.470195406179566788 ) ) ;
#8331 = CARTESIAN_POINT ( 'NONE',  ( 0.000000000000000000, 74.83591604948000509, 8.429804593820426462 ) ) ;
#8332 = ORIENTED_EDGE ( 'NONE', *, *, #6750, .T. ) ;
#8333 = FACE_OUTER_BOUND ( 'NONE', #8064, .T. ) ;
#8334 = ORIENTED_EDGE ( 'NONE', *, *, #3873, .F. ) ;
#8335 = CARTESIAN_POINT ( 'NONE',  ( -6.438285462308806828, 66.11845136190498806, 8.834691781472900018 ) ) ;
#8336 = DIRECTION ( 'NONE',  ( 0.000000000000000000, 0.000000000000000000, 1.000000000000000000 ) ) ;
#8337 = EDGE_CURVE ( 'NONE', #5511, #9424, #9914, .T. ) ;
#8338 = AXIS2_PLACEMENT_3D ( 'NONE', #2223, #8789, #5444 ) ;
#8339 = ORIENTED_EDGE ( 'NONE', *, *, #8095, .F. ) ;
#8340 = EDGE_LOOP ( 'NONE', ( #6790, #8155, #4182, #3519 ) ) ;
#8341 = AXIS2_PLACEMENT_3D ( 'NONE', #850, #3268, #6511 ) ;
#8342 = DIRECTION ( 'NONE',  ( 0.000000000000000000, 0.000000000000000000, -1.000000000000000000 ) ) ;
#8343 = EDGE_LOOP ( 'NONE', ( #6997, #552, #9749, #7859, #9949, #5482, #6099 ) ) ;
#8344 = DIRECTION ( 'NONE',  ( 0.000000000000000000, 0.000000000000000000, 1.000000000000000000 ) ) ;
#8345 = CARTESIAN_POINT ( 'NONE',  ( 1.169753583430825472, 66.31325979663112946, 0.3573410474715743024 ) ) ;
#8346 = DIRECTION ( 'NONE',  ( -0.06021147382357448091, 0.000000000000000000, -0.9981856432648151811 ) ) ;
#8347 = DIRECTION ( 'NONE',  ( 0.000000000000000000, 0.000000000000000000, -1.000000000000000000 ) ) ;
#8348 = CARTESIAN_POINT ( 'NONE',  ( -1.000000000000101918, 39.23591604948001077, 23.69404463758936785 ) ) ;
#8349 = AXIS2_PLACEMENT_3D ( 'NONE', #5385, #1385, #4600 ) ;
#8350 = VECTOR ( 'NONE', #6131, 1000.000000000000000 ) ;
#8351 = ADVANCED_FACE ( 'NONE', ( #9075 ), #4406, .T. ) ;
#8352 = ORIENTED_EDGE ( 'NONE', *, *, #4735, .F. ) ;
#8353 = VECTOR ( 'NONE', #6718, 1000.000000000000000 ) ;
#8354 = DIRECTION ( 'NONE',  ( 0.000000000000000000, 0.000000000000000000, 1.000000000000000000 ) ) ;
#8355 = AXIS2_PLACEMENT_3D ( 'NONE', #4595, #3901, #8624 ) ;
#8356 = ORIENTED_EDGE ( 'NONE', *, *, #3000, .T. ) ;
#8357 = ADVANCED_FACE ( 'NONE', ( #7685 ), #367, .F. ) ;
#8358 = FACE_OUTER_BOUND ( 'NONE', #3434, .T. ) ;
#8359 = DIRECTION ( 'NONE',  ( 0.000000000000000000, 0.000000000000000000, -1.000000000000000000 ) ) ;
#8360 = AXIS2_PLACEMENT_3D ( 'NONE', #2038, #8503, #7700 ) ;
#8361 = CARTESIAN_POINT ( 'NONE',  ( 0.000000000000000000, 63.43591604948001361, 9.729804593820427172 ) ) ;
#8362 = CYLINDRICAL_SURFACE ( 'NONE', #8430, 2.750000000000000888 ) ;
#8363 = CARTESIAN_POINT ( 'NONE',  ( -1.449999999999999512, 59.14591604948001446, -7.770195406179568387 ) ) ;
#8364 = CARTESIAN_POINT ( 'NONE',  ( 9.400666270519838719, 65.80963982051454764, 8.814023178158603145 ) ) ;
#8365 = VECTOR ( 'NONE', #4897, 1000.000000000000000 ) ;
#8366 = EDGE_CURVE ( 'NONE', #5248, #6631, #9643, .T. ) ;
#8367 = EDGE_CURVE ( 'NONE', #5462, #2056, #7612, .T. ) ;
#8368 = CARTESIAN_POINT ( 'NONE',  ( -7.838725536382120218, 37.23994810002849221, 18.98274369257551797 ) ) ;
#8369 = AXIS2_PLACEMENT_3D ( 'NONE', #3022, #557, #3071 ) ;
#8370 = CIRCLE ( 'NONE', #8029, 4.200000000000000178 ) ;
#8371 = ORIENTED_EDGE ( 'NONE', *, *, #5287, .T. ) ;
#8372 = CARTESIAN_POINT ( 'NONE',  ( 1.600000000000000533, 57.53491604948001736, -7.270195406179567499 ) ) ;
#8373 = EDGE_CURVE ( 'NONE', #6306, #8179, #1812, .T. ) ;
#8374 = FACE_OUTER_BOUND ( 'NONE', #10, .T. ) ;
#8375 = ORIENTED_EDGE ( 'NONE', *, *, #1752, .F. ) ;
#8376 = DIRECTION ( 'NONE',  ( -0.000000000000000000, 1.000000000000000000, -0.000000000000000000 ) ) ;
#8377 = CARTESIAN_POINT ( 'NONE',  ( 6.418673928468390244, 66.63591604948001645, 10.75480459382050746 ) ) ;
#8378 = ORIENTED_EDGE ( 'NONE', *, *, #2240, .T. ) ;
#8379 = AXIS2_PLACEMENT_3D ( 'NONE', #7847, #6959, #10383 ) ;
#8380 = ORIENTED_EDGE ( 'NONE', *, *, #4352, .F. ) ;
#8381 = DIRECTION ( 'NONE',  ( 0.000000000000000000, 0.000000000000000000, -1.000000000000000000 ) ) ;
#8382 = EDGE_LOOP ( 'NONE', ( #9466, #7375, #5073, #8845 ) ) ;
#8383 = AXIS2_PLACEMENT_3D ( 'NONE', #3235, #3393, #6527 ) ;
#8384 = CARTESIAN_POINT ( 'NONE',  ( 0.000000000000000000, 63.13591604948001645, -4.070195406179572650 ) ) ;
#8385 = ORIENTED_EDGE ( 'NONE', *, *, #853, .F. ) ;
#8386 = CARTESIAN_POINT ( 'NONE',  ( -8.511591571920719801, 37.54475081683083459, 19.65560972811407936 ) ) ;
#8387 = FACE_BOUND ( 'NONE', #7593, .T. ) ;
#8388 = LINE ( 'NONE', #405, #7314 ) ;
#8389 = LINE ( 'NONE', #1143, #6856 ) ;
#8390 = ORIENTED_EDGE ( 'NONE', *, *, #9921, .T. ) ;
#8392 = AXIS2_PLACEMENT_3D ( 'NONE', #2922, #7242, #3912 ) ;
#8391 = CARTESIAN_POINT ( 'NONE',  ( -0.9635122298324281243, 65.87345974613975841, 19.12562544524345043 ) ) ;
#8393 = EDGE_LOOP ( 'NONE', ( #3513, #3124, #833, #8803, #6043, #4892, #1178, #6323, #582, #9376, #7844, #5667, #10035, #834, #3023, #922, #733, #1818, #1286, #9453, #4355, #4498, #7366, #7224, #6851 ) ) ;
#8394 = AXIS2_PLACEMENT_3D ( 'NONE', #1900, #7404, #9219 ) ;
#8395 = FACE_OUTER_BOUND ( 'NONE', #6147, .T. ) ;
#8396 = DIRECTION ( 'NONE',  ( 0.000000000000000000, 0.000000000000000000, 1.000000000000000000 ) ) ;
#8397 = ORIENTED_EDGE ( 'NONE', *, *, #5707, .F. ) ;
#8398 = ORIENTED_EDGE ( 'NONE', *, *, #7854, .F. ) ;
#8399 = CARTESIAN_POINT ( 'NONE',  ( -3.399999999999999467, 59.14591604948001446, -7.770195406179568387 ) ) ;
#8400 = ORIENTED_EDGE ( 'NONE', *, *, #7304, .T. ) ;
#8401 = LINE ( 'NONE', #10087, #7850 ) ;
#8402 = FACE_OUTER_BOUND ( 'NONE', #5334, .T. ) ;
#8403 = EDGE_CURVE ( 'NONE', #8007, #2814, #2573, .T. ) ;
#8404 = CARTESIAN_POINT ( 'NONE',  ( -0.2436918121557152261, 63.83591604948001219, 8.332265935790436728 ) ) ;
#8405 = EDGE_LOOP ( 'NONE', ( #8385, #4469, #5730, #8922, #2371, #1149, #3395 ) ) ;
#8406 = CARTESIAN_POINT ( 'NONE',  ( 0.000000000000000000, 39.23591604948001077, 9.729804593820427172 ) ) ;
#8407 = CARTESIAN_POINT ( 'NONE',  ( 0.9999999999999000799, 39.73591604948001077, 23.69404463758936785 ) ) ;
#8408 = ORIENTED_EDGE ( 'NONE', *, *, #5059, .T. ) ;
#8409 = DIRECTION ( 'NONE',  ( 0.000000000000000000, 1.000000000000000000, 0.000000000000000000 ) ) ;
#8410 = ORIENTED_EDGE ( 'NONE', *, *, #1804, .F. ) ;
#8411 = CARTESIAN_POINT ( 'NONE',  ( 0.000000000000000000, 61.58591604948001219, -3.170195406179573183 ) ) ;
#8412 = CARTESIAN_POINT ( 'NONE',  ( -1.000000000000000000, 37.23724115402391988, -2.313116269000733638 ) ) ;
#8413 = FACE_OUTER_BOUND ( 'NONE', #9805, .T. ) ;
#8414 = EDGE_CURVE ( 'NONE', #5522, #519, #8669, .T. ) ;
#8415 = DIRECTION ( 'NONE',  ( 0.000000000000000000, 0.000000000000000000, 1.000000000000000000 ) ) ;
#8416 = DIRECTION ( 'NONE',  ( -0.000000000000000000, -1.000000000000000000, -0.000000000000000000 ) ) ;
#8417 = VECTOR ( 'NONE', #692, 1000.000000000000000 ) ;
#8418 = CARTESIAN_POINT ( 'NONE',  ( 9.415919825272863974, 65.63256925310808754, 8.986357103711368310 ) ) ;
#8419 = AXIS2_PLACEMENT_3D ( 'NONE', #2233, #7150, #4021 ) ;
#8420 = LINE ( 'NONE', #9164, #3968 ) ;
#8421 = EDGE_CURVE ( 'NONE', #5430, #979, #4401, .T. ) ;
#8422 = EDGE_LOOP ( 'NONE', ( #8128, #7965, #2656, #901, #431, #3679, #7244, #4521, #9745, #6379, #5936, #6339, #2093, #1908, #4810, #3736, #9176, #2399, #10192, #4825 ) ) ;
#8423 = DIRECTION ( 'NONE',  ( 0.000000000000000000, -1.000000000000000000, 0.000000000000000000 ) ) ;
#8424 = DIRECTION ( 'NONE',  ( 0.000000000000000000, 0.000000000000000000, -1.000000000000000000 ) ) ;
#8425 = DIRECTION ( 'NONE',  ( 0.000000000000000000, 1.000000000000000000, 0.000000000000000000 ) ) ;
#8426 = EDGE_CURVE ( 'NONE', #6723, #6631, #709, .T. ) ;
#8427 = DIRECTION ( 'NONE',  ( -0.000000000000000000, -1.000000000000000000, -0.000000000000000000 ) ) ;
#8428 = EDGE_LOOP ( 'NONE', ( #7998, #8531, #1309, #10031 ) ) ;
#8429 = VERTEX_POINT ( 'NONE', #1401 ) ;
#8430 = AXIS2_PLACEMENT_3D ( 'NONE', #1952, #1324, #8415 ) ;
#8431 = DIRECTION ( 'NONE',  ( 0.000000000000000000, 0.000000000000000000, 1.000000000000000000 ) ) ;
#8432 = EDGE_CURVE ( 'NONE', #8150, #10026, #1502, .T. ) ;
#8433 = ORIENTED_EDGE ( 'NONE', *, *, #2918, .T. ) ;
#8434 = EDGE_CURVE ( 'NONE', #9617, #1565, #9396, .T. ) ;
#8435 = ORIENTED_EDGE ( 'NONE', *, *, #7712, .F. ) ;
#8436 = CYLINDRICAL_SURFACE ( 'NONE', #7946, 0.8000000000000003775 ) ;
#8437 = CARTESIAN_POINT ( 'NONE',  ( -0.7444923186752778754, 67.63837293545215346, 0.3139680106673979898 ) ) ;
#8438 = FACE_OUTER_BOUND ( 'NONE', #7585, .T. ) ;
#8439 = DIRECTION ( 'NONE',  ( 0.000000000000000000, 1.000000000000000000, 0.000000000000000000 ) ) ;
#8440 = ORIENTED_EDGE ( 'NONE', *, *, #4836, .T. ) ;
#8441 = DIRECTION ( 'NONE',  ( 0.000000000000000000, -1.000000000000000000, 0.000000000000000000 ) ) ;
#8442 = VERTEX_POINT ( 'NONE', #9548 ) ;
#8443 = DIRECTION ( 'NONE',  ( 0.000000000000000000, 1.000000000000000000, 0.000000000000000000 ) ) ;
#8444 = CARTESIAN_POINT ( 'NONE',  ( 1.836970198721030920E-16, 59.23591604948001788, 11.22980459382042717 ) ) ;
#8445 = ORIENTED_EDGE ( 'NONE', *, *, #6741, .F. ) ;
#8446 = ORIENTED_EDGE ( 'NONE', *, *, #3552, .F. ) ;
#8447 = DIRECTION ( 'NONE',  ( 0.000000000000000000, 1.000000000000000000, 0.000000000000000000 ) ) ;
#8448 = VECTOR ( 'NONE', #1190, 1000.000000000000000 ) ;
#8449 = ORIENTED_EDGE ( 'NONE', *, *, #2153, .T. ) ;
#8450 = DIRECTION ( 'NONE',  ( 0.000000000000000000, 0.000000000000000000, 1.000000000000000000 ) ) ;
#8451 = VECTOR ( 'NONE', #6699, 1000.000000000000000 ) ;
#8452 = DIRECTION ( 'NONE',  ( 0.000000000000000000, -1.000000000000000000, 0.000000000000000000 ) ) ;
#8453 = CARTESIAN_POINT ( 'NONE',  ( -3.700000000000000178, 59.13591604948001645, -8.270195406179569275 ) ) ;
#8454 = VERTEX_POINT ( 'NONE', #10280 ) ;
#8455 = LINE ( 'NONE', #8613, #3210 ) ;
#8456 = DIRECTION ( 'NONE',  ( 0.000000000000000000, -1.000000000000000000, 0.000000000000000000 ) ) ;
#8457 = AXIS2_PLACEMENT_3D ( 'NONE', #7232, #7034, #4 ) ;
#8458 = AXIS2_PLACEMENT_3D ( 'NONE', #9638, #2380, #6459 ) ;
#8459 = ORIENTED_EDGE ( 'NONE', *, *, #4000, .T. ) ;
#8460 = EDGE_CURVE ( 'NONE', #2780, #7699, #2131, .T. ) ;
#8461 = DIRECTION ( 'NONE',  ( 0.000000000000000000, 0.000000000000000000, 1.000000000000000000 ) ) ;
#8462 = VERTEX_POINT ( 'NONE', #3026 ) ;
#8463 = VECTOR ( 'NONE', #9873, 1000.000000000000000 ) ;
#8464 = DIRECTION ( 'NONE',  ( 0.000000000000000000, -1.000000000000000000, 0.000000000000000000 ) ) ;
#8465 = CARTESIAN_POINT ( 'NONE',  ( -7.701886556600430644, 39.73591604948001077, 11.00295094165453946 ) ) ;
#8466 = CARTESIAN_POINT ( 'NONE',  ( 8.391694066586799394, 38.53591604948001503, 10.72980459382044316 ) ) ;
#8467 = DIRECTION ( 'NONE',  ( 0.000000000000000000, 0.000000000000000000, 1.000000000000000000 ) ) ;
#8468 = CIRCLE ( 'NONE', #7435, 1.000000000000000000 ) ;
#8469 = CARTESIAN_POINT ( 'NONE',  ( 9.415874074367449609, 65.63306002322447341, 10.47383187720168429 ) ) ;
#8470 = CARTESIAN_POINT ( 'NONE',  ( -0.8207147697846234324, 67.26484195427465806, 16.17850923809505304 ) ) ;
#8471 = ORIENTED_EDGE ( 'NONE', *, *, #1002, .F. ) ;
#8472 = EDGE_CURVE ( 'NONE', #9613, #3825, #3826, .T. ) ;
#8473 = VECTOR ( 'NONE', #9361, 1000.000000000000000 ) ;
#8474 = LINE ( 'NONE', #8581, #739 ) ;
#8475 = CARTESIAN_POINT ( 'NONE',  ( -9.368633929408799688, 66.63591604948001645, 8.531170664411565241 ) ) ;
#8476 = LINE ( 'NONE', #10224, #5305 ) ;
#8477 = SHAPE_DEFINITION_REPRESENTATION ( #5910, #5717 ) ;
#8478 = CARTESIAN_POINT ( 'NONE',  ( 6.438336120396230378, 67.15402032102767294, 8.835049708515203548 ) ) ;
#8479 = ORIENTED_EDGE ( 'NONE', *, *, #8567, .T. ) ;
#8480 = ORIENTED_EDGE ( 'NONE', *, *, #2522, .T. ) ;
#8481 = AXIS2_PLACEMENT_3D ( 'NONE', #2825, #5893, #5096 ) ;
#8482 = CARTESIAN_POINT ( 'NONE',  ( -9.445000000000000284, 66.63591604948001645, 8.704804593820377079 ) ) ;
#8483 = ORIENTED_EDGE ( 'NONE', *, *, #7907, .F. ) ;
#8484 = EDGE_CURVE ( 'NONE', #3991, #6494, #2217, .T. ) ;
#8485 = EDGE_LOOP ( 'NONE', ( #6199, #8929, #7305, #6002, #3439, #1811, #3343, #6807, #4245, #9329, #2868, #4184, #2737, #9263, #3042, #9665, #5794, #6507, #7313, #4503 ) ) ;
#8486 = CARTESIAN_POINT ( 'NONE',  ( -9.001120464393222775, 38.26307533229328328, 20.14513862058657878 ) ) ;
#8487 = CARTESIAN_POINT ( 'NONE',  ( -1.083267536702257061, 67.18712575399851517, 0.3470864785580573542 ) ) ;
#8488 = EDGE_CURVE ( 'NONE', #2434, #1189, #9989, .T. ) ;
#8489 = DIRECTION ( 'NONE',  ( 0.000000000000000000, 1.000000000000000000, 0.000000000000000000 ) ) ;
#8490 = CARTESIAN_POINT ( 'NONE',  ( 0.000000000000000000, 59.33591604948000509, -4.270195406179573716 ) ) ;
#8491 = EDGE_LOOP ( 'NONE', ( #755, #2771, #7629, #3403 ) ) ;
#8492 = CARTESIAN_POINT ( 'NONE',  ( 0.000000000000000000, 39.73591604948001077, 9.729804593820427172 ) ) ;
#8493 = VERTEX_POINT ( 'NONE', #4564 ) ;
#8494 = ADVANCED_FACE ( 'NONE', ( #4510 ), #3057, .F. ) ;
#8495 = CARTESIAN_POINT ( 'NONE',  ( 5.000000000000000000, 59.13591604948001645, -4.412331029910525615 ) ) ;
#8496 = LINE ( 'NONE', #3671, #6152 ) ;
#8497 = ADVANCED_FACE ( 'NONE', ( #6312 ), #6899, .F. ) ;
#8498 = ORIENTED_EDGE ( 'NONE', *, *, #2666, .T. ) ;
#8499 = VERTEX_POINT ( 'NONE', #2184 ) ;
#8500 = FACE_OUTER_BOUND ( 'NONE', #723, .T. ) ;
#8501 = EDGE_CURVE ( 'NONE', #7548, #6925, #9820, .T. ) ;
#8502 = ORIENTED_EDGE ( 'NONE', *, *, #9073, .F. ) ;
#8503 = DIRECTION ( 'NONE',  ( -0.000000000000000000, -1.000000000000000000, -0.000000000000000000 ) ) ;
#8504 = ORIENTED_EDGE ( 'NONE', *, *, #3703, .F. ) ;
#8505 = CARTESIAN_POINT ( 'NONE',  ( -1.000000000000000000, 39.73591604948001077, -2.355827371451393315 ) ) ;
#8506 = ORIENTED_EDGE ( 'NONE', *, *, #9534, .T. ) ;
#8507 = CIRCLE ( 'NONE', #6815, 0.9999999999999991118 ) ;
#8508 = CARTESIAN_POINT ( 'NONE',  ( 4.898587196589410857E-16, 59.13591604948001645, 5.729804593820426284 ) ) ;
#8509 = CARTESIAN_POINT ( 'NONE',  ( -0.9999999999999986677, 38.38139982538924500, 23.50611502509689998 ) ) ;
#8510 = AXIS2_PLACEMENT_3D ( 'NONE', #232, #855, #3272 ) ;
#8511 = CIRCLE ( 'NONE', #1583, 1.000000000000000000 ) ;
#8512 = VERTEX_POINT ( 'NONE', #8542 ) ;
#8513 = CARTESIAN_POINT ( 'NONE',  ( 0.000000000000000000, 63.83591604948001219, 11.12980459382042753 ) ) ;
#8514 = LINE ( 'NONE', #7924, #2167 ) ;
#8515 = DIRECTION ( 'NONE',  ( 0.000000000000000000, -1.000000000000000000, 0.000000000000000000 ) ) ;
#8516 = AXIS2_PLACEMENT_3D ( 'NONE', #8548, #1455, #5461 ) ;
#8517 = CARTESIAN_POINT ( 'NONE',  ( 6.499999433794410031, 41.23591604948001788, 9.733810752080316320 ) ) ;
#8518 = DIRECTION ( 'NONE',  ( 0.000000000000000000, 0.000000000000000000, 1.000000000000000000 ) ) ;
#8519 = CARTESIAN_POINT ( 'NONE',  ( 0.7549220094246890111, 63.43591604948001361, 7.903391476746667088 ) ) ;
#8521 = DIRECTION ( 'NONE',  ( 0.000000000000000000, 0.000000000000000000, 1.000000000000000000 ) ) ;
#8520 = AXIS2_PLACEMENT_3D ( 'NONE', #3279, #4967, #5609 ) ;
#8522 = CARTESIAN_POINT ( 'NONE',  ( 0.000000000000000000, 59.14591604948001446, 9.729804593820427172 ) ) ;
#8523 = DIRECTION ( 'NONE',  ( -0.000000000000000000, 1.000000000000000000, -0.000000000000000000 ) ) ;
#8524 = ORIENTED_EDGE ( 'NONE', *, *, #4328, .F. ) ;
#8525 = AXIS2_PLACEMENT_3D ( 'NONE', #1536, #4749, #4800 ) ;
#8526 = VECTOR ( 'NONE', #5005, 1000.000000000000000 ) ;
#8527 = CARTESIAN_POINT ( 'NONE',  ( -4.031128874149265684, 53.73541098609166511, 11.72980459382045026 ) ) ;
#8528 = CARTESIAN_POINT ( 'NONE',  ( 1.397593656271338025, 38.53591604948001503, -1.557637796829273391 ) ) ;
#8529 = CARTESIAN_POINT ( 'NONE',  ( 7.703805109207739754, 39.73591604948001077, 11.00398865136948956 ) ) ;
#8530 = CARTESIAN_POINT ( 'NONE',  ( 8.383203968001071260, 39.73591604948001077, 7.729804593820426284 ) ) ;
#8531 = ORIENTED_EDGE ( 'NONE', *, *, #7293, .F. ) ;
#8532 = ADVANCED_FACE ( 'NONE', ( #10234 ), #6213, .F. ) ;
#8533 = FACE_OUTER_BOUND ( 'NONE', #1209, .T. ) ;
#8534 = ORIENTED_EDGE ( 'NONE', *, *, #8100, .F. ) ;
#8535 = AXIS2_PLACEMENT_3D ( 'NONE', #450, #7527, #4349 ) ;
#8536 = AXIS2_PLACEMENT_3D ( 'NONE', #3600, #192, #9229 ) ;
#8537 = CARTESIAN_POINT ( 'NONE',  ( 2.100000000000000089, 43.73591604948001077, 20.17070972699732678 ) ) ;
#8538 = EDGE_LOOP ( 'NONE', ( #7265, #4189, #9968, #8268 ) ) ;
#8539 = VERTEX_POINT ( 'NONE', #6557 ) ;
#8540 = AXIS2_PLACEMENT_3D ( 'NONE', #809, #5177, #3651 ) ;
#8541 = AXIS2_PLACEMENT_3D ( 'NONE', #10319, #4551, #1277 ) ;
#8542 = CARTESIAN_POINT ( 'NONE',  ( 0.000000000000000000, 56.83591604948001930, 12.47980459382042717 ) ) ;
#8543 = CARTESIAN_POINT ( 'NONE',  ( 0.000000000000000000, 63.13591604948001645, 9.729804593820427172 ) ) ;
#8544 = FACE_OUTER_BOUND ( 'NONE', #4975, .T. ) ;
#8545 = DIRECTION ( 'NONE',  ( 1.015447888376667621E-14, 0.000000000000000000, -1.000000000000000000 ) ) ;
#8546 = ORIENTED_EDGE ( 'NONE', *, *, #7367, .F. ) ;
#8547 = EDGE_CURVE ( 'NONE', #5580, #6767, #7445, .T. ) ;
#8548 = CARTESIAN_POINT ( 'NONE',  ( 2.269462866248204551E-14, 66.63591604948001645, 0.5348045938204266658 ) ) ;
#8549 = ORIENTED_EDGE ( 'NONE', *, *, #8755, .T. ) ;
#8550 = CARTESIAN_POINT ( 'NONE',  ( -1.397593656271259865, 36.84381467316708836, -1.557637796829313137 ) ) ;
#8552 = AXIS2_PLACEMENT_3D ( 'NONE', #2505, #5729, #8868 ) ;
#8551 = CARTESIAN_POINT ( 'NONE',  ( 0.000000000000000000, 61.63591604948001645, 15.97980459382042717 ) ) ;
#8553 = EDGE_CURVE ( 'NONE', #6723, #10290, #204, .T. ) ;
#8554 = ORIENTED_EDGE ( 'NONE', *, *, #4233, .T. ) ;
#8555 = VERTEX_POINT ( 'NONE', #8250 ) ;
#8556 = CARTESIAN_POINT ( 'NONE',  ( 11.28744239064974053, 36.84381467316708836, 11.12739825009180095 ) ) ;
#8557 = CARTESIAN_POINT ( 'NONE',  ( 0.000000000000000000, 59.23591604948001077, 9.729804593820427172 ) ) ;
#8558 = EDGE_LOOP ( 'NONE', ( #2193, #6108, #382, #2019, #8983, #7848 ) ) ;
#8559 = CARTESIAN_POINT ( 'NONE',  ( 0.000000000000000000, 38.53591604948001503, 9.729804593820427172 ) ) ;
#8560 = ORIENTED_EDGE ( 'NONE', *, *, #1603, .F. ) ;
#8561 = AXIS2_PLACEMENT_3D ( 'NONE', #1710, #8854, #1555 ) ;
#8562 = EDGE_CURVE ( 'NONE', #5313, #1454, #7495, .T. ) ;
#8563 = DIRECTION ( 'NONE',  ( 0.000000000000000000, 0.000000000000000000, -1.000000000000000000 ) ) ;
#8564 = ORIENTED_EDGE ( 'NONE', *, *, #4602, .F. ) ;
#8565 = CARTESIAN_POINT ( 'NONE',  ( -0.8208527100761502382, 66.00727877980364156, 16.17848624591566065 ) ) ;
#8566 = DIRECTION ( 'NONE',  ( 0.000000000000000000, 0.000000000000000000, 1.000000000000000000 ) ) ;
#8567 = EDGE_CURVE ( 'NONE', #2841, #5690, #3476, .T. ) ;
#8568 = ORIENTED_EDGE ( 'NONE', *, *, #9784, .T. ) ;
#8569 = DIRECTION ( 'NONE',  ( 0.000000000000000000, 0.000000000000000000, 1.000000000000000000 ) ) ;
#8570 = EDGE_CURVE ( 'NONE', #7003, #3389, #9151, .T. ) ;
#8571 = ORIENTED_EDGE ( 'NONE', *, *, #5163, .T. ) ;
#8572 = EDGE_LOOP ( 'NONE', ( #3086, #6385, #9443, #5459 ) ) ;
#8573 = CARTESIAN_POINT ( 'NONE',  ( -4.031128874149245256, 41.03591604948000793, 10.72980459382045026 ) ) ;
#8574 = CARTESIAN_POINT ( 'NONE',  ( -0.2917801380881104301, 63.43591604948001361, 7.482460279846669060 ) ) ;
#8575 = CARTESIAN_POINT ( 'NONE',  ( 9.372470997114023206, 66.95887574208830983, 8.560105300394933892 ) ) ;
#8576 = CARTESIAN_POINT ( 'NONE',  ( 9.194344714453318801, 37.23591604948001077, 17.50604206655296835 ) ) ;
#8577 = CARTESIAN_POINT ( 'NONE',  ( -0.4499999999999994560, 59.13591604948001645, -4.470195406179568565 ) ) ;
#8578 = CARTESIAN_POINT ( 'NONE',  ( 0.000000000000000000, 59.13591604948001645, 6.229804593820427172 ) ) ;
#8579 = CARTESIAN_POINT ( 'NONE',  ( -4.666666666666666963, 59.13591604948001645, -3.469521988328462037 ) ) ;
#8580 = ORIENTED_EDGE ( 'NONE', *, *, #9287, .F. ) ;
#8581 = CARTESIAN_POINT ( 'NONE',  ( 1.025000000000016120, 66.63591604948001645, 0.2848045938204264438 ) ) ;
#8582 = DIRECTION ( 'NONE',  ( -0.1129614320333118122, 0.000000000000000000, 0.9935993734262231758 ) ) ;
#8583 = DIRECTION ( 'NONE',  ( 0.000000000000000000, 0.000000000000000000, 1.000000000000000000 ) ) ;
#8584 = CARTESIAN_POINT ( 'NONE',  ( 9.252939098755160074, 50.29182918005297154, 1.891079057438386002 ) ) ;
#8585 = ORIENTED_EDGE ( 'NONE', *, *, #9193, .F. ) ;
#8586 = AXIS2_PLACEMENT_3D ( 'NONE', #9936, #5215, #9156 ) ;
#8587 = CARTESIAN_POINT ( 'NONE',  ( 0.000000000000000000, 69.13591604948000224, 0.4848045938204270100 ) ) ;
#8588 = ORIENTED_EDGE ( 'NONE', *, *, #5520, .T. ) ;
#8589 = CARTESIAN_POINT ( 'NONE',  ( -3.399999999999999467, 59.13591604948001645, -7.770195406179568387 ) ) ;
#8590 = CIRCLE ( 'NONE', #9098, 1.000000000000000000 ) ;
#8591 = VERTEX_POINT ( 'NONE', #1058 ) ;
#8592 = VECTOR ( 'NONE', #7411, 1000.000000000000000 ) ;
#8593 = EDGE_CURVE ( 'NONE', #9954, #3331, #8993, .T. ) ;
#8594 = VERTEX_POINT ( 'NONE', #2572 ) ;
#8595 = DIRECTION ( 'NONE',  ( 0.000000000000000000, 1.000000000000000000, 0.000000000000000000 ) ) ;
#8596 = CARTESIAN_POINT ( 'NONE',  ( -0.7071067811865210384, 39.73591604948001077, 10.43691137500693600 ) ) ;
#8597 = CARTESIAN_POINT ( 'NONE',  ( -1.198633929411949905, 66.63591604947636426, 0.3611706644118181653 ) ) ;
#8598 = ORIENTED_EDGE ( 'NONE', *, *, #470, .T. ) ;
#8599 = FACE_OUTER_BOUND ( 'NONE', #4714, .T. ) ;
#8600 = ORIENTED_EDGE ( 'NONE', *, *, #6296, .F. ) ;
#8601 = DIRECTION ( 'NONE',  ( -0.000000000000000000, 1.000000000000000000, -0.000000000000000000 ) ) ;
#8602 = APPROVAL_DATE_TIME ( #8760, #6778 ) ;
#8603 = VERTEX_POINT ( 'NONE', #4055 ) ;
#8604 = EDGE_CURVE ( 'NONE', #9251, #4365, #63, .T. ) ;
#8605 = VERTEX_POINT ( 'NONE', #8299 ) ;
#8606 = DIRECTION ( 'NONE',  ( 0.000000000000000000, 0.000000000000000000, 1.000000000000000000 ) ) ;
#8607 = EDGE_LOOP ( 'NONE', ( #8871, #5124, #3137, #1894 ) ) ;
#8608 = CARTESIAN_POINT ( 'NONE',  ( -1.008233917515684031, 37.23591604948001077, -2.227764739767854607 ) ) ;
#8609 = EDGE_LOOP ( 'NONE', ( #3031, #6102 ) ) ;
#8610 = EDGE_CURVE ( 'NONE', #8539, #1405, #1869, .T. ) ;
#8611 = CARTESIAN_POINT ( 'NONE',  ( -9.960045879941620939, 37.23591604948001077, 2.598185838624806898 ) ) ;
#8612 = VERTEX_POINT ( 'NONE', #1734 ) ;
#8613 = CARTESIAN_POINT ( 'NONE',  ( 11.28744239064974053, 36.84381467316708836, 8.332210937549167085 ) ) ;
#8614 = AXIS2_PLACEMENT_3D ( 'NONE', #4167, #3524, #4324 ) ;
#8615 = FACE_OUTER_BOUND ( 'NONE', #1779, .T. ) ;
#8616 = EDGE_LOOP ( 'NONE', ( #7312, #2023, #399, #952 ) ) ;
#8617 = EDGE_CURVE ( 'NONE', #1837, #4524, #4065, .T. ) ;
#8618 = VECTOR ( 'NONE', #9866, 1000.000000000000000 ) ;
#8619 = CIRCLE ( 'NONE', #3366, 14.00000000000000000 ) ;
#8620 = DIRECTION ( 'NONE',  ( 8.659560562354799738E-17, 0.7071067811865580088, -0.7071067811865370256 ) ) ;
#8621 = CARTESIAN_POINT ( 'NONE',  ( 6.549445795587670816, 80.83389579592666507, 18.87678550397100352 ) ) ;
#8622 = VERTEX_POINT ( 'NONE', #9046 ) ;
#8623 = DIRECTION ( 'NONE',  ( 0.000000000000000000, 1.000000000000000000, 1.081498426419455997E-17 ) ) ;
#8624 = DIRECTION ( 'NONE',  ( 1.000000000000000000, 0.000000000000000000, 2.983470769828700236E-15 ) ) ;
#8625 = CARTESIAN_POINT ( 'NONE',  ( 9.425258194865934414, 67.73409948787285373, 9.115989087388953749 ) ) ;
#8626 = EDGE_CURVE ( 'NONE', #5026, #5300, #6710, .T. ) ;
#8627 = LINE ( 'NONE', #3056, #1106 ) ;
#8628 = FACE_OUTER_BOUND ( 'NONE', #10007, .T. ) ;
#8629 = DIRECTION ( 'NONE',  ( -0.000000000000000000, 1.000000000000000000, 0.000000000000000000 ) ) ;
#8630 = CIRCLE ( 'NONE', #4043, 1.000000000000000888 ) ;
#8631 = AXIS2_PLACEMENT_3D ( 'NONE', #2267, #8629, #9320 ) ;
#8632 = EDGE_CURVE ( 'NONE', #4612, #5443, #9732, .T. ) ;
#8633 = CARTESIAN_POINT ( 'NONE',  ( -2.000000000000000000, 39.73591604948001077, 5.698675719671151718 ) ) ;
#8634 = AXIS2_PLACEMENT_3D ( 'NONE', #4317, #9036, #8342 ) ;
#8635 = ORIENTED_EDGE ( 'NONE', *, *, #165, .T. ) ;
#8636 = EDGE_CURVE ( 'NONE', #6130, #8185, #706, .T. ) ;
#8637 = CARTESIAN_POINT ( 'NONE',  ( 4.031128874149265684, 38.53591604948001503, 8.729804593820427172 ) ) ;
#8638 = DIRECTION ( 'NONE',  ( 0.000000000000000000, 0.000000000000000000, 1.000000000000000000 ) ) ;
#8639 = AXIS2_PLACEMENT_3D ( 'NONE', #9021, #3981, #8227 ) ;
#8640 = VECTOR ( 'NONE', #1056, 1000.000000000000000 ) ;
#8641 = CARTESIAN_POINT ( 'NONE',  ( -5.897910580903160671, 43.73591604948001077, 18.59756365570695991 ) ) ;
#8642 = ADVANCED_FACE ( 'NONE', ( #898 ), #8194, .T. ) ;
#8643 = DIRECTION ( 'NONE',  ( 0.000000000000000000, 1.000000000000000000, 0.000000000000000000 ) ) ;
#8644 = EDGE_LOOP ( 'NONE', ( #7933, #200, #8958, #7067 ) ) ;
#8645 = VECTOR ( 'NONE', #7321, 1000.000000000000000 ) ;
#8646 = CARTESIAN_POINT ( 'NONE',  ( 0.000000000000000000, 69.13591604948000224, 9.729804593820427172 ) ) ;
#8647 = CYLINDRICAL_SURFACE ( 'NONE', #7172, 1.000000000000000000 ) ;
#8648 = VECTOR ( 'NONE', #6382, 1000.000000000000000 ) ;
#8649 = ORIENTED_EDGE ( 'NONE', *, *, #3636, .F. ) ;
#8650 = LINE ( 'NONE', #2069, #2495 ) ;
#8651 = VERTEX_POINT ( 'NONE', #3371 ) ;
#8652 = DIRECTION ( 'NONE',  ( 0.000000000000000000, 0.000000000000000000, 1.000000000000000000 ) ) ;
#8653 = CARTESIAN_POINT ( 'NONE',  ( -8.089941602581429692, 38.53591604948001503, 16.40553263402866691 ) ) ;
#8654 = ORIENTED_EDGE ( 'NONE', *, *, #1875, .F. ) ;
#8655 = CARTESIAN_POINT ( 'NONE',  ( 0.000000000000000000, 63.43591604948001361, 9.729804593820427172 ) ) ;
#8656 = ORIENTED_EDGE ( 'NONE', *, *, #10400, .F. ) ;
#8657 = CC_DESIGN_PERSON_AND_ORGANIZATION_ASSIGNMENT ( #569, #3782, ( #5296 ) ) ;
#8658 = CARTESIAN_POINT ( 'NONE',  ( -0.8429606335300429132, 56.53591604948001503, -4.244794411886990915 ) ) ;
#8659 = DIRECTION ( 'NONE',  ( 0.000000000000000000, 0.000000000000000000, 1.000000000000000000 ) ) ;
#8660 = ORIENTED_EDGE ( 'NONE', *, *, #5703, .T. ) ;
#8661 = VERTEX_POINT ( 'NONE', #9831 ) ;
#8662 = CARTESIAN_POINT ( 'NONE',  ( -0.1694421480499679333, 63.13591604948001645, 11.22020365395976249 ) ) ;
#8663 = CARTESIAN_POINT ( 'NONE',  ( 1.000000000000000000, 39.23591604948001077, -4.234435449948514396 ) ) ;
#8664 = CARTESIAN_POINT ( 'NONE',  ( 9.445000000000000284, 66.63591604948001645, 9.729804593820547964 ) ) ;
#8665 = ORIENTED_EDGE ( 'NONE', *, *, #6304, .T. ) ;
#8666 = CARTESIAN_POINT ( 'NONE',  ( -2.399999999999998579, 59.13591604948001645, -7.770195406179568387 ) ) ;
#8667 = VERTEX_POINT ( 'NONE', #9882 ) ;
#8668 = DIRECTION ( 'NONE',  ( 0.000000000000000000, -1.000000000000000000, 0.000000000000000000 ) ) ;
#8669 = B_SPLINE_CURVE_WITH_KNOTS ( 'NONE', 3,
 ( #10328, #562, #1345, #7845, #661, #7736, #3870, #503, #6956, #10180, #3719, #614 ),
 .UNSPECIFIED., .F., .F.,
 ( 4, 2, 2, 2, 2, 4 ),
 ( 0.000000000000000000, 0.2499999999999961697, 0.4999999999999923395, 0.6249999999999935607, 0.7499999999999946709, 1.000000000000000000 ),
 .UNSPECIFIED. ) ;
#8670 = EDGE_CURVE ( 'NONE', #1231, #2279, #2627, .T. ) ;
#8671 = DIRECTION ( 'NONE',  ( 0.000000000000000000, 0.000000000000000000, -1.000000000000000000 ) ) ;
#8672 = EDGE_LOOP ( 'NONE', ( #4761, #10184, #10301, #1852 ) ) ;
#8673 = DIRECTION ( 'NONE',  ( -0.7071067811865335839, 0.000000000000000000, -0.7071067811865615615 ) ) ;
#8674 = DIRECTION ( 'NONE',  ( 0.000000000000000000, 0.000000000000000000, -1.000000000000000000 ) ) ;
#8675 = ORIENTED_EDGE ( 'NONE', *, *, #365, .F. ) ;
#8676 = CARTESIAN_POINT ( 'NONE',  ( -8.388678933038290708, 38.53591604948001503, 10.72980459382037743 ) ) ;
#8677 = CARTESIAN_POINT ( 'NONE',  ( 0.000000000000000000, 59.13591604948001645, 13.72980459382042717 ) ) ;
#8678 = CARTESIAN_POINT ( 'NONE',  ( 9.167102047879220450, 39.23591604948001077, -0.8515110164318533403 ) ) ;
#8679 = AXIS2_PLACEMENT_3D ( 'NONE', #6797, #10017, #5998 ) ;
#8680 = CYLINDRICAL_SURFACE ( 'NONE', #28, 2.500000000000000444 ) ;
#8681 = VECTOR ( 'NONE', #3485, 1000.000000000000000 ) ;
#8682 = VECTOR ( 'NONE', #4224, 1000.000000000000114 ) ;
#8683 = EDGE_CURVE ( 'NONE', #3374, #75, #2446, .T. ) ;
#8684 = CARTESIAN_POINT ( 'NONE',  ( 0.8206823315276209341, 67.26482454809273293, 16.17851108798912207 ) ) ;
#8685 = DIRECTION ( 'NONE',  ( 0.000000000000000000, 0.000000000000000000, -1.000000000000000000 ) ) ;
#8686 = ORIENTED_EDGE ( 'NONE', *, *, #8426, .T. ) ;
#8687 = EDGE_CURVE ( 'NONE', #3281, #5376, #2735, .T. ) ;
#8688 = VECTOR ( 'NONE', #9629, 1000.000000000000000 ) ;
#8689 = CARTESIAN_POINT ( 'NONE',  ( 7.838725536382070480, 37.23994810002849221, 0.4768654950652855828 ) ) ;
#8690 = DIRECTION ( 'NONE',  ( 0.000000000000000000, 0.000000000000000000, 1.000000000000000000 ) ) ;
#8691 = CIRCLE ( 'NONE', #2759, 1.000000000000000888 ) ;
#8692 = CARTESIAN_POINT ( 'NONE',  ( -9.194344714453420053, 37.23591604948001077, 17.50604206655284756 ) ) ;
#8693 = CARTESIAN_POINT ( 'NONE',  ( 10.44090513317689961, 39.73591604948001077, 11.82980459382052629 ) ) ;
#8694 = ORIENTED_EDGE ( 'NONE', *, *, #1888, .F. ) ;
#8695 = ADVANCED_FACE ( 'NONE', ( #5962 ), #3684, .F. ) ;
#8696 = DIRECTION ( 'NONE',  ( 0.000000000000000000, 0.000000000000000000, -1.000000000000000000 ) ) ;
#8697 = DIRECTION ( 'NONE',  ( -0.1129614320333122424, 0.000000000000000000, 0.9935993734262231758 ) ) ;
#8698 = AXIS2_PLACEMENT_3D ( 'NONE', #3013, #4497, #490 ) ;
#8699 = VECTOR ( 'NONE', #1425, 1000.000000000000000 ) ;
#8700 = ORIENTED_EDGE ( 'NONE', *, *, #1547, .F. ) ;
#8701 = EDGE_CURVE ( 'NONE', #6215, #2992, #2789, .T. ) ;
#8702 = CARTESIAN_POINT ( 'NONE',  ( 0.000000000000000000, 38.53591604948001503, 9.729804593820427172 ) ) ;
#8703 = ORIENTED_EDGE ( 'NONE', *, *, #9760, .T. ) ;
#8704 = DIRECTION ( 'NONE',  ( 0.000000000000000000, 0.000000000000000000, 1.000000000000000000 ) ) ;
#8705 = DIRECTION ( 'NONE',  ( 0.000000000000000000, -1.000000000000000000, 0.000000000000000000 ) ) ;
#8706 = ORIENTED_EDGE ( 'NONE', *, *, #7330, .T. ) ;
#8707 = VECTOR ( 'NONE', #1496, 1000.000000000000000 ) ;
#8708 = AXIS2_PLACEMENT_3D ( 'NONE', #6120, #8293, #8344 ) ;
#8709 = CARTESIAN_POINT ( 'NONE',  ( -1.198633929408829957, 66.63591604948001645, 19.09843852322923752 ) ) ;
#8710 = VERTEX_POINT ( 'NONE', #2043 ) ;
#8711 = CARTESIAN_POINT ( 'NONE',  ( -0.9999999999999840128, 38.23591604948001077, 13.76093346796972128 ) ) ;
#8712 = CIRCLE ( 'NONE', #4479, 1.000000000000000000 ) ;
#8713 = ORIENTED_EDGE ( 'NONE', *, *, #9628, .F. ) ;
#8714 = ORIENTED_EDGE ( 'NONE', *, *, #2141, .T. ) ;
#8715 = LINE ( 'NONE', #10292, #5404 ) ;
#8716 = DIRECTION ( 'NONE',  ( 1.000000000000000000, 0.000000000000000000, 0.000000000000000000 ) ) ;
#8717 = ORIENTED_EDGE ( 'NONE', *, *, #3058, .T. ) ;
#8718 = DIRECTION ( 'NONE',  ( 0.000000000000000000, 0.000000000000000000, -1.000000000000000000 ) ) ;
#8719 = VERTEX_POINT ( 'NONE', #8407 ) ;
#8720 = CARTESIAN_POINT ( 'NONE',  ( -11.95756933358830132, 37.23591604948001077, 10.73803851133599707 ) ) ;
#8721 = CIRCLE ( 'NONE', #8035, 2.000000000000000444 ) ;
#8722 = CARTESIAN_POINT ( 'NONE',  ( -12.00001374524276088, 37.23591604948001077, 10.73255784089088749 ) ) ;
#8723 = ORIENTED_EDGE ( 'NONE', *, *, #6754, .F. ) ;
#8724 = AXIS2_PLACEMENT_3D ( 'NONE', #3547, #5233, #6787 ) ;
#8725 = CARTESIAN_POINT ( 'NONE',  ( 0.08188361486044590243, 67.91091604948002214, 19.17480459382042568 ) ) ;
#8726 = CARTESIAN_POINT ( 'NONE',  ( -9.960045879941620939, 38.53591604948001503, 2.598185838624806898 ) ) ;
#8727 = EDGE_CURVE ( 'NONE', #5376, #5320, #540, .T. ) ;
#8728 = ORIENTED_EDGE ( 'NONE', *, *, #4863, .F. ) ;
#8729 = CARTESIAN_POINT ( 'NONE',  ( 0.000000000000000000, 59.13591604948001645, 9.729804593820427172 ) ) ;
#8730 = CARTESIAN_POINT ( 'NONE',  ( -12.08563196527182093, 50.29182918005297154, 8.729804593820313485 ) ) ;
#8731 = CARTESIAN_POINT ( 'NONE',  ( 1.000000000000000000, 39.73591604948001077, -0.7111005393564736599 ) ) ;
#8732 = DIRECTION ( 'NONE',  ( 0.000000000000000000, 1.000000000000000000, 0.000000000000000000 ) ) ;
#8733 = VECTOR ( 'NONE', #1844, 1000.000000000000000 ) ;
#8734 = CARTESIAN_POINT ( 'NONE',  ( 0.000000000000000000, 44.75113973862977446, 9.729804593820427172 ) ) ;
#8735 = EDGE_CURVE ( 'NONE', #9157, #5001, #8982, .T. ) ;
#8736 = VERTEX_POINT ( 'NONE', #1992 ) ;
#8737 = VECTOR ( 'NONE', #803, 1000.000000000000000 ) ;
#8738 = CARTESIAN_POINT ( 'NONE',  ( 0.000000000000000000, 59.13591604948001645, 15.97980459382042717 ) ) ;
#8739 = EDGE_CURVE ( 'NONE', #1912, #8539, #1207, .T. ) ;
#8740 = DIRECTION ( 'NONE',  ( -0.000000000000000000, -1.000000000000000000, -0.000000000000000000 ) ) ;
#8741 = CARTESIAN_POINT ( 'NONE',  ( -9.368633929408799688, 66.63591604948001645, 8.531170664411565241 ) ) ;
#8742 = FACE_OUTER_BOUND ( 'NONE', #5685, .T. ) ;
#8743 = CARTESIAN_POINT ( 'NONE',  ( 4.000000000000000000, 59.13591604948001645, -4.412331029910525615 ) ) ;
#8744 = ORIENTED_EDGE ( 'NONE', *, *, #937, .T. ) ;
#8745 = EDGE_CURVE ( 'NONE', #5631, #8493, #6763, .T. ) ;
#8746 = DIRECTION ( 'NONE',  ( 0.000000000000000000, -1.000000000000000000, 0.000000000000000000 ) ) ;
#8747 = FACE_OUTER_BOUND ( 'NONE', #1601, .T. ) ;
#8748 = EDGE_LOOP ( 'NONE', ( #3765, #3470, #10333, #27 ) ) ;
#8749 = EDGE_CURVE ( 'NONE', #5859, #2257, #10324, .T. ) ;
#8750 = EDGE_LOOP ( 'NONE', ( #2498, #6966, #1115, #9237 ) ) ;
#8751 = CARTESIAN_POINT ( 'NONE',  ( 1.555555555555555136, 53.73541098609166511, 6.594482136148766216 ) ) ;
#8752 = DIRECTION ( 'NONE',  ( 0.000000000000000000, 0.000000000000000000, -1.000000000000000000 ) ) ;
#8753 = EDGE_LOOP ( 'NONE', ( #4191, #318, #6677, #213, #1301, #534, #6898, #5967, #6675, #9415, #499, #80, #2674, #1414, #4619, #4972, #8446, #3836, #3394, #9770, #3252, #5586, #2944, #5100, #4607 ) ) ;
#8754 = DIRECTION ( 'NONE',  ( 0.000000000000000000, 1.000000000000000000, 0.000000000000000000 ) ) ;
#8755 = EDGE_CURVE ( 'NONE', #6814, #3237, #1208, .T. ) ;
#8756 = ORIENTED_EDGE ( 'NONE', *, *, #5122, .T. ) ;
#8757 = AXIS2_PLACEMENT_3D ( 'NONE', #5902, #7440, #1155 ) ;
#8758 = VECTOR ( 'NONE', #7663, 1000.000000000000000 ) ;
#8759 = LINE ( 'NONE', #6963, #7461 ) ;
#8760 = DATE_AND_TIME ( #10241, #758 ) ;
#8761 = ADVANCED_FACE ( 'NONE', ( #3583 ), #4481, .F. ) ;
#8762 = AXIS2_PLACEMENT_3D ( 'NONE', #8702, #2591, #4974 ) ;
#8763 = VERTEX_POINT ( 'NONE', #6973 ) ;
#8764 = AXIS2_PLACEMENT_3D ( 'NONE', #1413, #4629, #6278 ) ;
#8765 = LINE ( 'NONE', #10246, #4904 ) ;
#8766 = DIRECTION ( 'NONE',  ( 0.000000000000000000, 0.000000000000000000, 1.000000000000000000 ) ) ;
#8767 = CARTESIAN_POINT ( 'NONE',  ( -6.470242910468209097, 67.45674580265533393, 10.35851286813988459 ) ) ;
#8768 = EDGE_LOOP ( 'NONE', ( #9871, #5432, #9710, #4027 ) ) ;
#8769 = VECTOR ( 'NONE', #7226, 1000.000000000000000 ) ;
#8770 = CARTESIAN_POINT ( 'NONE',  ( -8.515374233290661010, 37.53403809990037132, -0.1997832018435437285 ) ) ;
#8771 = EDGE_LOOP ( 'NONE', ( #1462, #4560, #5587, #8433, #788, #4149, #2298, #3729, #6516, #1222, #3246, #5638, #9261, #3882, #4177, #1711, #6121, #5571, #10374, #7515, #3976, #58, #5880, #2385, #10134, #818, #1862, #2205, #8076 ) ) ;
#8772 = CARTESIAN_POINT ( 'NONE',  ( -0.1363293248393904478, 65.61091604947998235, 16.22980459382042895 ) ) ;
#8773 = DIRECTION ( 'NONE',  ( -0.000000000000000000, 1.000000000000000000, 0.000000000000000000 ) ) ;
#8774 = VERTEX_POINT ( 'NONE', #7553 ) ;
#8775 = VERTEX_POINT ( 'NONE', #10092 ) ;
#8776 = CARTESIAN_POINT ( 'NONE',  ( 1.198567539653204728, 66.80021932501882986, 19.09844701721184279 ) ) ;
#8777 = CARTESIAN_POINT ( 'NONE',  ( -9.410766381705830241, 65.68843749097030127, 10.53518439786914485 ) ) ;
#8778 = EDGE_LOOP ( 'NONE', ( #1607, #8546, #8933, #8902 ) ) ;
#8779 = DIRECTION ( 'NONE',  ( 0.000000000000000000, -0.000000000000000000, 1.000000000000000000 ) ) ;
#8780 = DIRECTION ( 'NONE',  ( 0.000000000000000000, 0.000000000000000000, -1.000000000000000000 ) ) ;
#8781 = FACE_OUTER_BOUND ( 'NONE', #4720, .T. ) ;
#8782 = CIRCLE ( 'NONE', #5555, 1.100000000000000311 ) ;
#8783 = DIRECTION ( 'NONE',  ( 0.000000000000000000, 0.000000000000000000, -1.000000000000000000 ) ) ;
#8784 = PLANE ( 'NONE',  #6593 ) ;
#8785 = PRODUCT_DEFINITION ( 'æœ', '', #5296, #5777 ) ;
#8786 = DIRECTION ( 'NONE',  ( 0.000000000000000000, 0.000000000000000000, -1.000000000000000000 ) ) ;
#8787 = AXIS2_PLACEMENT_3D ( 'NONE', #8646, #1443, #7943 ) ;
#8788 = ORIENTED_EDGE ( 'NONE', *, *, #10425, .T. ) ;
#8789 = DIRECTION ( 'NONE',  ( -0.000000000000000000, 1.000000000000000000, -0.000000000000000000 ) ) ;
#8790 = CYLINDRICAL_SURFACE ( 'NONE', #3938, 0.9999999999999991118 ) ;
#8791 = CARTESIAN_POINT ( 'NONE',  ( -0.5455933079668462415, 67.77401955801578026, 0.3002868705571491992 ) ) ;
#8792 = CARTESIAN_POINT ( 'NONE',  ( 1.836970198721030181E-16, 63.13591604948001645, 11.22980459382042717 ) ) ;
#8794 = FACE_OUTER_BOUND ( 'NONE', #3044, .T. ) ;
#8793 = AXIS2_PLACEMENT_3D ( 'NONE', #4583, #3933, #6378 ) ;
#8795 = DIRECTION ( 'NONE',  ( 0.000000000000000000, -1.000000000000000000, 0.000000000000000000 ) ) ;
#8796 = EDGE_LOOP ( 'NONE', ( #1433, #7208, #5136, #827 ) ) ;
#8797 = PLANE ( 'NONE',  #1846 ) ;
#8798 = VECTOR ( 'NONE', #5952, 1000.000000000000000 ) ;
#8799 = ADVANCED_FACE ( 'NONE', ( #2839 ), #9418, .T. ) ;
#8800 = DIRECTION ( 'NONE',  ( 0.000000000000000000, 1.000000000000000000, -0.000000000000000000 ) ) ;
#8801 = ORIENTED_EDGE ( 'NONE', *, *, #3686, .F. ) ;
#8802 = AXIS2_PLACEMENT_3D ( 'NONE', #9126, #1972, #1185 ) ;
#8803 = ORIENTED_EDGE ( 'NONE', *, *, #8735, .T. ) ;
#8804 = CARTESIAN_POINT ( 'NONE',  ( -0.2541632220749516224, 63.43591604948001361, 11.96540318402942837 ) ) ;
#8805 = PLANE ( 'NONE',  #8047 ) ;
#8806 = VERTEX_POINT ( 'NONE', #9204 ) ;
#8807 = EDGE_LOOP ( 'NONE', ( #10250, #7383, #1252, #9859 ) ) ;
#8808 = AXIS2_PLACEMENT_3D ( 'NONE', #7603, #6185, #7655 ) ;
#8809 = EDGE_CURVE ( 'NONE', #1712, #9211, #4239, .T. ) ;
#8810 = DIRECTION ( 'NONE',  ( 0.000000000000000000, 1.000000000000000000, 0.000000000000000000 ) ) ;
#8811 = ADVANCED_FACE ( 'NONE', ( #3525 ), #6764, .T. ) ;
#8812 = VECTOR ( 'NONE', #6236, 1000.000000000000114 ) ;
#8813 = EDGE_LOOP ( 'NONE', ( #996, #9797, #8907, #5688 ) ) ;
#8814 = CARTESIAN_POINT ( 'NONE',  ( 6.549445795587730323, 38.53591604948001503, 0.5828236836698964529 ) ) ;
#8815 = CARTESIAN_POINT ( 'NONE',  ( 0.000000000000000000, 59.13591604948001645, 9.729804593820427172 ) ) ;
#8816 = DIRECTION ( 'NONE',  ( 0.000000000000000000, 0.000000000000000000, 1.000000000000000000 ) ) ;
#8817 = ORIENTED_EDGE ( 'NONE', *, *, #9275, .T. ) ;
#8818 = EDGE_CURVE ( 'NONE', #613, #5153, #6333, .T. ) ;
#8819 = PLANE ( 'NONE',  #8961 ) ;
#8820 = ORIENTED_EDGE ( 'NONE', *, *, #6399, .F. ) ;
#8821 = DIRECTION ( 'NONE',  ( 0.000000000000000000, 0.000000000000000000, -1.000000000000000000 ) ) ;
#8822 = EDGE_CURVE ( 'NONE', #10173, #36, #2307, .T. ) ;
#8823 = DIRECTION ( 'NONE',  ( 0.1129614320333118260, 0.000000000000000000, -0.9935993734262231758 ) ) ;
#8824 = CIRCLE ( 'NONE', #5598, 14.00000000000000000 ) ;
#8825 = ORIENTED_EDGE ( 'NONE', *, *, #3873, .T. ) ;
#8826 = EDGE_CURVE ( 'NONE', #10436, #6085, #4576, .T. ) ;
#8827 = EDGE_CURVE ( 'NONE', #7791, #3253, #1381, .T. ) ;
#8828 = ORIENTED_EDGE ( 'NONE', *, *, #3643, .F. ) ;
#8829 = DIRECTION ( 'NONE',  ( 0.000000000000000000, 0.000000000000000000, -1.000000000000000000 ) ) ;
#8830 = DIRECTION ( 'NONE',  ( 0.000000000000000000, 0.000000000000000000, 1.000000000000000000 ) ) ;
#8831 = ORIENTED_EDGE ( 'NONE', *, *, #485, .F. ) ;
#8832 = CARTESIAN_POINT ( 'NONE',  ( -4.031128874149265684, 38.53591604948001503, 11.72980459382045026 ) ) ;
#8833 = CARTESIAN_POINT ( 'NONE',  ( -7.742349322190870353, 37.23591604948001077, 0.5615971914341467697 ) ) ;
#8834 = DIRECTION ( 'NONE',  ( 0.000000000000000000, 0.000000000000000000, -1.000000000000000000 ) ) ;
#8835 = CARTESIAN_POINT ( 'NONE',  ( 0.000000000000000000, 63.13591604948001645, 11.32980459382042682 ) ) ;
#8836 = LINE ( 'NONE', #6347, #4118 ) ;
#8837 = ORIENTED_EDGE ( 'NONE', *, *, #8687, .T. ) ;
#8838 = CARTESIAN_POINT ( 'NONE',  ( -0.1489245988972030255, 63.43591604948001361, 7.498701399469410944 ) ) ;
#8839 = VECTOR ( 'NONE', #4148, 1000.000000000000000 ) ;
#8840 = DIRECTION ( 'NONE',  ( 0.000000000000000000, 0.000000000000000000, -1.000000000000000000 ) ) ;
#8841 = CARTESIAN_POINT ( 'NONE',  ( -9.395862386900491359, 67.39894293377832923, 10.69291213797315443 ) ) ;
#8842 = CARTESIAN_POINT ( 'NONE',  ( 13.96424004376894068, 39.23591604948001077, 8.729804593820475134 ) ) ;
#8843 = CARTESIAN_POINT ( 'NONE',  ( 8.867759061886580696, 38.53591604948001503, 15.62771517472350702 ) ) ;
#8844 = DIRECTION ( 'NONE',  ( 0.000000000000000000, 0.000000000000000000, 1.000000000000000000 ) ) ;
#8845 = ORIENTED_EDGE ( 'NONE', *, *, #4049, .F. ) ;
#8846 = DIRECTION ( 'NONE',  ( -0.000000000000000000, -1.000000000000000000, -0.000000000000000000 ) ) ;
#8847 = CARTESIAN_POINT ( 'NONE',  ( -0.3430517494983376658, 63.43591604948001361, 8.320969792587105118 ) ) ;
#8848 = AXIS2_PLACEMENT_3D ( 'NONE', #2906, #9276, #9378 ) ;
#8849 = ORIENTED_EDGE ( 'NONE', *, *, #6820, .F. ) ;
#8850 = AXIS2_PLACEMENT_3D ( 'NONE', #7830, #3909, #8840 ) ;
#8851 = ORIENTED_EDGE ( 'NONE', *, *, #8827, .T. ) ;
#8852 = CARTESIAN_POINT ( 'NONE',  ( -13.77631043127661847, 38.38139982539095030, 8.729804593820285064 ) ) ;
#8853 = EDGE_CURVE ( 'NONE', #5372, #9774, #6436, .T. ) ;
#8854 = DIRECTION ( 'NONE',  ( 1.723387009752800034E-14, 0.000000000000000000, -1.000000000000000000 ) ) ;
#8855 = ORIENTED_EDGE ( 'NONE', *, *, #2932, .T. ) ;
#8856 = VERTEX_POINT ( 'NONE', #4783 ) ;
#8857 = LOCAL_TIME ( 10, 53, 11.00000000000000000, #1279 ) ;
#8858 = AXIS2_PLACEMENT_3D ( 'NONE', #4744, #8026, #9825 ) ;
#8859 = CARTESIAN_POINT ( 'NONE',  ( -0.8057494637783854108, 67.58286132649112687, 19.14053195865807311 ) ) ;
#8860 = EDGE_CURVE ( 'NONE', #5313, #1930, #8017, .T. ) ;
#8861 = CC_DESIGN_SECURITY_CLASSIFICATION ( #2766, ( #5296 ) ) ;
#8862 = VERTEX_POINT ( 'NONE', #7814 ) ;
#8863 = AXIS2_PLACEMENT_3D ( 'NONE', #167, #8987, #5743 ) ;
#8864 = DIRECTION ( 'NONE',  ( 1.000000000000000000, 0.000000000000000000, 1.047444401652940164E-14 ) ) ;
#8865 = DIRECTION ( 'NONE',  ( 0.000000000000000000, 1.000000000000000000, 0.000000000000000000 ) ) ;
#8866 = EDGE_CURVE ( 'NONE', #1781, #3661, #4636, .T. ) ;
#8867 = DIRECTION ( 'NONE',  ( 0.000000000000000000, 0.000000000000000000, -1.000000000000000000 ) ) ;
#8868 = DIRECTION ( 'NONE',  ( 1.953992523340275196E-14, 0.000000000000000000, -1.000000000000000000 ) ) ;
#8869 = ORIENTED_EDGE ( 'NONE', *, *, #3638, .T. ) ;
#8870 = DIRECTION ( 'NONE',  ( 0.000000000000000000, 1.000000000000000000, 0.000000000000000000 ) ) ;
#8871 = ORIENTED_EDGE ( 'NONE', *, *, #3440, .T. ) ;
#8872 = LINE ( 'NONE', #7220, #5225 ) ;
#8873 = EDGE_CURVE ( 'NONE', #5859, #6703, #1473, .T. ) ;
#8874 = DIRECTION ( 'NONE',  ( 0.000000000000000000, 1.000000000000000000, 0.000000000000000000 ) ) ;
#8875 = AXIS2_PLACEMENT_3D ( 'NONE', #10120, #2017, #1969 ) ;
#8876 = VECTOR ( 'NONE', #10382, 1000.000000000000227 ) ;
#8877 = ORIENTED_EDGE ( 'NONE', *, *, #10015, .T. ) ;
#8878 = B_SPLINE_CURVE_WITH_KNOTS ( 'NONE', 3,
 ( #8265, #5983, #2647, #1025 ),
 .UNSPECIFIED., .F., .F.,
 ( 4, 4 ),
 ( 0.000000000000000000, 0.0001283903908514781990 ),
 .UNSPECIFIED. ) ;
#8879 = ORIENTED_EDGE ( 'NONE', *, *, #9336, .F. ) ;
#8880 = CARTESIAN_POINT ( 'NONE',  ( 2.449293598294705921E-16, 59.13591604948001645, 11.72980459382042717 ) ) ;
#8881 = CARTESIAN_POINT ( 'NONE',  ( 9.847900274853239821, 37.48007098509940960, 18.16349130630067776 ) ) ;
#8882 = EDGE_CURVE ( 'NONE', #6463, #5928, #1521, .T. ) ;
#8883 = EDGE_LOOP ( 'NONE', ( #4507, #9504, #8449, #7360, #9250, #1661, #1075, #8869, #4740, #8986, #3141, #4070, #3062, #8171, #9816, #2905, #5622, #8056, #5148, #9673, #1474, #3173, #4654, #6468 ) ) ;
#8884 = LINE ( 'NONE', #4213, #4297 ) ;
#8885 = CARTESIAN_POINT ( 'NONE',  ( -10.25797472605035487, 37.95821897075931872, 18.57356575749752281 ) ) ;
#8886 = AXIS2_PLACEMENT_3D ( 'NONE', #7506, #2531, #4334 ) ;
#8887 = DIRECTION ( 'NONE',  ( 0.000000000000000000, 0.000000000000000000, 1.000000000000000000 ) ) ;
#8888 = LINE ( 'NONE', #843, #1861 ) ;
#8889 = ADVANCED_FACE ( 'NONE', ( #10448 ), #5254, .F. ) ;
#8890 = CARTESIAN_POINT ( 'NONE',  ( -1.930969937267650044E-20, 65.36091604948001077, 0.2848045938204264438 ) ) ;
#8891 = FACE_OUTER_BOUND ( 'NONE', #8219, .T. ) ;
#8892 = VECTOR ( 'NONE', #4254, 1000.000000000000227 ) ;
#8893 = EDGE_CURVE ( 'NONE', #9845, #977, #3742, .T. ) ;
#8894 = ORIENTED_EDGE ( 'NONE', *, *, #4114, .F. ) ;
#8895 = FACE_OUTER_BOUND ( 'NONE', #467, .T. ) ;
#8896 = CARTESIAN_POINT ( 'NONE',  ( 4.000000000000000000, 59.13591604948001645, -7.970195406179570341 ) ) ;
#8897 = CARTESIAN_POINT ( 'NONE',  ( -9.443966386025929083, 67.90257874807618066, 9.890207638721223660 ) ) ;
#8898 = DIRECTION ( 'NONE',  ( -0.000000000000000000, -1.000000000000000000, -0.000000000000000000 ) ) ;
#8899 = AXIS2_PLACEMENT_3D ( 'NONE', #6957, #10422, #3171 ) ;
#8900 = LINE ( 'NONE', #2328, #9244 ) ;
#8901 = DIRECTION ( 'NONE',  ( 0.000000000000000000, -1.000000000000000000, 0.000000000000000000 ) ) ;
#8902 = ORIENTED_EDGE ( 'NONE', *, *, #5227, .T. ) ;
#8903 = VECTOR ( 'NONE', #6204, 1000.000000000000000 ) ;
#8904 = CARTESIAN_POINT ( 'NONE',  ( 8.089941602581388835, 40.23591604948001077, 3.054076553612156353 ) ) ;
#8905 = CARTESIAN_POINT ( 'NONE',  ( 0.000000000000000000, 37.23591604948001077, 9.729804593820427172 ) ) ;
#8906 = ORIENTED_EDGE ( 'NONE', *, *, #1006, .T. ) ;
#8907 = ORIENTED_EDGE ( 'NONE', *, *, #878, .F. ) ;
#8908 = CARTESIAN_POINT ( 'NONE',  ( -4.031128874149290553, 53.73541098609166511, 7.729804593820452041 ) ) ;
#8909 = ORIENTED_EDGE ( 'NONE', *, *, #4548, .T. ) ;
#8910 = DIRECTION ( 'NONE',  ( -1.000000000000000000, 0.000000000000000000, 0.000000000000000000 ) ) ;
#8911 = DIRECTION ( 'NONE',  ( 0.7071067811865510144, 0.000000000000000000, -0.7071067811865441310 ) ) ;
#8912 = VERTEX_POINT ( 'NONE', #7171 ) ;
#8913 = ORIENTED_EDGE ( 'NONE', *, *, #3568, .F. ) ;
#8914 = DIRECTION ( 'NONE',  ( 1.049727191138620421E-16, -0.5150380749100518241, 0.8571673007021137769 ) ) ;
#8915 = ADVANCED_FACE ( 'NONE', ( #780 ), #5479, .F. ) ;
#8916 = VERTEX_POINT ( 'NONE', #7025 ) ;
#8917 = DIRECTION ( 'NONE',  ( 0.000000000000000000, -1.000000000000000000, 0.000000000000000000 ) ) ;
#8918 = PLANE ( 'NONE',  #2916 ) ;
#8919 = LINE ( 'NONE', #1814, #447 ) ;
#8920 = ORIENTED_EDGE ( 'NONE', *, *, #412, .F. ) ;
#8921 = DIRECTION ( 'NONE',  ( 0.000000000000000000, 1.000000000000000000, 0.000000000000000000 ) ) ;
#8922 = ORIENTED_EDGE ( 'NONE', *, *, #1329, .T. ) ;
#8923 = CARTESIAN_POINT ( 'NONE',  ( 4.031128874149279895, 53.73541098609166511, 11.72980459382042717 ) ) ;
#8924 = VECTOR ( 'NONE', #4301, 1000.000000000000000 ) ;
#8925 = CARTESIAN_POINT ( 'NONE',  ( 0.000000000000000000, 56.83591604948001930, 9.729804593820427172 ) ) ;
#8926 = EDGE_CURVE ( 'NONE', #5185, #4582, #9496, .T. ) ;
#8927 = VECTOR ( 'NONE', #4370, 1000.000000000000000 ) ;
#8928 = ORIENTED_EDGE ( 'NONE', *, *, #8960, .T. ) ;
#8929 = ORIENTED_EDGE ( 'NONE', *, *, #7509, .F. ) ;
#8930 = CIRCLE ( 'NONE', #4193, 1.000000000000000000 ) ;
#8931 = CARTESIAN_POINT ( 'NONE',  ( 5.897910580902999911, 38.53591604948001503, 18.59756365570705583 ) ) ;
#8932 = FACE_OUTER_BOUND ( 'NONE', #9187, .T. ) ;
#8933 = ORIENTED_EDGE ( 'NONE', *, *, #5881, .F. ) ;
#8934 = DIRECTION ( 'NONE',  ( 0.000000000000000000, -1.000000000000000000, 0.000000000000000000 ) ) ;
#8935 = CARTESIAN_POINT ( 'NONE',  ( -5.367756271135689872, 38.53591604948001503, 5.776261885057802026 ) ) ;
#8936 = DIRECTION ( 'NONE',  ( -0.000000000000000000, -1.000000000000000000, -0.000000000000000000 ) ) ;
#8937 = VECTOR ( 'NONE', #2002, 1000.000000000000000 ) ;
#8938 = DIRECTION ( 'NONE',  ( 0.000000000000000000, -1.000000000000000000, 0.000000000000000000 ) ) ;
#8939 = DIRECTION ( 'NONE',  ( 0.000000000000000000, 1.000000000000000000, 0.000000000000000000 ) ) ;
#8940 = CARTESIAN_POINT ( 'NONE',  ( 0.7071067811864850672, 39.73591604948001077, 9.022697812633969860 ) ) ;
#8941 = B_SPLINE_CURVE_WITH_KNOTS ( 'NONE', 3,
 ( #5836, #3168, #9536, #2072, #1235, #8791, #5294, #8437, #4707, #404, #7140, #3610, #8487, #5499, #3861, #3960 ),
 .UNSPECIFIED., .F., .F.,
 ( 4, 2, 2, 2, 2, 2, 2, 4 ),
 ( 0.000000000000000000, 0.1250000000000024980, 0.2500000000000049960, 0.3750000000000074940, 0.5000000000000099920, 0.6250000000000124345, 0.7500000000000149880, 1.000000000000000000 ),
 .UNSPECIFIED. ) ;
#8942 = ADVANCED_FACE ( 'NONE', ( #3151 ), #634, .F. ) ;
#8943 = CARTESIAN_POINT ( 'NONE',  ( 7.960204194457789560E-16, 63.13591604948001645, 3.229804593820427172 ) ) ;
#8944 = ORIENTED_EDGE ( 'NONE', *, *, #2912, .T. ) ;
#8945 = DIRECTION ( 'NONE',  ( 0.000000000000000000, 1.000000000000000000, 0.000000000000000000 ) ) ;
#8946 = ADVANCED_FACE ( 'NONE', ( #8615 ), #2050, .F. ) ;
#8947 = DIRECTION ( 'NONE',  ( 0.000000000000000000, 1.000000000000000000, 0.000000000000000000 ) ) ;
#8948 = DIRECTION ( 'NONE',  ( 0.000000000000000000, 0.000000000000000000, 1.000000000000000000 ) ) ;
#8949 = DIRECTION ( 'NONE',  ( 8.659560562354959975E-17, 0.7071067811865450192, -0.7071067811865500152 ) ) ;
#8950 = CARTESIAN_POINT ( 'NONE',  ( -9.368633929408819228, 66.63591604948001645, 10.92843852322918252 ) ) ;
#8951 = FACE_OUTER_BOUND ( 'NONE', #8271, .T. ) ;
#8952 = EDGE_LOOP ( 'NONE', ( #571, #6795, #2143, #3419 ) ) ;
#8953 = EDGE_CURVE ( 'NONE', #4103, #4820, #8307, .T. ) ;
#8954 = CARTESIAN_POINT ( 'NONE',  ( -13.96424004376894068, 39.73591604948001077, 10.72980459382027441 ) ) ;
#8955 = AXIS2_PLACEMENT_3D ( 'NONE', #3208, #3109, #5 ) ;
#8956 = EDGE_CURVE ( 'NONE', #7750, #7386, #9166, .T. ) ;
#8957 = CARTESIAN_POINT ( 'NONE',  ( 0.000000000000000000, 80.83389579592666507, 9.729804593820427172 ) ) ;
#8958 = ORIENTED_EDGE ( 'NONE', *, *, #9091, .T. ) ;
#8959 = EDGE_LOOP ( 'NONE', ( #3412, #6397, #3678, #8588 ) ) ;
#8960 = EDGE_CURVE ( 'NONE', #2841, #7699, #6283, .T. ) ;
#8961 = AXIS2_PLACEMENT_3D ( 'NONE', #3842, #10198, #6280 ) ;
#8962 = CARTESIAN_POINT ( 'NONE',  ( 1.714505518806294884E-16, 63.33591604948001219, 8.329804593820426817 ) ) ;
#8963 = AXIS2_PLACEMENT_3D ( 'NONE', #6592, #8234, #5891 ) ;
#8964 = ORIENTED_EDGE ( 'NONE', *, *, #5807, .F. ) ;
#8965 = DIRECTION ( 'NONE',  ( -1.000000000000000000, -0.000000000000000000, -0.000000000000000000 ) ) ;
#8966 = FACE_OUTER_BOUND ( 'NONE', #9952, .T. ) ;
#8967 = ORIENTED_EDGE ( 'NONE', *, *, #2439, .F. ) ;
#8968 = ORIENTED_EDGE ( 'NONE', *, *, #7907, .T. ) ;
#8969 = DIRECTION ( 'NONE',  ( -1.000000000000000000, 0.000000000000000000, 0.000000000000000000 ) ) ;
#8970 = CIRCLE ( 'NONE', #1023, 0.7999999999999986011 ) ;
#8971 = ORIENTED_EDGE ( 'NONE', *, *, #5307, .F. ) ;
#8972 = DIRECTION ( 'NONE',  ( -0.000000000000000000, 1.000000000000000000, -0.000000000000000000 ) ) ;
#8973 = DIRECTION ( 'NONE',  ( -0.000000000000000000, -1.000000000000000000, -0.000000000000000000 ) ) ;
#8974 = CARTESIAN_POINT ( 'NONE',  ( -3.999999999999999112, 57.53591604948001503, -7.970195406179570341 ) ) ;
#8975 = AXIS2_PLACEMENT_3D ( 'NONE', #8009, #772, #9658 ) ;
#8976 = VERTEX_POINT ( 'NONE', #52 ) ;
#8977 = VECTOR ( 'NONE', #6394, 1000.000000000000000 ) ;
#8978 = CARTESIAN_POINT ( 'NONE',  ( 5.367756271135689872, 38.53591604948001503, 13.68334730258303722 ) ) ;
#8979 = ORIENTED_EDGE ( 'NONE', *, *, #1375, .T. ) ;
#8980 = CYLINDRICAL_SURFACE ( 'NONE', #3034, 0.9999999999999991118 ) ;
#8981 = DIRECTION ( 'NONE',  ( 0.000000000000000000, 0.7071067811865489050, 0.7071067811865460184 ) ) ;
#8982 = CIRCLE ( 'NONE', #2881, 0.9999999999999991118 ) ;
#8983 = ORIENTED_EDGE ( 'NONE', *, *, #8488, .F. ) ;
#8984 = EDGE_LOOP ( 'NONE', ( #1627, #885, #7989, #2850 ) ) ;
#8985 = CARTESIAN_POINT ( 'NONE',  ( -9.368633929408799688, 66.63591604948001645, 8.531170664411565241 ) ) ;
#8986 = ORIENTED_EDGE ( 'NONE', *, *, #1960, .T. ) ;
#8987 = DIRECTION ( 'NONE',  ( -0.000000000000000000, 1.000000000000000000, -0.000000000000000000 ) ) ;
#8988 = LINE ( 'NONE', #7181, #6338 ) ;
#8989 = EDGE_CURVE ( 'NONE', #1024, #8179, #3907, .T. ) ;
#8990 = DIRECTION ( 'NONE',  ( -1.000000000000000000, -0.000000000000000000, -0.000000000000000000 ) ) ;
#8991 = LINE ( 'NONE', #4950, #8640 ) ;
#8992 = CIRCLE ( 'NONE', #212, 5.400000000000000355 ) ;
#8993 = LINE ( 'NONE', #5010, #9323 ) ;
#8994 = LINE ( 'NONE', #2417, #3108 ) ;
#8995 = ORIENTED_EDGE ( 'NONE', *, *, #9077, .F. ) ;
#8996 = DIRECTION ( 'NONE',  ( 0.000000000000000000, 1.000000000000000000, 0.000000000000000000 ) ) ;
#8997 = CARTESIAN_POINT ( 'NONE',  ( -0.1359686112577340178, 65.61091604948003919, 3.229804593820427172 ) ) ;
#8998 = CARTESIAN_POINT ( 'NONE',  ( -9.372470810562203880, 66.95886808156970460, 10.89950524254129860 ) ) ;
#8999 = CARTESIAN_POINT ( 'NONE',  ( 0.000000000000000000, 63.13591604948001645, 5.829804593820425929 ) ) ;
#9000 = EDGE_CURVE ( 'NONE', #3281, #7029, #2402, .T. ) ;
#9001 = CARTESIAN_POINT ( 'NONE',  ( 12.08563196527180139, 39.73591604948001077, 11.72980459382055685 ) ) ;
#9002 = CARTESIAN_POINT ( 'NONE',  ( -1.000000000000000000, 39.73591604948001077, 20.17070972699732678 ) ) ;
#9003 = VERTEX_POINT ( 'NONE', #9031 ) ;
#9004 = DIRECTION ( 'NONE',  ( 0.000000000000000000, 0.000000000000000000, 1.000000000000000000 ) ) ;
#9005 = DIRECTION ( 'NONE',  ( 0.000000000000000000, -1.000000000000000000, 0.000000000000000000 ) ) ;
#9006 = ADVANCED_FACE ( 'NONE', ( #8285, #3408 ), #8181, .F. ) ;
#9007 = EDGE_LOOP ( 'NONE', ( #2251, #6438, #5161, #2201 ) ) ;
#9008 = ORIENTED_EDGE ( 'NONE', *, *, #7316, .T. ) ;
#9009 = LINE ( 'NONE', #9062, #9099 ) ;
#9010 = ORIENTED_EDGE ( 'NONE', *, *, #2148, .F. ) ;
#9011 = CARTESIAN_POINT ( 'NONE',  ( 1.000000000000000000, 39.73591604948001077, 20.17070972699732678 ) ) ;
#9012 = EDGE_CURVE ( 'NONE', #9117, #9657, #6621, .T. ) ;
#9013 = DIRECTION ( 'NONE',  ( 0.000000000000000000, 0.000000000000000000, 1.000000000000000000 ) ) ;
#9014 = ORIENTED_EDGE ( 'NONE', *, *, #6667, .T. ) ;
#9015 = EDGE_LOOP ( 'NONE', ( #7405, #796, #8828, #7841 ) ) ;
#9016 = VECTOR ( 'NONE', #8199, 1000.000000000000000 ) ;
#9017 = CARTESIAN_POINT ( 'NONE',  ( 9.445000000000000284, 66.63591604948001645, 8.704804593820556491 ) ) ;
#9018 = EDGE_CURVE ( 'NONE', #4251, #5032, #2510, .T. ) ;
#9019 = CIRCLE ( 'NONE', #10364, 1.000000000000000888 ) ;
#9020 = ORIENTED_EDGE ( 'NONE', *, *, #6619, .F. ) ;
#9021 = CARTESIAN_POINT ( 'NONE',  ( 0.000000000000000000, 63.83591604948001219, 9.729804593820427172 ) ) ;
#9022 = DIRECTION ( 'NONE',  ( 0.000000000000000000, 0.000000000000000000, 1.000000000000000000 ) ) ;
#9023 = CARTESIAN_POINT ( 'NONE',  ( -0.5999999999999999778, 57.53491604948001736, -4.470195406179566788 ) ) ;
#9024 = CIRCLE ( 'NONE', #4452, 4.000000000000000000 ) ;
#9025 = DIRECTION ( 'NONE',  ( 1.000000000000000000, -0.000000000000000000, 0.000000000000000000 ) ) ;
#9026 = ORIENTED_EDGE ( 'NONE', *, *, #3897, .T. ) ;
#9027 = CIRCLE ( 'NONE', #4453, 2.000000000000000000 ) ;
#9028 = CARTESIAN_POINT ( 'NONE',  ( -1.025000000000016120, 66.63591604948001645, 16.14847852228882630 ) ) ;
#9029 = ORIENTED_EDGE ( 'NONE', *, *, #4971, .F. ) ;
#9030 = DIRECTION ( 'NONE',  ( -1.149554038067388104E-14, 0.000000000000000000, 1.000000000000000000 ) ) ;
#9031 = CARTESIAN_POINT ( 'NONE',  ( -11.28744239064971921, 38.53591604948001503, 8.332210937549058727 ) ) ;
#9032 = B_SPLINE_CURVE_WITH_KNOTS ( 'NONE', 3,
 ( #6575, #83, #4291, #3493 ),
 .UNSPECIFIED., .F., .F.,
 ( 4, 4 ),
 ( 0.000000000000000000, 0.0001283903908514792019 ),
 .UNSPECIFIED. ) ;
#9033 = VECTOR ( 'NONE', #8141, 1000.000000000000000 ) ;
#9034 = EDGE_LOOP ( 'NONE', ( #5738, #4614, #2603, #3029 ) ) ;
#9035 = ORIENTED_EDGE ( 'NONE', *, *, #553, .T. ) ;
#9036 = DIRECTION ( 'NONE',  ( -0.000000000000000000, -1.000000000000000000, -0.000000000000000000 ) ) ;
#9037 = EDGE_LOOP ( 'NONE', ( #9322, #7273, #10148, #7300 ) ) ;
#9038 = CARTESIAN_POINT ( 'NONE',  ( -13.96424004376894068, 50.29182918005297154, 10.72980459382027618 ) ) ;
#9039 = CARTESIAN_POINT ( 'NONE',  ( -1.000000000000000000, 39.73591604948001077, 9.729804593820427172 ) ) ;
#9040 = AXIS2_PLACEMENT_3D ( 'NONE', #7976, #5487, #10154 ) ;
#9041 = CARTESIAN_POINT ( 'NONE',  ( 2.449999999999999734, 59.14591604948001446, -4.470195406179568565 ) ) ;
#9042 = CARTESIAN_POINT ( 'NONE',  ( 13.77631043127645860, 38.38139982538808681, 10.72980459382047513 ) ) ;
#9043 = CIRCLE ( 'NONE', #10385, 1.950000000000001510 ) ;
#9044 = AXIS2_PLACEMENT_3D ( 'NONE', #2125, #3766, #2179 ) ;
#9045 = VECTOR ( 'NONE', #9304, 1000.000000000000000 ) ;
#9046 = CARTESIAN_POINT ( 'NONE',  ( 4.616794899587770118, 39.73591604948001077, 8.729804593820423619 ) ) ;
#9047 = VERTEX_POINT ( 'NONE', #5687 ) ;
#9048 = EDGE_CURVE ( 'NONE', #2257, #206, #5737, .T. ) ;
#9049 = AXIS2_PLACEMENT_3D ( 'NONE', #1797, #6781, #7667 ) ;
#9050 = AXIS2_PLACEMENT_3D ( 'NONE', #752, #9788, #1543 ) ;
#9051 = PLANE ( 'NONE',  #6818 ) ;
#9052 = DIRECTION ( 'NONE',  ( -0.000000000000000000, -1.000000000000000000, -0.000000000000000000 ) ) ;
#9053 = LINE ( 'NONE', #5015, #3926 ) ;
#9054 = CYLINDRICAL_SURFACE ( 'NONE', #2283, 1.000000000000000888 ) ;
#9055 = LINE ( 'NONE', #2485, #5791 ) ;
#9056 = CARTESIAN_POINT ( 'NONE',  ( 9.252939098755110336, 37.23994810002849221, 17.56853013020252874 ) ) ;
#9057 = CARTESIAN_POINT ( 'NONE',  ( 1.000000000000000000, 50.29182918005297154, 9.729804593820427172 ) ) ;
#9058 = CIRCLE ( 'NONE', #5670, 4.000000000000000000 ) ;
#9059 = CYLINDRICAL_SURFACE ( 'NONE', #1444, 1.400000000000000133 ) ;
#9060 = EDGE_LOOP ( 'NONE', ( #6788, #3669 ) ) ;
#9061 = ADVANCED_FACE ( 'NONE', ( #5043 ), #5846, .T. ) ;
#9062 = CARTESIAN_POINT ( 'NONE',  ( 0.000000000000000000, 59.13591604948001645, 7.729804593820426284 ) ) ;
#9063 = ORIENTED_EDGE ( 'NONE', *, *, #6006, .F. ) ;
#9064 = AXIS2_PLACEMENT_3D ( 'NONE', #3019, #3762, #5340 ) ;
#9065 = CARTESIAN_POINT ( 'NONE',  ( 6.495738381332902378, 65.63698306443545505, 9.463038626154062882 ) ) ;
#9066 = EDGE_CURVE ( 'NONE', #979, #960, #3463, .T. ) ;
#9067 = CARTESIAN_POINT ( 'NONE',  ( 1.836970198721025250E-16, 63.83591604948001219, 8.229804593820427172 ) ) ;
#9068 = ORIENTED_EDGE ( 'NONE', *, *, #5961, .F. ) ;
#9069 = ORIENTED_EDGE ( 'NONE', *, *, #2528, .T. ) ;
#9070 = LINE ( 'NONE', #9758, #9717 ) ;
#9071 = VECTOR ( 'NONE', #9372, 1000.000000000000000 ) ;
#9072 = ORIENTED_EDGE ( 'NONE', *, *, #9660, .F. ) ;
#9073 = EDGE_CURVE ( 'NONE', #9872, #313, #6446, .T. ) ;
#9074 = VERTEX_POINT ( 'NONE', #4835 ) ;
#9075 = FACE_OUTER_BOUND ( 'NONE', #6857, .T. ) ;
#9076 = DIRECTION ( 'NONE',  ( 0.000000000000000000, 1.000000000000000000, 0.000000000000000000 ) ) ;
#9077 = EDGE_CURVE ( 'NONE', #721, #6215, #9668, .T. ) ;
#9078 = CARTESIAN_POINT ( 'NONE',  ( -0.8429606335300429132, 39.23591604948001077, -4.244794411886990915 ) ) ;
#9079 = CARTESIAN_POINT ( 'NONE',  ( 8.018300047061391211, 37.25604337872315597, 19.16231820325500834 ) ) ;
#9080 = ORIENTED_EDGE ( 'NONE', *, *, #4978, .T. ) ;
#9081 = CARTESIAN_POINT ( 'NONE',  ( 1.008233917515607869, 37.23591604948001077, 21.68737392740872849 ) ) ;
#9082 = ORIENTED_EDGE ( 'NONE', *, *, #3181, .T. ) ;
#9083 = CARTESIAN_POINT ( 'NONE',  ( 9.252939098755110336, 50.29182918005297154, 17.56853013020252874 ) ) ;
#9084 = EDGE_CURVE ( 'NONE', #8185, #1340, #4888, .T. ) ;
#9085 = FACE_OUTER_BOUND ( 'NONE', #8753, .T. ) ;
#9086 = ORIENTED_EDGE ( 'NONE', *, *, #4077, .F. ) ;
#9087 = ORIENTED_EDGE ( 'NONE', *, *, #6872, .T. ) ;
#9088 = CARTESIAN_POINT ( 'NONE',  ( 0.8950113339187882877, 66.11826141844994709, 3.291504690617083728 ) ) ;
#9089 = ADVANCED_FACE ( 'NONE', ( #9085 ), #4041, .T. ) ;
#9090 = ORIENTED_EDGE ( 'NONE', *, *, #4335, .T. ) ;
#9091 = EDGE_CURVE ( 'NONE', #6645, #4842, #1822, .T. ) ;
#9092 = CARTESIAN_POINT ( 'NONE',  ( -4.031128874149245256, 38.53591604948001503, 10.72980459382045026 ) ) ;
#9093 = CARTESIAN_POINT ( 'NONE',  ( 0.000000000000000000, 63.13591604948001645, 7.729804593820426284 ) ) ;
#9094 = CIRCLE ( 'NONE', #4518, 1.350000000000000533 ) ;
#9095 = CARTESIAN_POINT ( 'NONE',  ( 2.449999999999999734, 59.14591604948001446, -4.470195406179568565 ) ) ;
#9096 = DIRECTION ( 'NONE',  ( -0.000000000000000000, 1.000000000000000000, -0.000000000000000000 ) ) ;
#9097 = CARTESIAN_POINT ( 'NONE',  ( 1.000000000000000666, 37.77423283245833119, 23.06337591899627171 ) ) ;
#9098 = AXIS2_PLACEMENT_3D ( 'NONE', #6012, #7490, #420 ) ;
#9099 = VECTOR ( 'NONE', #4922, 1000.000000000000000 ) ;
#9100 = VERTEX_POINT ( 'NONE', #8126 ) ;
#9101 = LINE ( 'NONE', #381, #2158 ) ;
#9102 = ORIENTED_EDGE ( 'NONE', *, *, #302, .F. ) ;
#9103 = LINE ( 'NONE', #4227, #6153 ) ;
#9104 = DIRECTION ( 'NONE',  ( 0.000000000000000000, 0.000000000000000000, -1.000000000000000000 ) ) ;
#9105 = AXIS2_PLACEMENT_3D ( 'NONE', #5363, #4682, #628 ) ;
#9106 = DIRECTION ( 'NONE',  ( 0.000000000000000000, 0.000000000000000000, 1.000000000000000000 ) ) ;
#9107 = CARTESIAN_POINT ( 'NONE',  ( -0.2541632220749517335, 63.83591604948001219, 11.96540318402943015 ) ) ;
#9108 = FACE_OUTER_BOUND ( 'NONE', #982, .T. ) ;
#9109 = EDGE_CURVE ( 'NONE', #4762, #5372, #8992, .T. ) ;
#9110 = CARTESIAN_POINT ( 'NONE',  ( 9.373223941792742764, 66.31588516691979862, 8.567517184011499864 ) ) ;
#9111 = CYLINDRICAL_SURFACE ( 'NONE', #4952, 1.100000000000000089 ) ;
#9112 = VERTEX_POINT ( 'NONE', #7276 ) ;
#9113 = CARTESIAN_POINT ( 'NONE',  ( 7.960204194457789560E-16, 68.93591604948001361, 3.229804593820427172 ) ) ;
#9114 = ORIENTED_EDGE ( 'NONE', *, *, #1449, .T. ) ;
#9115 = DIRECTION ( 'NONE',  ( 0.000000000000000000, -1.000000000000000000, 0.000000000000000000 ) ) ;
#9116 = CARTESIAN_POINT ( 'NONE',  ( 1.000000000000000000, 50.29182918005297154, 9.729804593820427172 ) ) ;
#9117 = VERTEX_POINT ( 'NONE', #3251 ) ;
#9118 = ADVANCED_FACE ( 'NONE', ( #6487 ), #1671, .F. ) ;
#9119 = ORIENTED_EDGE ( 'NONE', *, *, #9597, .F. ) ;
#9120 = PLANE ( 'NONE',  #10386 ) ;
#9121 = ORIENTED_EDGE ( 'NONE', *, *, #412, .T. ) ;
#9122 = AXIS2_PLACEMENT_3D ( 'NONE', #7586, #6001, #2770 ) ;
#9123 = AXIS2_PLACEMENT_3D ( 'NONE', #6257, #5451, #554 ) ;
#9124 = LINE ( 'NONE', #9960, #8924 ) ;
#9125 = VERTEX_POINT ( 'NONE', #7542 ) ;
#9126 = CARTESIAN_POINT ( 'NONE',  ( -4.660649489949130420, 31.87054094663176329, 5.069155103871266554 ) ) ;
#9127 = CARTESIAN_POINT ( 'NONE',  ( 0.000000000000000000, 63.83591604948001219, 9.729804593820427172 ) ) ;
#9128 = DIRECTION ( 'NONE',  ( -0.7071067811865510144, 0.000000000000000000, 0.7071067811865441310 ) ) ;
#9129 = DIRECTION ( 'NONE',  ( 0.000000000000000000, 1.000000000000000000, 0.000000000000000000 ) ) ;
#9130 = VERTEX_POINT ( 'NONE', #1195 ) ;
#9131 = EDGE_CURVE ( 'NONE', #9112, #338, #1925, .T. ) ;
#9132 = PLANE ( 'NONE',  #6755 ) ;
#9133 = AXIS2_PLACEMENT_3D ( 'NONE', #1156, #1936, #6760 ) ;
#9134 = ORIENTED_EDGE ( 'NONE', *, *, #10053, .T. ) ;
#9135 = DIRECTION ( 'NONE',  ( 0.000000000000000000, 1.000000000000000000, 0.000000000000000000 ) ) ;
#9136 = AXIS2_PLACEMENT_3D ( 'NONE', #9373, #8732, #7770 ) ;
#9137 = CARTESIAN_POINT ( 'NONE',  ( 2.025689090279039975E-15, 65.36091604948001077, 19.17480459382042568 ) ) ;
#9138 = EDGE_CURVE ( 'NONE', #4075, #9570, #4246, .T. ) ;
#9139 = ORIENTED_EDGE ( 'NONE', *, *, #902, .F. ) ;
#9140 = AXIS2_PLACEMENT_3D ( 'NONE', #7266, #6535, #6585 ) ;
#9141 = ORIENTED_EDGE ( 'NONE', *, *, #3711, .F. ) ;
#9142 = AXIS2_PLACEMENT_3D ( 'NONE', #7769, #642, #2957 ) ;
#9143 = DIRECTION ( 'NONE',  ( -0.000000000000000000, -1.000000000000000000, -0.000000000000000000 ) ) ;
#9144 = ORIENTED_EDGE ( 'NONE', *, *, #3323, .F. ) ;
#9145 = CARTESIAN_POINT ( 'NONE',  ( -3.399999999999999467, 59.14591604948001446, -7.770195406179568387 ) ) ;
#9146 = CARTESIAN_POINT ( 'NONE',  ( 1.047260502319891096, 66.01060320698788075, 0.3429494980466540333 ) ) ;
#9147 = AXIS2_PLACEMENT_3D ( 'NONE', #10339, #5727, #4933 ) ;
#9148 = EDGE_CURVE ( 'NONE', #1781, #8775, #10329, .T. ) ;
#9149 = DIRECTION ( 'NONE',  ( 0.000000000000000000, 1.000000000000000000, 0.000000000000000000 ) ) ;
#9150 = CARTESIAN_POINT ( 'NONE',  ( 1.024927443617408507, 66.77196190666646203, 3.311119078801128435 ) ) ;
#9151 = LINE ( 'NONE', #1889, #3730 ) ;
#9152 = VECTOR ( 'NONE', #4219, 1000.000000000000114 ) ;
#9153 = EDGE_CURVE ( 'NONE', #7462, #2988, #1046, .T. ) ;
#9154 = ADVANCED_FACE ( 'NONE', ( #4517 ), #2032, .F. ) ;
#9155 = EDGE_LOOP ( 'NONE', ( #481, #635, #6896, #9235 ) ) ;
#9156 = DIRECTION ( 'NONE',  ( 0.000000000000000000, 0.000000000000000000, 1.000000000000000000 ) ) ;
#9157 = VERTEX_POINT ( 'NONE', #6803 ) ;
#9158 = CARTESIAN_POINT ( 'NONE',  ( 9.368633929408799688, 66.63591604948001645, 10.92843852322935305 ) ) ;
#9159 = CARTESIAN_POINT ( 'NONE',  ( -1.000000000000000000, 37.23994810002849221, -2.355827371451393315 ) ) ;
#9160 = CARTESIAN_POINT ( 'NONE',  ( -1.000000000000075939, 37.23994810002849221, 21.81543655909224455 ) ) ;
#9161 = CARTESIAN_POINT ( 'NONE',  ( 11.09904976402513910, 80.83389579592666507, 11.56653928769801176 ) ) ;
#9162 = DIRECTION ( 'NONE',  ( -0.000000000000000000, -1.000000000000000000, -0.000000000000000000 ) ) ;
#9163 = CARTESIAN_POINT ( 'NONE',  ( 9.375880095515874757, 66.23906703550822783, 8.588850171939910183 ) ) ;
#9164 = CARTESIAN_POINT ( 'NONE',  ( -2.799999999999999378, 57.53491604948001736, -7.270195406179567499 ) ) ;
#9165 = AXIS2_PLACEMENT_3D ( 'NONE', #2984, #620, #2189 ) ;
#9166 = B_SPLINE_CURVE_WITH_KNOTS ( 'NONE', 3,
 ( #9465, #9513, #8722, #9869 ),
 .UNSPECIFIED., .F., .F.,
 ( 4, 4 ),
 ( 8.470329472542999629E-22, 0.0001283903908514620173 ),
 .UNSPECIFIED. ) ;
#9167 = ORIENTED_EDGE ( 'NONE', *, *, #9777, .T. ) ;
#9168 = DIRECTION ( 'NONE',  ( 0.000000000000000000, 0.000000000000000000, -1.000000000000000000 ) ) ;
#9169 = DIRECTION ( 'NONE',  ( 0.000000000000000000, 0.000000000000000000, 1.000000000000000000 ) ) ;
#9170 = VERTEX_POINT ( 'NONE', #9923 ) ;
#9171 = CARTESIAN_POINT ( 'NONE',  ( -8.386236586499739687, 50.29182918005297154, 8.729804593820377434 ) ) ;
#9172 = CARTESIAN_POINT ( 'NONE',  ( 6.418685470142448501, 66.77199444810771922, 10.75473231846209288 ) ) ;
#9173 = ORIENTED_EDGE ( 'NONE', *, *, #4739, .F. ) ;
#9174 = VERTEX_POINT ( 'NONE', #363 ) ;
#9175 = DIRECTION ( 'NONE',  ( 0.000000000000000000, -1.000000000000000000, 0.000000000000000000 ) ) ;
#9176 = ORIENTED_EDGE ( 'NONE', *, *, #5833, .F. ) ;
#9177 = ADVANCED_FACE ( 'NONE', ( #5150, #6111, #7641, #4416, #2772, #461 ), #5252, .T. ) ;
#9178 = PLANE ( 'NONE',  #9600 ) ;
#9179 = ORIENTED_EDGE ( 'NONE', *, *, #8636, .F. ) ;
#9180 = CARTESIAN_POINT ( 'NONE',  ( -9.133642802189591237, 38.73517269221089521, 20.27766095838293836 ) ) ;
#9181 = DIRECTION ( 'NONE',  ( 0.000000000000000000, 0.000000000000000000, 1.000000000000000000 ) ) ;
#9182 = AXIS2_PLACEMENT_3D ( 'NONE', #6587, #6479, #5682 ) ;
#9183 = LINE ( 'NONE', #3612, #2749 ) ;
#9184 = CARTESIAN_POINT ( 'NONE',  ( 4.660649489949149960, 31.87054094663176329, 5.069155103871286983 ) ) ;
#9185 = VERTEX_POINT ( 'NONE', #9137 ) ;
#9186 = CARTESIAN_POINT ( 'NONE',  ( -0.3230317808113383204, 65.39637529669923310, 19.17043870589283472 ) ) ;
#9187 = EDGE_LOOP ( 'NONE', ( #7485, #465, #4302, #161 ) ) ;
#9188 = CARTESIAN_POINT ( 'NONE',  ( 0.7340186939830664059, 63.43591604948001361, 7.699726625642012934 ) ) ;
#9189 = EDGE_CURVE ( 'NONE', #5674, #7029, #10164, .T. ) ;
#9190 = CARTESIAN_POINT ( 'NONE',  ( 10.44842930687332405, 38.38139982538910999, 0.6955888493202349032 ) ) ;
#9191 = VECTOR ( 'NONE', #4909, 1000.000000000000000 ) ;
#9192 = ORIENTED_EDGE ( 'NONE', *, *, #612, .T. ) ;
#9193 = EDGE_CURVE ( 'NONE', #1101, #5376, #4465, .T. ) ;
#9194 = VERTEX_POINT ( 'NONE', #314 ) ;
#9195 = CIRCLE ( 'NONE', #6144, 1.000000000000000888 ) ;
#9196 = DIRECTION ( 'NONE',  ( 0.000000000000000000, -1.000000000000000000, 0.000000000000000000 ) ) ;
#9197 = VERTEX_POINT ( 'NONE', #3514 ) ;
#9198 = CARTESIAN_POINT ( 'NONE',  ( 3.953542708762599833, 50.29182918005297154, 4.362048322684737300 ) ) ;
#9199 = CARTESIAN_POINT ( 'NONE',  ( 0.6142148151102606590, 65.53798384061056481, 0.3045724307997608737 ) ) ;
#9200 = EDGE_CURVE ( 'NONE', #2725, #4743, #3670, .T. ) ;
#9201 = CARTESIAN_POINT ( 'NONE',  ( 9.252939098755160074, 37.23994810002849221, 1.891079057438386002 ) ) ;
#9202 = VERTEX_POINT ( 'NONE', #1876 ) ;
#9203 = CARTESIAN_POINT ( 'NONE',  ( 1.025000000000016120, 66.63591604948001645, 3.311130665352026714 ) ) ;
#9204 = CARTESIAN_POINT ( 'NONE',  ( 9.168207402386208571, 37.23591604948001077, 1.987455271629476661 ) ) ;
#9205 = VECTOR ( 'NONE', #364, 1000.000000000000000 ) ;
#9206 = VECTOR ( 'NONE', #2315, 1000.000000000000000 ) ;
#9207 = ORIENTED_EDGE ( 'NONE', *, *, #9908, .T. ) ;
#9208 = ADVANCED_FACE ( 'NONE', ( #10130 ), #10079, .T. ) ;
#9209 = CIRCLE ( 'NONE', #3277, 0.9999999999999991118 ) ;
#9210 = CARTESIAN_POINT ( 'NONE',  ( -0.9986613518336129314, 66.90364080924362611, 3.306765095421718481 ) ) ;
#9211 = VERTEX_POINT ( 'NONE', #9248 ) ;
#9212 = DIRECTION ( 'NONE',  ( 0.1129614320333120481, 0.000000000000000000, -0.9935993734262233978 ) ) ;
#9213 = CYLINDRICAL_SURFACE ( 'NONE', #596, 1.000000000000000888 ) ;
#9214 = VECTOR ( 'NONE', #9594, 1000.000000000000000 ) ;
#9215 = AXIS2_PLACEMENT_3D ( 'NONE', #1102, #6810, #6707 ) ;
#9216 = CARTESIAN_POINT ( 'NONE',  ( -8.089941602581337321, 39.73591604948001077, 3.054076553612004918 ) ) ;
#9217 = EDGE_CURVE ( 'NONE', #666, #128, #411, .T. ) ;
#9218 = CARTESIAN_POINT ( 'NONE',  ( 9.168207402386160609, 37.23591604948001077, 17.47215391601143608 ) ) ;
#9219 = DIRECTION ( 'NONE',  ( 0.000000000000000000, 0.000000000000000000, 1.000000000000000000 ) ) ;
#9220 = CARTESIAN_POINT ( 'NONE',  ( 9.368638668431096050, 66.55443941349163595, 8.531207705049167700 ) ) ;
#9221 = VECTOR ( 'NONE', #6244, 1000.000000000000000 ) ;
#9222 = EDGE_CURVE ( 'NONE', #2605, #5398, #6958, .T. ) ;
#9223 = DIRECTION ( 'NONE',  ( 0.000000000000000000, 0.000000000000000000, -1.000000000000000000 ) ) ;
#9224 = CIRCLE ( 'NONE', #8540, 1.000000000000000000 ) ;
#9225 = AXIS2_PLACEMENT_3D ( 'NONE', #15, #4067, #2327 ) ;
#9226 = EDGE_LOOP ( 'NONE', ( #6684, #2812, #8398, #7962, #2721 ) ) ;
#9227 = DIRECTION ( 'NONE',  ( 0.000000000000000000, -1.000000000000000000, 0.000000000000000000 ) ) ;
#9228 = DIRECTION ( 'NONE',  ( 0.000000000000000000, 0.000000000000000000, -1.000000000000000000 ) ) ;
#9229 = DIRECTION ( 'NONE',  ( 0.000000000000000000, -1.000000000000000000, 0.000000000000000000 ) ) ;
#9230 = DIRECTION ( 'NONE',  ( 0.000000000000000000, 0.000000000000000000, -1.000000000000000000 ) ) ;
#9231 = ORIENTED_EDGE ( 'NONE', *, *, #725, .F. ) ;
#9232 = CIRCLE ( 'NONE', #10065, 1.950000000000001510 ) ;
#9233 = ORIENTED_EDGE ( 'NONE', *, *, #5696, .T. ) ;
#9234 = FACE_OUTER_BOUND ( 'NONE', #7359, .T. ) ;
#9235 = ORIENTED_EDGE ( 'NONE', *, *, #165, .F. ) ;
#9236 = VECTOR ( 'NONE', #1492, 1000.000000000000000 ) ;
#9237 = ORIENTED_EDGE ( 'NONE', *, *, #4063, .F. ) ;
#9238 = DIRECTION ( 'NONE',  ( 0.000000000000000000, -1.000000000000000000, 0.000000000000000000 ) ) ;
#9239 = FACE_BOUND ( 'NONE', #9737, .T. ) ;
#9240 = DIRECTION ( 'NONE',  ( -0.000000000000000000, -1.000000000000000000, -0.000000000000000000 ) ) ;
#9241 = CARTESIAN_POINT ( 'NONE',  ( 9.132622032379430266, 38.73069151434179247, 20.27664018857304740 ) ) ;
#9242 = ORIENTED_EDGE ( 'NONE', *, *, #3368, .F. ) ;
#9244 = VECTOR ( 'NONE', #10125, 1000.000000000000000 ) ;
#9243 = LINE ( 'NONE', #5249, #8448 ) ;
#9245 = ORIENTED_EDGE ( 'NONE', *, *, #8276, .T. ) ;
#9246 = AXIS2_PLACEMENT_3D ( 'NONE', #2688, #9268, #1120 ) ;
#9247 = ADVANCED_FACE ( 'NONE', ( #8395 ), #2878, .F. ) ;
#9248 = CARTESIAN_POINT ( 'NONE',  ( 5.301596548390190122, 39.73591604948001077, 8.458534105914930379 ) ) ;
#9249 = DIRECTION ( 'NONE',  ( -0.000000000000000000, -1.000000000000000000, -0.000000000000000000 ) ) ;
#9250 = ORIENTED_EDGE ( 'NONE', *, *, #1389, .T. ) ;
#9251 = VERTEX_POINT ( 'NONE', #4313 ) ;
#9252 = CARTESIAN_POINT ( 'NONE',  ( 0.6000000000000007550, 57.53591604948001503, -4.470195406179566788 ) ) ;
#9253 = EDGE_LOOP ( 'NONE', ( #5718, #7488, #8264, #4865 ) ) ;
#9254 = DIRECTION ( 'NONE',  ( -0.000000000000000000, -1.000000000000000000, -0.000000000000000000 ) ) ;
#9255 = DIRECTION ( 'NONE',  ( 0.000000000000000000, 0.000000000000000000, 1.000000000000000000 ) ) ;
#9256 = DIRECTION ( 'NONE',  ( 0.000000000000000000, 0.000000000000000000, 1.000000000000000000 ) ) ;
#9257 = ORIENTED_EDGE ( 'NONE', *, *, #7854, .T. ) ;
#9258 = CYLINDRICAL_SURFACE ( 'NONE', #8097, 1.749999999999999778 ) ;
#9259 = EDGE_CURVE ( 'NONE', #4885, #9299, #1387, .T. ) ;
#9260 = CARTESIAN_POINT ( 'NONE',  ( -0.9999999999999988898, 37.95821897075931872, 23.23677157388110359 ) ) ;
#9261 = ORIENTED_EDGE ( 'NONE', *, *, #2135, .T. ) ;
#9262 = CARTESIAN_POINT ( 'NONE',  ( -4.660649489949130420, 38.53591604948001503, 5.069155103871266554 ) ) ;
#9263 = ORIENTED_EDGE ( 'NONE', *, *, #1313, .F. ) ;
#9264 = VECTOR ( 'NONE', #8303, 1000.000000000000000 ) ;
#9265 = CARTESIAN_POINT ( 'NONE',  ( 8.391694066586790512, 38.53591604948001503, 11.72980459382042717 ) ) ;
#9266 = FACE_OUTER_BOUND ( 'NONE', #6415, .T. ) ;
#9267 = CARTESIAN_POINT ( 'NONE',  ( 5.296193758381059880, 33.28616858117417365, 11.00398865136947535 ) ) ;
#9268 = DIRECTION ( 'NONE',  ( -0.000000000000000000, -1.000000000000000000, -0.000000000000000000 ) ) ;
#9269 = CIRCLE ( 'NONE', #5359, 14.00000000000000355 ) ;
#9270 = EDGE_CURVE ( 'NONE', #2403, #9365, #2553, .T. ) ;
#9271 = DIRECTION ( 'NONE',  ( -0.000000000000000000, -1.000000000000000000, -0.000000000000000000 ) ) ;
#9272 = AXIS2_PLACEMENT_3D ( 'NONE', #10061, #2853, #6143 ) ;
#9273 = CARTESIAN_POINT ( 'NONE',  ( -1.599999999999999867, 57.53591604948001503, -4.470195406179566788 ) ) ;
#9274 = ORIENTED_EDGE ( 'NONE', *, *, #3125, .T. ) ;
#9275 = EDGE_CURVE ( 'NONE', #8912, #6846, #8759, .T. ) ;
#9276 = DIRECTION ( 'NONE',  ( 0.9935993734262232868, 0.000000000000000000, 0.1129614320333118399 ) ) ;
#9277 = DIRECTION ( 'NONE',  ( 0.000000000000000000, 0.000000000000000000, -1.000000000000000000 ) ) ;
#9278 = EDGE_CURVE ( 'NONE', #5313, #5060, #7803, .T. ) ;
#9279 = DIRECTION ( 'NONE',  ( 0.000000000000000000, 1.000000000000000000, 0.000000000000000000 ) ) ;
#9280 = DIRECTION ( 'NONE',  ( 0.000000000000000000, 0.000000000000000000, 1.000000000000000000 ) ) ;
#9281 = EDGE_LOOP ( 'NONE', ( #4261, #10293, #8564, #4563 ) ) ;
#9282 = EDGE_CURVE ( 'NONE', #10446, #2506, #3234, .T. ) ;
#9283 = ORIENTED_EDGE ( 'NONE', *, *, #2838, .T. ) ;
#9284 = CARTESIAN_POINT ( 'NONE',  ( -2.000000000000000000, 38.53591604948001503, 5.698675719671151718 ) ) ;
#9285 = ORIENTED_EDGE ( 'NONE', *, *, #8701, .T. ) ;
#9286 = EDGE_CURVE ( 'NONE', #5722, #1639, #1351, .T. ) ;
#9287 = EDGE_CURVE ( 'NONE', #9194, #2449, #2343, .T. ) ;
#9288 = ORIENTED_EDGE ( 'NONE', *, *, #3052, .F. ) ;
#9289 = CARTESIAN_POINT ( 'NONE',  ( -9.167102047879298610, 39.23591604948001077, 20.31112020407264751 ) ) ;
#9290 = CARTESIAN_POINT ( 'NONE',  ( 1.836734693877480007, 37.23591604948001077, 20.82885435784556805 ) ) ;
#9291 = DIRECTION ( 'NONE',  ( -0.000000000000000000, 1.000000000000000000, -0.000000000000000000 ) ) ;
#9292 = CARTESIAN_POINT ( 'NONE',  ( 9.195000000000000284, 66.63591604948001645, 9.729804593820546188 ) ) ;
#9293 = ORIENTED_EDGE ( 'NONE', *, *, #6812, .F. ) ;
#9294 = CARTESIAN_POINT ( 'NONE',  ( -0.7071067811865570096, 39.73591604948001077, 9.022697812633866832 ) ) ;
#9295 = ORIENTED_EDGE ( 'NONE', *, *, #9649, .T. ) ;
#9296 = DIRECTION ( 'NONE',  ( 0.000000000000000000, -1.000000000000000000, 0.000000000000000000 ) ) ;
#9297 = CIRCLE ( 'NONE', #8787, 6.700000000000000178 ) ;
#9298 = LINE ( 'NONE', #7694, #3784 ) ;
#9299 = VERTEX_POINT ( 'NONE', #9555 ) ;
#9300 = ORIENTED_EDGE ( 'NONE', *, *, #1384, .F. ) ;
#9301 = LINE ( 'NONE', #2036, #199 ) ;
#9302 = VECTOR ( 'NONE', #2507, 1000.000000000000227 ) ;
#9303 = ORIENTED_EDGE ( 'NONE', *, *, #7952, .T. ) ;
#9304 = DIRECTION ( 'NONE',  ( 8.659560562355003116E-17, -0.7071067811865415775, 0.7071067811865535679 ) ) ;
#9305 = AXIS2_PLACEMENT_3D ( 'NONE', #3488, #2801, #4699 ) ;
#9306 = CARTESIAN_POINT ( 'NONE',  ( -3.399999999999999467, 59.13591604948001645, -4.470195406179568565 ) ) ;
#9307 = CARTESIAN_POINT ( 'NONE',  ( -8.867759061886511418, 39.73591604948001077, 3.831894012917236303 ) ) ;
#9308 = EDGE_LOOP ( 'NONE', ( #1716, #449, #9090, #8215 ) ) ;
#9309 = DIRECTION ( 'NONE',  ( 0.000000000000000000, 1.000000000000000000, 0.000000000000000000 ) ) ;
#9310 = DIRECTION ( 'NONE',  ( 0.1129614320333118399, 0.000000000000000000, -0.9935993734262232868 ) ) ;
#9311 = VECTOR ( 'NONE', #6692, 1000.000000000000000 ) ;
#9312 = ORIENTED_EDGE ( 'NONE', *, *, #5769, .F. ) ;
#9313 = LINE ( 'NONE', #5911, #7565 ) ;
#9314 = EDGE_LOOP ( 'NONE', ( #2980, #5341 ) ) ;
#9315 = EDGE_CURVE ( 'NONE', #10290, #3229, #10174, .T. ) ;
#9316 = DIRECTION ( 'NONE',  ( 0.000000000000000000, -1.000000000000000000, 0.000000000000000000 ) ) ;
#9317 = DIRECTION ( 'NONE',  ( 0.000000000000000000, 1.000000000000000000, 0.000000000000000000 ) ) ;
#9318 = DIRECTION ( 'NONE',  ( -0.000000000000000000, -1.000000000000000000, -0.000000000000000000 ) ) ;
#9319 = DIRECTION ( 'NONE',  ( 0.000000000000000000, 0.000000000000000000, 1.000000000000000000 ) ) ;
#9320 = DIRECTION ( 'NONE',  ( 1.000000000000000000, 0.000000000000000000, 0.000000000000000000 ) ) ;
#9321 = FACE_OUTER_BOUND ( 'NONE', #7056, .T. ) ;
#9322 = ORIENTED_EDGE ( 'NONE', *, *, #4462, .F. ) ;
#9323 = VECTOR ( 'NONE', #8083, 1000.000000000000000 ) ;
#9324 = DIRECTION ( 'NONE',  ( 1.000000000000000000, 0.000000000000000000, -0.000000000000000000 ) ) ;
#9325 = EDGE_CURVE ( 'NONE', #2134, #6528, #8824, .T. ) ;
#9326 = LINE ( 'NONE', #1276, #3680 ) ;
#9327 = DIRECTION ( 'NONE',  ( 0.000000000000000000, 0.000000000000000000, -1.000000000000000000 ) ) ;
#9328 = FACE_OUTER_BOUND ( 'NONE', #5358, .T. ) ;
#9329 = ORIENTED_EDGE ( 'NONE', *, *, #328, .F. ) ;
#9330 = EDGE_CURVE ( 'NONE', #3929, #7030, #10240, .T. ) ;
#9331 = CARTESIAN_POINT ( 'NONE',  ( -0.2259228640666239296, 63.13591604948001645, 11.71700334067287308 ) ) ;
#9332 = ORIENTED_EDGE ( 'NONE', *, *, #1232, .F. ) ;
#9333 = VECTOR ( 'NONE', #8981, 1000.000000000000114 ) ;
#9334 = DIRECTION ( 'NONE',  ( 0.000000000000000000, 0.000000000000000000, 1.000000000000000000 ) ) ;
#9335 = ORIENTED_EDGE ( 'NONE', *, *, #7499, .T. ) ;
#9336 = EDGE_CURVE ( 'NONE', #2124, #4895, #3832, .T. ) ;
#9337 = DIRECTION ( 'NONE',  ( 0.000000000000000000, -1.000000000000000000, 0.000000000000000000 ) ) ;
#9338 = VERTEX_POINT ( 'NONE', #9451 ) ;
#9339 = DIRECTION ( 'NONE',  ( 0.000000000000000000, 0.000000000000000000, -1.000000000000000000 ) ) ;
#9340 = PLANE ( 'NONE',  #7310 ) ;
#9341 = DIRECTION ( 'NONE',  ( 0.000000000000000000, -1.000000000000000000, 0.000000000000000000 ) ) ;
#9342 = CARTESIAN_POINT ( 'NONE',  ( -1.000000000000000000, 39.23591604948001077, -4.234435449948514396 ) ) ;
#9343 = VERTEX_POINT ( 'NONE', #2930 ) ;
#9344 = CARTESIAN_POINT ( 'NONE',  ( 0.000000000000000000, 63.13591604948001645, 23.72980459382042540 ) ) ;
#9345 = EDGE_CURVE ( 'NONE', #8499, #1228, #3748, .T. ) ;
#9346 = ORIENTED_EDGE ( 'NONE', *, *, #878, .T. ) ;
#9347 = ADVANCED_FACE ( 'NONE', ( #2139 ), #6320, .F. ) ;
#9348 = CARTESIAN_POINT ( 'NONE',  ( 4.031128874149285224, 38.23591604948001077, 10.72980459382042540 ) ) ;
#9349 = CARTESIAN_POINT ( 'NONE',  ( 2.000000000000000000, 37.23591604948001077, -2.355827371451393315 ) ) ;
#9350 = EDGE_CURVE ( 'NONE', #3932, #4018, #3726, .T. ) ;
#9351 = ORIENTED_EDGE ( 'NONE', *, *, #9595, .F. ) ;
#9352 = ORIENTED_EDGE ( 'NONE', *, *, #5678, .F. ) ;
#9353 = DIRECTION ( 'NONE',  ( 0.000000000000000000, -1.000000000000000000, 0.000000000000000000 ) ) ;
#9354 = ORIENTED_EDGE ( 'NONE', *, *, #234, .T. ) ;
#9355 = DIRECTION ( 'NONE',  ( 0.000000000000000000, 1.000000000000000000, 0.000000000000000000 ) ) ;
#9356 = ORIENTED_EDGE ( 'NONE', *, *, #2798, .T. ) ;
#9357 = CARTESIAN_POINT ( 'NONE',  ( 1.600000000000000533, 57.53491604948001736, -4.470195406179566788 ) ) ;
#9358 = ORIENTED_EDGE ( 'NONE', *, *, #7072, .T. ) ;
#9359 = VECTOR ( 'NONE', #1490, 1000.000000000000000 ) ;
#9360 = CARTESIAN_POINT ( 'NONE',  ( -0.8949468294916311795, 66.11816875772687752, 16.16811342286997188 ) ) ;
#9361 = DIRECTION ( 'NONE',  ( 1.000000000000000000, 0.000000000000000000, 0.000000000000000000 ) ) ;
#9362 = VECTOR ( 'NONE', #4342, 1000.000000000000000 ) ;
#9363 = EDGE_LOOP ( 'NONE', ( #9699, #7470 ) ) ;
#9364 = DIRECTION ( 'NONE',  ( 0.000000000000000000, 1.000000000000000000, 0.000000000000000000 ) ) ;
#9365 = VERTEX_POINT ( 'NONE', #3876 ) ;
#9366 = ORIENTED_EDGE ( 'NONE', *, *, #10206, .T. ) ;
#9367 = CARTESIAN_POINT ( 'NONE',  ( -4.666666666666666963, 59.13591604948001645, -3.469521988328462037 ) ) ;
#9368 = VECTOR ( 'NONE', #2852, 1000.000000000000000 ) ;
#9369 = CARTESIAN_POINT ( 'NONE',  ( 4.031128874149270125, 39.73591604948001077, 7.729804593820426284 ) ) ;
#9370 = CARTESIAN_POINT ( 'NONE',  ( 1.000000000000005995, 39.73591604948001077, 13.76093346796968220 ) ) ;
#9371 = PLANE ( 'NONE',  #5371 ) ;
#9372 = DIRECTION ( 'NONE',  ( 8.659560562355008046E-17, -0.7071067811865414665, 0.7071067811865536790 ) ) ;
#9373 = CARTESIAN_POINT ( 'NONE',  ( 0.000000000000000000, 62.93591604948001361, 9.729804593820427172 ) ) ;
#9374 = ADVANCED_FACE ( 'NONE', ( #6373 ), #10334, .T. ) ;
#9375 = CARTESIAN_POINT ( 'NONE',  ( 1.999999999999924949, 80.83389579592666507, 21.81543655909224455 ) ) ;
#9376 = ORIENTED_EDGE ( 'NONE', *, *, #9628, .T. ) ;
#9377 = VECTOR ( 'NONE', #1321, 1000.000000000000000 ) ;
#9378 = DIRECTION ( 'NONE',  ( 0.1129614320333118260, 0.000000000000000000, -0.9935993734262231758 ) ) ;
#9379 = DIRECTION ( 'NONE',  ( 0.000000000000000000, -1.000000000000000000, 0.000000000000000000 ) ) ;
#9380 = CARTESIAN_POINT ( 'NONE',  ( 6.499999433794410031, 38.53591604948001503, 11.48381075208031632 ) ) ;
#9381 = DATE_AND_TIME ( #3601, #8857 ) ;
#9382 = CARTESIAN_POINT ( 'NONE',  ( 8.969675008373640068, 36.84381467316708836, 16.72298369880864755 ) ) ;
#9383 = ORIENTED_EDGE ( 'NONE', *, *, #4158, .F. ) ;
#9384 = LINE ( 'NONE', #7046, #3710 ) ;
#9385 = ORIENTED_EDGE ( 'NONE', *, *, #2214, .T. ) ;
#9386 = VECTOR ( 'NONE', #1481, 1000.000000000000114 ) ;
#9387 = VECTOR ( 'NONE', #7469, 1000.000000000000000 ) ;
#9388 = AXIS2_PLACEMENT_3D ( 'NONE', #7648, #9355, #8450 ) ;
#9389 = EDGE_CURVE ( 'NONE', #4558, #9117, #5085, .T. ) ;
#9390 = CARTESIAN_POINT ( 'NONE',  ( 6.613092715395710425E-16, 57.53591604948001503, 4.329804593820426817 ) ) ;
#9391 = VERTEX_POINT ( 'NONE', #7159 ) ;
#9392 = EDGE_CURVE ( 'NONE', #1036, #7438, #4572, .T. ) ;
#9393 = ORIENTED_EDGE ( 'NONE', *, *, #2447, .T. ) ;
#9394 = CIRCLE ( 'NONE', #2616, 12.00000000000000000 ) ;
#9395 = VECTOR ( 'NONE', #8949, 1000.000000000000000 ) ;
#9396 = LINE ( 'NONE', #2978, #876 ) ;
#9397 = LINE ( 'NONE', #2872, #4165 ) ;
#9398 = DIRECTION ( 'NONE',  ( -0.000000000000000000, 1.000000000000000000, -0.000000000000000000 ) ) ;
#9399 = ORIENTED_EDGE ( 'NONE', *, *, #239, .F. ) ;
#9400 = DIRECTION ( 'NONE',  ( 0.000000000000000000, -1.000000000000000000, 0.000000000000000000 ) ) ;
#9401 = ORIENTED_EDGE ( 'NONE', *, *, #4206, .F. ) ;
#9402 = EDGE_CURVE ( 'NONE', #7639, #9845, #10389, .T. ) ;
#9403 = DIRECTION ( 'NONE',  ( 0.000000000000000000, 0.000000000000000000, -1.000000000000000000 ) ) ;
#9405 = TOROIDAL_SURFACE ( 'NONE', #7357, 12.00000000000000000, 2.000000000000000000 ) ;
#9404 = CARTESIAN_POINT ( 'NONE',  ( -0.2229493721031010067, 63.83591604948001219, 8.149817155984505845 ) ) ;
#9406 = VERTEX_POINT ( 'NONE', #4769 ) ;
#9407 = EDGE_CURVE ( 'NONE', #6562, #9845, #8003, .T. ) ;
#9408 = VERTEX_POINT ( 'NONE', #8167 ) ;
#9409 = DIRECTION ( 'NONE',  ( 0.000000000000000000, 1.000000000000000000, 0.000000000000000000 ) ) ;
#9410 = ORIENTED_EDGE ( 'NONE', *, *, #464, .T. ) ;
#9411 = FACE_OUTER_BOUND ( 'NONE', #4850, .T. ) ;
#9412 = VERTEX_POINT ( 'NONE', #7369 ) ;
#9413 = EDGE_CURVE ( 'NONE', #1079, #9197, #10437, .T. ) ;
#9414 = CARTESIAN_POINT ( 'NONE',  ( 6.418673928468420442, 66.63591604948001645, 8.704804593820524516 ) ) ;
#9415 = ORIENTED_EDGE ( 'NONE', *, *, #1603, .T. ) ;
#9416 = CARTESIAN_POINT ( 'NONE',  ( -1.000000000000000000, 40.23591604948001077, 21.43717406778852919 ) ) ;
#9417 = EDGE_CURVE ( 'NONE', #1101, #7029, #1660, .T. ) ;
#9418 = CYLINDRICAL_SURFACE ( 'NONE', #10159, 2.000000000000000444 ) ;
#9419 = AXIS2_PLACEMENT_3D ( 'NONE', #4176, #6404, #8844 ) ;
#9420 = ORIENTED_EDGE ( 'NONE', *, *, #1796, .T. ) ;
#9421 = ADVANCED_FACE ( 'NONE', ( #9704 ), #5723, .F. ) ;
#9422 = CARTESIAN_POINT ( 'NONE',  ( -9.960045879941620939, 80.83389579592666507, 2.598185838624806898 ) ) ;
#9423 = LINE ( 'NONE', #8621, #1993 ) ;
#9424 = VERTEX_POINT ( 'NONE', #5779 ) ;
#9425 = DIRECTION ( 'NONE',  ( 0.000000000000000000, 0.000000000000000000, -1.000000000000000000 ) ) ;
#9426 = CARTESIAN_POINT ( 'NONE',  ( 6.675728040208279701, 38.53591604948001503, 17.81974619640186575 ) ) ;
#9427 = DIRECTION ( 'NONE',  ( 0.000000000000000000, 0.000000000000000000, -1.000000000000000000 ) ) ;
#9428 = CARTESIAN_POINT ( 'NONE',  ( -3.953542708762585178, 38.53591604948001503, 5.776261885057816237 ) ) ;
#9429 = DIRECTION ( 'NONE',  ( 0.000000000000000000, -1.000000000000000000, 0.000000000000000000 ) ) ;
#9430 = FACE_OUTER_BOUND ( 'NONE', #9603, .T. ) ;
#9431 = DIRECTION ( 'NONE',  ( -0.000000000000000000, -1.000000000000000000, -0.000000000000000000 ) ) ;
#9432 = ORIENTED_EDGE ( 'NONE', *, *, #485, .T. ) ;
#9433 = DIRECTION ( 'NONE',  ( 0.000000000000000000, 0.000000000000000000, -1.000000000000000000 ) ) ;
#9434 = CARTESIAN_POINT ( 'NONE',  ( 0.000000000000000000, 59.13591604948001645, 9.729804593820427172 ) ) ;
#9435 = DIRECTION ( 'NONE',  ( 0.000000000000000000, 0.000000000000000000, -1.000000000000000000 ) ) ;
#9436 = ADVANCED_FACE ( 'NONE', ( #3977 ), #980, .F. ) ;
#9437 = DIRECTION ( 'NONE',  ( 0.000000000000000000, 1.000000000000000000, 0.000000000000000000 ) ) ;
#9438 = VERTEX_POINT ( 'NONE', #38 ) ;
#9439 = VECTOR ( 'NONE', #5086, 1000.000000000000000 ) ;
#9440 = CARTESIAN_POINT ( 'NONE',  ( 0.000000000000000000, 63.13591604948001645, 5.829804593820425929 ) ) ;
#9441 = DIRECTION ( 'NONE',  ( 0.000000000000000000, 0.000000000000000000, -1.000000000000000000 ) ) ;
#9442 = EDGE_LOOP ( 'NONE', ( #1653, #2884, #10127, #7420 ) ) ;
#9443 = ORIENTED_EDGE ( 'NONE', *, *, #4656, .F. ) ;
#9444 = CARTESIAN_POINT ( 'NONE',  ( 2.449999999999999734, 59.14591604948001446, -7.770195406179568387 ) ) ;
#9445 = ADVANCED_FACE ( 'NONE', ( #2552 ), #2272, .F. ) ;
#9446 = LINE ( 'NONE', #712, #288 ) ;
#9447 = ORIENTED_EDGE ( 'NONE', *, *, #545, .T. ) ;
#9448 = CARTESIAN_POINT ( 'NONE',  ( 9.960045879941660019, 38.53591604948001503, 16.86142334901598616 ) ) ;
#9449 = B_SPLINE_CURVE_WITH_KNOTS ( 'NONE', 3,
 ( #9159, #8412, #7661, #5269 ),
 .UNSPECIFIED., .F., .F.,
 ( 4, 4 ),
 ( 8.470329472542999629E-22, 0.0001283903908514722088 ),
 .UNSPECIFIED. ) ;
#9450 = VERTEX_POINT ( 'NONE', #8222 ) ;
#9451 = CARTESIAN_POINT ( 'NONE',  ( 1.000000000000000000, 39.73591604948001077, 5.698675719671151718 ) ) ;
#9452 = SECURITY_CLASSIFICATION_LEVEL ( 'unclassified' ) ;
#9453 = ORIENTED_EDGE ( 'NONE', *, *, #5878, .T. ) ;
#9454 = ORIENTED_EDGE ( 'NONE', *, *, #9066, .T. ) ;
#9455 = DIRECTION ( 'NONE',  ( 0.000000000000000000, 0.000000000000000000, -1.000000000000000000 ) ) ;
#9456 = DIRECTION ( 'NONE',  ( 0.1129614320333117844, 0.000000000000000000, -0.9935993734262232868 ) ) ;
#9457 = EDGE_CURVE ( 'NONE', #2653, #5890, #3238, .T. ) ;
#9458 = CARTESIAN_POINT ( 'NONE',  ( -4.031128874149304764, 38.53591604948001503, 8.729804593820452041 ) ) ;
#9459 = ORIENTED_EDGE ( 'NONE', *, *, #5044, .T. ) ;
#9460 = CYLINDRICAL_SURFACE ( 'NONE', #2866, 0.1999999999999996780 ) ;
#9461 = ORIENTED_EDGE ( 'NONE', *, *, #103, .T. ) ;
#9462 = CARTESIAN_POINT ( 'NONE',  ( 0.000000000000000000, 74.83591604948000509, 9.729804593820427172 ) ) ;
#9463 = AXIS2_PLACEMENT_3D ( 'NONE', #1733, #8191, #5801 ) ;
#9464 = EDGE_CURVE ( 'NONE', #6377, #2134, #3346, .T. ) ;
#9465 = CARTESIAN_POINT ( 'NONE',  ( -12.08563196527182093, 37.23994810002849221, 10.72980459382031349 ) ) ;
#9466 = ORIENTED_EDGE ( 'NONE', *, *, #4448, .T. ) ;
#9467 = AXIS2_PLACEMENT_3D ( 'NONE', #8279, #153, #4036 ) ;
#9468 = CARTESIAN_POINT ( 'NONE',  ( 0.3194537772255156005, 67.86790682482376269, 19.16972851138396194 ) ) ;
#9469 = ORIENTED_EDGE ( 'NONE', *, *, #6689, .T. ) ;
#9470 = ADVANCED_FACE ( 'NONE', ( #4143 ), #2445, .F. ) ;
#9471 = ORIENTED_EDGE ( 'NONE', *, *, #2838, .F. ) ;
#9472 = CARTESIAN_POINT ( 'NONE',  ( -0.5463643482676924235, 63.43591604948001361, 7.453516826656086280 ) ) ;
#9473 = CARTESIAN_POINT ( 'NONE',  ( 6.499999433794410031, 33.28616858117417365, 9.733810752080316320 ) ) ;
#9474 = CARTESIAN_POINT ( 'NONE',  ( 9.415617678604663254, 67.63553808331444372, 10.47717561748959092 ) ) ;
#9475 = CARTESIAN_POINT ( 'NONE',  ( 7.838725536382070480, 37.23994810002849221, 0.4768654950652855828 ) ) ;
#9476 = EDGE_CURVE ( 'NONE', #6562, #7022, #9070, .T. ) ;
#9477 = CARTESIAN_POINT ( 'NONE',  ( 2.449293598294706414E-16, 63.13591604948001645, 11.72980459382042717 ) ) ;
#9478 = AXIS2_PLACEMENT_3D ( 'NONE', #2488, #2537, #4014 ) ;
#9479 = LINE ( 'NONE', #2220, #6999 ) ;
#9480 = AXIS2_PLACEMENT_3D ( 'NONE', #4628, #4471, #5420 ) ;
#9481 = VERTEX_POINT ( 'NONE', #8111 ) ;
#9482 = LINE ( 'NONE', #5497, #5621 ) ;
#9483 = CARTESIAN_POINT ( 'NONE',  ( -6.499999897834149998, 39.73591604948001077, 9.730957050364331451 ) ) ;
#9484 = AXIS2_PLACEMENT_3D ( 'NONE', #7533, #5194, #5142 ) ;
#9485 = AXIS2_PLACEMENT_3D ( 'NONE', #8406, #323, #8347 ) ;
#9486 = DIRECTION ( 'NONE',  ( 0.000000000000000000, 1.000000000000000000, 1.081498426419455997E-17 ) ) ;
#9487 = DIRECTION ( 'NONE',  ( 0.000000000000000000, 0.000000000000000000, 1.000000000000000000 ) ) ;
#9488 = VERTEX_POINT ( 'NONE', #141 ) ;
#9489 = CIRCLE ( 'NONE', #1374, 2.000000000000000000 ) ;
#9490 = DIRECTION ( 'NONE',  ( 0.000000000000000000, 1.000000000000000000, 0.000000000000000000 ) ) ;
#9491 = DIRECTION ( 'NONE',  ( 0.000000000000000000, -1.000000000000000000, 0.000000000000000000 ) ) ;
#9492 = VECTOR ( 'NONE', #3319, 1000.000000000000000 ) ;
#9493 = ORIENTED_EDGE ( 'NONE', *, *, #9833, .F. ) ;
#9494 = VERTEX_POINT ( 'NONE', #6581 ) ;
#9495 = CARTESIAN_POINT ( 'NONE',  ( 6.549445795587730323, 80.83389579592666507, 0.5828236836698964529 ) ) ;
#9496 = CIRCLE ( 'NONE', #384, 11.25000000000000178 ) ;
#9497 = CARTESIAN_POINT ( 'NONE',  ( 0.000000000000000000, 80.83389579592666507, 9.729804593820427172 ) ) ;
#9498 = VERTEX_POINT ( 'NONE', #2600 ) ;
#9499 = CARTESIAN_POINT ( 'NONE',  ( -0.4499999999999994560, 59.14591604948001446, -4.470195406179568565 ) ) ;
#9500 = ORIENTED_EDGE ( 'NONE', *, *, #3611, .F. ) ;
#9501 = DIRECTION ( 'NONE',  ( 0.000000000000000000, -1.000000000000000000, 0.000000000000000000 ) ) ;
#9502 = EDGE_CURVE ( 'NONE', #7219, #8101, #9807, .T. ) ;
#9503 = ORIENTED_EDGE ( 'NONE', *, *, #6066, .F. ) ;
#9504 = ORIENTED_EDGE ( 'NONE', *, *, #2332, .F. ) ;
#9505 = DIRECTION ( 'NONE',  ( 0.000000000000000000, -1.000000000000000000, 0.000000000000000000 ) ) ;
#9506 = CARTESIAN_POINT ( 'NONE',  ( 1.000000000000000222, 37.68099700768451754, -3.515604785390280984 ) ) ;
#9507 = LINE ( 'NONE', #720, #2165 ) ;
#9508 = VERTEX_POINT ( 'NONE', #2392 ) ;
#9509 = CARTESIAN_POINT ( 'NONE',  ( 0.000000000000000000, 37.23591604948001077, 9.729804593820427172 ) ) ;
#9510 = ORIENTED_EDGE ( 'NONE', *, *, #1121, .F. ) ;
#9511 = DIRECTION ( 'NONE',  ( 0.000000000000000000, 0.000000000000000000, -1.000000000000000000 ) ) ;
#9512 = ADVANCED_FACE ( 'NONE', ( #196, #3397 ), #1761, .T. ) ;
#9513 = CARTESIAN_POINT ( 'NONE',  ( -12.04292086282118035, 37.23724115402391988, 10.72980459382031349 ) ) ;
#9514 = EDGE_CURVE ( 'NONE', #9920, #4474, #9645, .T. ) ;
#9515 = ORIENTED_EDGE ( 'NONE', *, *, #1806, .F. ) ;
#9516 = B_SPLINE_CURVE_WITH_KNOTS ( 'NONE', 3,
 ( #8034, #4001, #7235, #3211, #9679, #6449, #2826, #2140, #9190, #5303, #1148, #6804 ),
 .UNSPECIFIED., .F., .F.,
 ( 4, 2, 2, 2, 2, 4 ),
 ( 0.000000000000000000, 0.2500000000000011657, 0.5000000000000023315, 0.6250000000000033307, 0.7500000000000044409, 1.000000000000000000 ),
 .UNSPECIFIED. ) ;
#9517 = DIRECTION ( 'NONE',  ( 0.000000000000000000, 1.000000000000000000, 0.000000000000000000 ) ) ;
#9518 = VERTEX_POINT ( 'NONE', #6685 ) ;
#9519 = EDGE_CURVE ( 'NONE', #979, #4943, #6673, .T. ) ;
#9520 = AXIS2_PLACEMENT_3D ( 'NONE', #6104, #6353, #6051 ) ;
#9521 = EDGE_LOOP ( 'NONE', ( #10171, #1882, #677, #1256 ) ) ;
#9522 = FACE_OUTER_BOUND ( 'NONE', #3183, .T. ) ;
#9523 = LINE ( 'NONE', #6342, #2430 ) ;
#9524 = CARTESIAN_POINT ( 'NONE',  ( 1.500000000000000444, 59.14591604948001446, -4.470195406179568565 ) ) ;
#9525 = DIRECTION ( 'NONE',  ( -9.020562075079389318E-14, 0.000000000000000000, -1.000000000000000000 ) ) ;
#9526 = VECTOR ( 'NONE', #8996, 1000.000000000000000 ) ;
#9527 = EDGE_CURVE ( 'NONE', #666, #1475, #8192, .T. ) ;
#9528 = CARTESIAN_POINT ( 'NONE',  ( 0.5179741195002161014, 67.53078948444512264, 16.21035511866746148 ) ) ;
#9529 = EDGE_CURVE ( 'NONE', #5167, #4472, #4400, .T. ) ;
#9530 = CARTESIAN_POINT ( 'NONE',  ( 10.44090513317689961, 38.53591604948001503, 7.629804593820427527 ) ) ;
#9531 = ORIENTED_EDGE ( 'NONE', *, *, #6537, .T. ) ;
#9532 = AXIS2_PLACEMENT_3D ( 'NONE', #5279, #1127, #6939 ) ;
#9533 = DIRECTION ( 'NONE',  ( 0.7071067811865330288, 0.000000000000000000, 0.7071067811865621167 ) ) ;
#9534 = EDGE_CURVE ( 'NONE', #7696, #6055, #5989, .T. ) ;
#9535 = DIRECTION ( 'NONE',  ( 0.000000000000000000, 0.000000000000000000, 1.000000000000000000 ) ) ;
#9536 = CARTESIAN_POINT ( 'NONE',  ( -0.1621665212098644948, 67.90231362250875691, 0.2858691479259209411 ) ) ;
#9537 = AXIS2_PLACEMENT_3D ( 'NONE', #4119, #1790, #282 ) ;
#9538 = DIRECTION ( 'NONE',  ( -1.000000000000000000, 0.000000000000000000, 0.000000000000000000 ) ) ;
#9539 = DIRECTION ( 'NONE',  ( 7.885106708985484498E-15, 0.000000000000000000, -1.000000000000000000 ) ) ;
#9540 = EDGE_LOOP ( 'NONE', ( #2880, #8162, #3746, #392, #3274, #7216, #4509, #3987, #2360, #6126 ) ) ;
#9541 = ADVANCED_FACE ( 'NONE', ( #3553 ), #6501, .T. ) ;
#9542 = FACE_BOUND ( 'NONE', #5092, .T. ) ;
#9543 = DIRECTION ( 'NONE',  ( 0.000000000000000000, -1.000000000000000000, 0.000000000000000000 ) ) ;
#9544 = CIRCLE ( 'NONE', #8006, 0.7999999999999899414 ) ;
#9545 = VECTOR ( 'NONE', #8934, 1000.000000000000000 ) ;
#9546 = ORIENTED_EDGE ( 'NONE', *, *, #5964, .T. ) ;
#9547 = EDGE_LOOP ( 'NONE', ( #358, #6696, #3362, #7061 ) ) ;
#9548 = CARTESIAN_POINT ( 'NONE',  ( -0.4499999999999994560, 59.14591604948001446, -4.470195406179568565 ) ) ;
#9549 = DIRECTION ( 'NONE',  ( 0.000000000000000000, -1.000000000000000000, 0.000000000000000000 ) ) ;
#9550 = ORIENTED_EDGE ( 'NONE', *, *, #8434, .T. ) ;
#9551 = AXIS2_PLACEMENT_3D ( 'NONE', #1446, #1397, #7096 ) ;
#9552 = VECTOR ( 'NONE', #8965, 1000.000000000000000 ) ;
#9553 = CARTESIAN_POINT ( 'NONE',  ( 3.700000000000000178, 57.53591604948001503, -7.970195406179570341 ) ) ;
#9554 = ORIENTED_EDGE ( 'NONE', *, *, #7133, .F. ) ;
#9555 = CARTESIAN_POINT ( 'NONE',  ( 9.167102047879220450, 39.23591604948001077, -0.8515110164318533403 ) ) ;
#9556 = PERSON_AND_ORGANIZATION ( #1306, #8001 ) ;
#9557 = AXIS2_PLACEMENT_3D ( 'NONE', #3432, #7512, #1847 ) ;
#9558 = CIRCLE ( 'NONE', #2443, 0.09999999999999968636 ) ;
#9559 = EDGE_LOOP ( 'NONE', ( #6049, #3184, #9765, #9670 ) ) ;
#9560 = DIRECTION ( 'NONE',  ( 0.7071067811865464625, 0.000000000000000000, 0.7071067811865485719 ) ) ;
#9561 = CARTESIAN_POINT ( 'NONE',  ( 2.449999999999999734, 59.14591604948001446, -7.770195406179568387 ) ) ;
#9562 = PLANE ( 'NONE',  #159 ) ;
#9563 = VERTEX_POINT ( 'NONE', #6734 ) ;
#9564 = EDGE_CURVE ( 'NONE', #1712, #7618, #5238, .T. ) ;
#9565 = DIRECTION ( 'NONE',  ( 0.000000000000000000, 0.000000000000000000, 1.000000000000000000 ) ) ;
#9566 = VERTEX_POINT ( 'NONE', #8270 ) ;
#9567 = CARTESIAN_POINT ( 'NONE',  ( -0.2675586336725089276, 65.63709329430153616, 16.22552054368414076 ) ) ;
#9568 = CIRCLE ( 'NONE', #4987, 1.100000000000000311 ) ;
#9569 = DIRECTION ( 'NONE',  ( -0.7071067811865495711, 0.000000000000000000, 0.7071067811865455743 ) ) ;
#9570 = VERTEX_POINT ( 'NONE', #4298 ) ;
#9571 = EDGE_LOOP ( 'NONE', ( #5642, #4988, #8849, #3405 ) ) ;
#9572 = AXIS2_PLACEMENT_3D ( 'NONE', #2857, #496, #9487 ) ;
#9573 = PLANE ( 'NONE',  #7389 ) ;
#9574 = CARTESIAN_POINT ( 'NONE',  ( -5.367756271135689872, 38.53591604948001503, 13.68334730258300169 ) ) ;
#9575 = ORIENTED_EDGE ( 'NONE', *, *, #8225, .T. ) ;
#9576 = LINE ( 'NONE', #535, #6834 ) ;
#9577 = DIRECTION ( 'NONE',  ( 0.000000000000000000, -0.7071067811865474617, -0.7071067811865474617 ) ) ;
#9578 = EDGE_CURVE ( 'NONE', #5298, #6074, #5654, .T. ) ;
#9579 = DIRECTION ( 'NONE',  ( 0.000000000000000000, 0.000000000000000000, -1.000000000000000000 ) ) ;
#9580 = DIRECTION ( 'NONE',  ( 0.000000000000000000, -1.000000000000000000, 0.000000000000000000 ) ) ;
#9581 = DIRECTION ( 'NONE',  ( 0.000000000000000000, -1.000000000000000000, 0.000000000000000000 ) ) ;
#9582 = VECTOR ( 'NONE', #3221, 1000.000000000000114 ) ;
#9583 = DIRECTION ( 'NONE',  ( 0.7071067811865580088, 0.000000000000000000, -0.7071067811865370256 ) ) ;
#9584 = ORIENTED_EDGE ( 'NONE', *, *, #8860, .T. ) ;
#9585 = DIRECTION ( 'NONE',  ( 0.000000000000000000, 1.000000000000000000, 0.000000000000000000 ) ) ;
#9586 = DIRECTION ( 'NONE',  ( 0.000000000000000000, 1.000000000000000000, 0.000000000000000000 ) ) ;
#9587 = FACE_OUTER_BOUND ( 'NONE', #1153, .T. ) ;
#9588 = DIRECTION ( 'NONE',  ( 0.000000000000000000, 1.000000000000000000, 0.000000000000000000 ) ) ;
#9589 = EDGE_CURVE ( 'NONE', #1242, #9518, #3622, .T. ) ;
#9590 = LINE ( 'NONE', #2074, #5513 ) ;
#9591 = DIRECTION ( 'NONE',  ( 0.000000000000000000, -1.000000000000000000, -1.081498426419455997E-17 ) ) ;
#9592 = ORIENTED_EDGE ( 'NONE', *, *, #5314, .T. ) ;
#9593 = DIRECTION ( 'NONE',  ( 0.000000000000000000, 0.000000000000000000, 1.000000000000000000 ) ) ;
#9594 = DIRECTION ( 'NONE',  ( 0.000000000000000000, -1.000000000000000000, 0.000000000000000000 ) ) ;
#9595 = EDGE_CURVE ( 'NONE', #10415, #9100, #400, .T. ) ;
#9596 = EDGE_LOOP ( 'NONE', ( #3850, #5847, #6156, #9692 ) ) ;
#9597 = EDGE_CURVE ( 'NONE', #9194, #6489, #2758, .T. ) ;
#9598 = ORIENTED_EDGE ( 'NONE', *, *, #236, .T. ) ;
#9599 = CARTESIAN_POINT ( 'NONE',  ( -10.06884886541840629, 37.69137366613513507, 1.075169290774885988 ) ) ;
#9600 = AXIS2_PLACEMENT_3D ( 'NONE', #2655, #9618, #8326 ) ;
#9601 = ADVANCED_FACE ( 'NONE', ( #9234 ), #1137, .F. ) ;
#9602 = ORIENTED_EDGE ( 'NONE', *, *, #7706, .F. ) ;
#9603 = EDGE_LOOP ( 'NONE', ( #2999, #4358, #4859, #1568, #360 ) ) ;
#9604 = AXIS2_PLACEMENT_3D ( 'NONE', #8294, #1053, #2197 ) ;
#9605 = CARTESIAN_POINT ( 'NONE',  ( 9.252939098755170733, 38.53591604948001503, 1.891079057438386002 ) ) ;
#9606 = EDGE_CURVE ( 'NONE', #8269, #1441, #5082, .T. ) ;
#9607 = VECTOR ( 'NONE', #4393, 1000.000000000000000 ) ;
#9608 = ORIENTED_EDGE ( 'NONE', *, *, #6332, .T. ) ;
#9609 = CARTESIAN_POINT ( 'NONE',  ( 0.8429606335300445785, 39.23591604948001077, 23.70440359952784348 ) ) ;
#9610 = CARTESIAN_POINT ( 'NONE',  ( 5.301596548390189234, 38.53591604948001503, 8.458534105914926826 ) ) ;
#9611 = ORIENTED_EDGE ( 'NONE', *, *, #4724, .T. ) ;
#9612 = LINE ( 'NONE', #2350, #1523 ) ;
#9613 = VERTEX_POINT ( 'NONE', #7679 ) ;
#9614 = CARTESIAN_POINT ( 'NONE',  ( 10.58131561025223810, 50.29182918005297154, 18.89690664169968315 ) ) ;
#9615 = DIRECTION ( 'NONE',  ( -0.000000000000000000, -1.000000000000000000, -0.000000000000000000 ) ) ;
#9616 = VERTEX_POINT ( 'NONE', #10067 ) ;
#9617 = VERTEX_POINT ( 'NONE', #6044 ) ;
#9618 = DIRECTION ( 'NONE',  ( 0.9636954551654055567, 0.000000000000000000, 0.2670038758024720349 ) ) ;
#9619 = DIRECTION ( 'NONE',  ( 0.000000000000000000, 1.000000000000000000, 0.000000000000000000 ) ) ;
#9620 = ORIENTED_EDGE ( 'NONE', *, *, #4931, .F. ) ;
#9621 = CARTESIAN_POINT ( 'NONE',  ( 1.000000000000000000, 39.73591604948001077, -2.355827371451374219 ) ) ;
#9622 = DIRECTION ( 'NONE',  ( -0.1129614320333120481, 0.000000000000000000, 0.9935993734262233978 ) ) ;
#9623 = CARTESIAN_POINT ( 'NONE',  ( 8.017529593547408240, 37.25597432290893352, 0.2980614378999627001 ) ) ;
#9624 = LINE ( 'NONE', #4796, #530 ) ;
#9625 = FACE_OUTER_BOUND ( 'NONE', #6384, .T. ) ;
#9626 = AXIS2_PLACEMENT_3D ( 'NONE', #6852, #6801, #459 ) ;
#9627 = ORIENTED_EDGE ( 'NONE', *, *, #4000, .F. ) ;
#9628 = EDGE_CURVE ( 'NONE', #1441, #9508, #3453, .T. ) ;
#9629 = DIRECTION ( 'NONE',  ( 0.000000000000000000, -1.000000000000000000, 0.000000000000000000 ) ) ;
#9630 = CARTESIAN_POINT ( 'NONE',  ( 0.000000000000000000, 39.23591604948001077, 9.729804593820427172 ) ) ;
#9631 = CARTESIAN_POINT ( 'NONE',  ( -9.368642416960735630, 66.80022243761494849, 8.531237003904402982 ) ) ;
#9632 = DIRECTION ( 'NONE',  ( 0.000000000000000000, 0.000000000000000000, 1.000000000000000000 ) ) ;
#9634 = DIRECTION ( 'NONE',  ( 0.000000000000000000, 1.000000000000000000, 0.000000000000000000 ) ) ;
#9633 = VECTOR ( 'NONE', #896, 1000.000000000000000 ) ;
#9635 = CARTESIAN_POINT ( 'NONE',  ( -4.613763209168509682, 39.73591604948001077, 8.729804593820441383 ) ) ;
#9636 = ORIENTED_EDGE ( 'NONE', *, *, #3469, .F. ) ;
#9637 = AXIS2_PLACEMENT_3D ( 'NONE', #4651, #7134, #5331 ) ;
#9638 = CARTESIAN_POINT ( 'NONE',  ( 0.000000000000000000, 63.13591604948001645, 9.729804593820427172 ) ) ;
#9639 = CIRCLE ( 'NONE', #6422, 0.9999999999999991118 ) ;
#9640 = DIRECTION ( 'NONE',  ( 0.000000000000000000, -1.000000000000000000, 0.000000000000000000 ) ) ;
#9641 = ORIENTED_EDGE ( 'NONE', *, *, #10181, .T. ) ;
#9642 = EDGE_CURVE ( 'NONE', #5859, #6909, #2065, .T. ) ;
#9643 = CIRCLE ( 'NONE', #529, 3.499999999999999556 ) ;
#9644 = CIRCLE ( 'NONE', #3527, 14.00000000000000000 ) ;
#9645 = B_SPLINE_CURVE_WITH_KNOTS ( 'NONE', 3,
 ( #90, #5618, #6530, #3292, #1714, #8859, #1612, #4822, #4028, #3500, #10008, #1179, #6894, #5135 ),
 .UNSPECIFIED., .F., .F.,
 ( 4, 2, 2, 2, 2, 2, 4 ),
 ( 0.000000000000000000, 0.2500000000000117129, 0.5000000000000234257, 0.6250000000000291989, 0.6875000000000257572, 0.7500000000000223155, 1.000000000000000000 ),
 .UNSPECIFIED. ) ;
#9646 = ORIENTED_EDGE ( 'NONE', *, *, #2280, .F. ) ;
#9647 = CARTESIAN_POINT ( 'NONE',  ( 0.5999999999999999778, 57.53491604948001736, -7.270195406179567499 ) ) ;
#9648 = CIRCLE ( 'NONE', #6780, 1.000000000000000888 ) ;
#9649 = EDGE_CURVE ( 'NONE', #9450, #2611, #248, .T. ) ;
#9650 = LINE ( 'NONE', #33, #8216 ) ;
#9651 = ORIENTED_EDGE ( 'NONE', *, *, #5149, .F. ) ;
#9652 = ORIENTED_EDGE ( 'NONE', *, *, #8132, .F. ) ;
#9653 = AXIS2_PLACEMENT_3D ( 'NONE', #4269, #3418, #6503 ) ;
#9654 = DIRECTION ( 'NONE',  ( -1.000000000000000000, 0.000000000000000000, 0.000000000000000000 ) ) ;
#9655 = ADVANCED_FACE ( 'NONE', ( #5879 ), #9120, .F. ) ;
#9656 = VECTOR ( 'NONE', #993, 1000.000000000000000 ) ;
#9657 = VERTEX_POINT ( 'NONE', #4664 ) ;
#9658 = DIRECTION ( 'NONE',  ( 0.000000000000000000, 0.000000000000000000, -1.000000000000000000 ) ) ;
#9659 = CARTESIAN_POINT ( 'NONE',  ( 8.867759061886591354, 39.73591604948001077, 2.731894012917367220 ) ) ;
#9660 = EDGE_CURVE ( 'NONE', #9170, #6276, #2954, .T. ) ;
#9661 = CARTESIAN_POINT ( 'NONE',  ( -4.611320862630040374, 39.73591604948001077, 10.72980459382044138 ) ) ;
#9662 = CYLINDRICAL_SURFACE ( 'NONE', #5664, 0.09999999999999983902 ) ;
#9663 = VERTEX_POINT ( 'NONE', #5506 ) ;
#9664 = LINE ( 'NONE', #9712, #8618 ) ;
#9665 = ORIENTED_EDGE ( 'NONE', *, *, #4289, .T. ) ;
#9666 = DIRECTION ( 'NONE',  ( 0.000000000000000000, 1.000000000000000000, 0.000000000000000000 ) ) ;
#9667 = ADVANCED_FACE ( 'NONE', ( #7789 ), #7048, .F. ) ;
#9668 = LINE ( 'NONE', #158, #7626 ) ;
#9669 = VERTEX_POINT ( 'NONE', #500 ) ;
#9670 = ORIENTED_EDGE ( 'NONE', *, *, #1641, .F. ) ;
#9671 = CARTESIAN_POINT ( 'NONE',  ( 1.836734693877549951, 38.53591604948001503, -1.369245170204713036 ) ) ;
#9672 = CARTESIAN_POINT ( 'NONE',  ( 10.41533402676699360, 38.26307533229429936, 18.73092505821443510 ) ) ;
#9673 = ORIENTED_EDGE ( 'NONE', *, *, #509, .T. ) ;
#9674 = PLANE ( 'NONE',  #3786 ) ;
#9675 = DIRECTION ( 'NONE',  ( 0.000000000000000000, 1.000000000000000000, 0.000000000000000000 ) ) ;
#9676 = CARTESIAN_POINT ( 'NONE',  ( 8.905686027007115868, 38.05145355645110783, -0.5900949955597444285 ) ) ;
#9677 = CARTESIAN_POINT ( 'NONE',  ( 0.000000000000000000, 68.93591604948001361, 9.729804593820427172 ) ) ;
#9678 = CYLINDRICAL_SURFACE ( 'NONE', #2031, 1.749999999999999778 ) ;
#9679 = CARTESIAN_POINT ( 'NONE',  ( 10.07302557281886912, 37.68099700768666338, 1.070992583374686724 ) ) ;
#9680 = ORIENTED_EDGE ( 'NONE', *, *, #8156, .T. ) ;
#9681 = DIRECTION ( 'NONE',  ( 0.000000000000000000, 1.000000000000000000, 0.000000000000000000 ) ) ;
#9682 = CYLINDRICAL_SURFACE ( 'NONE', #8341, 1.100000000000000311 ) ;
#9683 = CARTESIAN_POINT ( 'NONE',  ( -9.436957299320109627, 67.84190634186239777, 10.12645560785776233 ) ) ;
#9684 = DIRECTION ( 'NONE',  ( 0.000000000000000000, -1.000000000000000000, 0.000000000000000000 ) ) ;
#9685 = DIRECTION ( 'NONE',  ( 0.000000000000000000, -1.000000000000000000, 0.000000000000000000 ) ) ;
#9686 = CARTESIAN_POINT ( 'NONE',  ( 5.367756271135692536, 39.73591604948001077, 5.776261885057840217 ) ) ;
#9687 = VERTEX_POINT ( 'NONE', #7892 ) ;
#9688 = EDGE_CURVE ( 'NONE', #3778, #6494, #656, .T. ) ;
#9689 = FACE_OUTER_BOUND ( 'NONE', #9809, .T. ) ;
#9690 = CARTESIAN_POINT ( 'NONE',  ( -1.198633929408829957, 66.63591604948001645, 19.09843852322923752 ) ) ;
#9691 = VECTOR ( 'NONE', #4851, 1000.000000000000114 ) ;
#9692 = ORIENTED_EDGE ( 'NONE', *, *, #3039, .T. ) ;
#9693 = ORIENTED_EDGE ( 'NONE', *, *, #9791, .T. ) ;
#9694 = CIRCLE ( 'NONE', #581, 1.000000000000000888 ) ;
#9695 = FACE_OUTER_BOUND ( 'NONE', #7001, .T. ) ;
#9696 = EDGE_LOOP ( 'NONE', ( #3980, #8665 ) ) ;
#9697 = CARTESIAN_POINT ( 'NONE',  ( -10.13536548265363280, 37.77423283245934016, 1.008652673539657041 ) ) ;
#9698 = DIRECTION ( 'NONE',  ( 0.000000000000000000, -1.000000000000000000, 0.000000000000000000 ) ) ;
#9699 = ORIENTED_EDGE ( 'NONE', *, *, #7826, .T. ) ;
#9700 = EDGE_CURVE ( 'NONE', #3229, #9980, #3867, .T. ) ;
#9701 = ORIENTED_EDGE ( 'NONE', *, *, #8037, .T. ) ;
#9702 = CIRCLE ( 'NONE', #591, 1.000000000000000000 ) ;
#9703 = CONICAL_SURFACE ( 'NONE', #5469, 3.900000000000000799, 0.7853981633974570498 ) ;
#9704 = FACE_OUTER_BOUND ( 'NONE', #8984, .T. ) ;
#9705 = EDGE_CURVE ( 'NONE', #5580, #2613, #6208, .T. ) ;
#9706 = ORIENTED_EDGE ( 'NONE', *, *, #7764, .T. ) ;
#9707 = VECTOR ( 'NONE', #2011, 1000.000000000000000 ) ;
#9708 = LINE ( 'NONE', #7371, #2707 ) ;
#9709 = CARTESIAN_POINT ( 'NONE',  ( -6.418673928468400014, 66.63591604948001645, 8.704804593820389513 ) ) ;
#9710 = ORIENTED_EDGE ( 'NONE', *, *, #3799, .F. ) ;
#9711 = EDGE_CURVE ( 'NONE', #8612, #6840, #4468, .T. ) ;
#9712 = CARTESIAN_POINT ( 'NONE',  ( -1.723387009752960015E-14, 39.73591604948001077, 10.72980459382052132 ) ) ;
#9713 = ORIENTED_EDGE ( 'NONE', *, *, #3027, .T. ) ;
#9714 = DIRECTION ( 'NONE',  ( 0.000000000000000000, -1.000000000000000000, 0.000000000000000000 ) ) ;
#9715 = VECTOR ( 'NONE', #1633, 1000.000000000000000 ) ;
#9716 = DIRECTION ( 'NONE',  ( 0.000000000000000000, 1.000000000000000000, 0.000000000000000000 ) ) ;
#9717 = VECTOR ( 'NONE', #7210, 1000.000000000000114 ) ;
#9718 = AXIS2_PLACEMENT_3D ( 'NONE', #3961, #1691, #2376 ) ;
#9719 = ADVANCED_FACE ( 'NONE', ( #8747 ), #5345, .F. ) ;
#9720 = ORIENTED_EDGE ( 'NONE', *, *, #489, .F. ) ;
#9721 = EDGE_LOOP ( 'NONE', ( #9231, #6057, #7205, #880, #3783, #1510, #5951 ) ) ;
#9722 = FACE_OUTER_BOUND ( 'NONE', #6265, .T. ) ;
#9723 = EDGE_CURVE ( 'NONE', #1552, #7618, #93, .T. ) ;
#9724 = CARTESIAN_POINT ( 'NONE',  ( -9.429379227075662229, 65.49909899746333508, 10.27798904543413983 ) ) ;
#9725 = VERTEX_POINT ( 'NONE', #8589 ) ;
#9726 = CARTESIAN_POINT ( 'NONE',  ( 4.286263797015737088E-16, 63.13591604948001645, 13.22980459382042895 ) ) ;
#9727 = CARTESIAN_POINT ( 'NONE',  ( 1.836734693877549951, 80.83389579592666507, -1.369245170204713036 ) ) ;
#9728 = AXIS2_PLACEMENT_3D ( 'NONE', #9497, #1293, #2185 ) ;
#9729 = EDGE_CURVE ( 'NONE', #9570, #4075, #1434, .T. ) ;
#9730 = CARTESIAN_POINT ( 'NONE',  ( 1.000000000000061950, 39.73591604948001077, 9.729804593820439607 ) ) ;
#9731 = CARTESIAN_POINT ( 'NONE',  ( -4.613763209168509682, 38.53591604948001503, 8.729804593820441383 ) ) ;
#9732 = LINE ( 'NONE', #4951, #5074 ) ;
#9733 = DIRECTION ( 'NONE',  ( -1.000000000000000000, -0.000000000000000000, -0.000000000000000000 ) ) ;
#9734 = LINE ( 'NONE', #5650, #9033 ) ;
#9735 = EDGE_CURVE ( 'NONE', #9130, #5631, #5452, .T. ) ;
#9736 = CONICAL_SURFACE ( 'NONE', #7027, 2.500000000000000444, 0.7853981633974518317 ) ;
#9737 = EDGE_LOOP ( 'NONE', ( #6584, #4965, #7412, #6374 ) ) ;
#9738 = LINE ( 'NONE', #6660, #3424 ) ;
#9739 = FACE_OUTER_BOUND ( 'NONE', #5503, .T. ) ;
#9740 = CARTESIAN_POINT ( 'NONE',  ( 1.170408641272164596, 66.95699301780248902, 0.3574175337179152923 ) ) ;
#9741 = DIRECTION ( 'NONE',  ( 0.000000000000000000, 0.000000000000000000, 1.000000000000000000 ) ) ;
#9742 = AXIS2_PLACEMENT_3D ( 'NONE', #5036, #309, #1142 ) ;
#9743 = CARTESIAN_POINT ( 'NONE',  ( 6.549445795587670816, 38.53591604948001503, 18.87678550397100352 ) ) ;
#9744 = CARTESIAN_POINT ( 'NONE',  ( -13.96424004376894068, 39.23591604948001077, 10.72980459382027618 ) ) ;
#9745 = ORIENTED_EDGE ( 'NONE', *, *, #5445, .T. ) ;
#9746 = AXIS2_PLACEMENT_3D ( 'NONE', #1596, #1648, #4124 ) ;
#9747 = PLANE ( 'NONE',  #9478 ) ;
#9748 = DIRECTION ( 'NONE',  ( 0.000000000000000000, -1.000000000000000000, 0.000000000000000000 ) ) ;
#9749 = ORIENTED_EDGE ( 'NONE', *, *, #9735, .F. ) ;
#9750 = ORIENTED_EDGE ( 'NONE', *, *, #3375, .F. ) ;
#9751 = EDGE_CURVE ( 'NONE', #4472, #4096, #2915, .T. ) ;
#9752 = CARTESIAN_POINT ( 'NONE',  ( 9.195000000000000284, 66.63591604948001645, 10.75480459382054299 ) ) ;
#9753 = VERTEX_POINT ( 'NONE', #6258 ) ;
#9754 = CARTESIAN_POINT ( 'NONE',  ( -9.925805134294250820, 37.54475081683185067, 1.218213021899047455 ) ) ;
#9755 = DIRECTION ( 'NONE',  ( 0.000000000000000000, -1.000000000000000000, 0.000000000000000000 ) ) ;
#9756 = ORIENTED_EDGE ( 'NONE', *, *, #7569, .T. ) ;
#9757 = ORIENTED_EDGE ( 'NONE', *, *, #3927, .F. ) ;
#9758 = CARTESIAN_POINT ( 'NONE',  ( 0.7071067811865350272, 39.73591604948001077, 10.43691137500696620 ) ) ;
#9759 = B_SPLINE_CURVE_WITH_KNOTS ( 'NONE', 3,
 ( #5838, #9079, #1618, #4829, #6902, #3458, #2027, #10018, #9916, #9241, #3666, #2767 ),
 .UNSPECIFIED., .F., .F.,
 ( 4, 2, 2, 2, 2, 4 ),
 ( 0.000000000000000000, 0.2500000000000006106, 0.5000000000000012212, 0.6250000000000006661, 0.7500000000000000000, 1.000000000000000000 ),
 .UNSPECIFIED. ) ;
#9760 = EDGE_CURVE ( 'NONE', #1565, #1205, #7944, .T. ) ;
#9761 = ORIENTED_EDGE ( 'NONE', *, *, #8882, .F. ) ;
#9762 = LINE ( 'NONE', #1717, #6088 ) ;
#9763 = DIRECTION ( 'NONE',  ( -1.000000000000000000, -0.000000000000000000, -0.000000000000000000 ) ) ;
#9764 = DIRECTION ( 'NONE',  ( 0.000000000000000000, -0.5150380749100518241, -0.8571673007021137769 ) ) ;
#9765 = ORIENTED_EDGE ( 'NONE', *, *, #2089, .F. ) ;
#9766 = CARTESIAN_POINT ( 'NONE',  ( 0.000000000000000000, 38.53591604948001503, 9.729804593820427172 ) ) ;
#9767 = ORIENTED_EDGE ( 'NONE', *, *, #7745, .F. ) ;
#9768 = CARTESIAN_POINT ( 'NONE',  ( 0.000000000000000000, 59.13591604948001645, 9.729804593820427172 ) ) ;
#9769 = DIRECTION ( 'NONE',  ( 1.000000000000000000, 0.000000000000000000, 0.000000000000000000 ) ) ;
#9770 = ORIENTED_EDGE ( 'NONE', *, *, #6178, .T. ) ;
#9771 = ADVANCED_FACE ( 'NONE', ( #7732 ), #3714, .T. ) ;
#9772 = ORIENTED_EDGE ( 'NONE', *, *, #5301, .T. ) ;
#9773 = FACE_OUTER_BOUND ( 'NONE', #9927, .T. ) ;
#9774 = VERTEX_POINT ( 'NONE', #9390 ) ;
#9775 = DIRECTION ( 'NONE',  ( 0.000000000000000000, 0.000000000000000000, -1.000000000000000000 ) ) ;
#9776 = FACE_OUTER_BOUND ( 'NONE', #8020, .T. ) ;
#9777 = EDGE_CURVE ( 'NONE', #5627, #7519, #434, .T. ) ;
#9778 = DIRECTION ( 'NONE',  ( 0.000000000000000000, 0.000000000000000000, -1.000000000000000000 ) ) ;
#9779 = CARTESIAN_POINT ( 'NONE',  ( 0.000000000000000000, 63.13591604948001645, 9.729804593820427172 ) ) ;
#9780 = CARTESIAN_POINT ( 'NONE',  ( -0.7071067811866390551, 39.73591604948001077, 10.43691137500703725 ) ) ;
#9781 = CARTESIAN_POINT ( 'NONE',  ( 2.000000000000000000, 80.83389579592666507, -2.355827371451393315 ) ) ;
#9782 = CARTESIAN_POINT ( 'NONE',  ( 12.04292086282116081, 37.23724115402390566, 10.72980459382046270 ) ) ;
#9783 = ORIENTED_EDGE ( 'NONE', *, *, #6490, .F. ) ;
#9784 = EDGE_CURVE ( 'NONE', #9003, #6546, #6998, .T. ) ;
#9785 = DIRECTION ( 'NONE',  ( 0.000000000000000000, -1.000000000000000000, 0.000000000000000000 ) ) ;
#9786 = LINE ( 'NONE', #1012, #3263 ) ;
#9787 = CARTESIAN_POINT ( 'NONE',  ( -9.439977242693153414, 67.86837192475339009, 10.04770378324439939 ) ) ;
#9788 = DIRECTION ( 'NONE',  ( 0.000000000000000000, 1.000000000000000000, 0.000000000000000000 ) ) ;
#9789 = ADVANCED_FACE ( 'NONE', ( #5397 ), #8647, .F. ) ;
#9790 = DIRECTION ( 'NONE',  ( 0.000000000000000000, 0.000000000000000000, 1.000000000000000000 ) ) ;
#9791 = EDGE_CURVE ( 'NONE', #950, #3872, #7302, .T. ) ;
#9792 = CARTESIAN_POINT ( 'NONE',  ( -3.135322457671669838, 53.73541098609166511, 8.174249038264891354 ) ) ;
#9793 = EDGE_LOOP ( 'NONE', ( #5256, #1083, #4447, #3306 ) ) ;
#9794 = CARTESIAN_POINT ( 'NONE',  ( -3.135322457671669838, 38.53591604948001503, 8.174249038264891354 ) ) ;
#9795 = VECTOR ( 'NONE', #3318, 1000.000000000000000 ) ;
#9796 = CARTESIAN_POINT ( 'NONE',  ( -5.000000000000000000, 59.13591604948001645, -4.412331029910525615 ) ) ;
#9797 = ORIENTED_EDGE ( 'NONE', *, *, #806, .T. ) ;
#9798 = ORIENTED_EDGE ( 'NONE', *, *, #9193, .T. ) ;
#9799 = CONICAL_SURFACE ( 'NONE', #7760, 2.500000000000000444, 0.7853981633974518317 ) ;
#9800 = DIRECTION ( 'NONE',  ( 0.000000000000000000, 0.000000000000000000, -1.000000000000000000 ) ) ;
#9801 = AXIS2_PLACEMENT_3D ( 'NONE', #10344, #3092, #5734 ) ;
#9802 = ORIENTED_EDGE ( 'NONE', *, *, #6526, .T. ) ;
#9803 = CARTESIAN_POINT ( 'NONE',  ( -12.33958867372965607, 37.25604337872307070, 8.729804593820299274 ) ) ;
#9804 = FACE_BOUND ( 'NONE', #1386, .T. ) ;
#9805 = EDGE_LOOP ( 'NONE', ( #5198, #9401, #9510, #5131 ) ) ;
#9806 = ORIENTED_EDGE ( 'NONE', *, *, #8809, .F. ) ;
#9807 = LINE ( 'NONE', #5829, #7014 ) ;
#9808 = CIRCLE ( 'NONE', #5570, 3.499999999999999556 ) ;
#9809 = EDGE_LOOP ( 'NONE', ( #3894, #1140, #5049, #2041 ) ) ;
#9810 = LINE ( 'NONE', #5941, #10351 ) ;
#9811 = CARTESIAN_POINT ( 'NONE',  ( -2.100000000000000089, 43.73591604948001077, -0.7111005393564736599 ) ) ;
#9812 = VECTOR ( 'NONE', #5470, 1000.000000000000000 ) ;
#9813 = DIRECTION ( 'NONE',  ( 0.000000000000000000, 0.000000000000000000, -1.000000000000000000 ) ) ;
#9814 = ORIENTED_EDGE ( 'NONE', *, *, #1520, .F. ) ;
#9815 = CYLINDRICAL_SURFACE ( 'NONE', #10131, 1.024999999999999911 ) ;
#9816 = ORIENTED_EDGE ( 'NONE', *, *, #9519, .T. ) ;
#9817 = CARTESIAN_POINT ( 'NONE',  ( -6.423015070881485933, 66.36880989574034118, 8.730993280190615380 ) ) ;
#9818 = EDGE_CURVE ( 'NONE', #140, #4719, #9884, .T. ) ;
#9819 = DIRECTION ( 'NONE',  ( 0.000000000000000000, 1.000000000000000000, 0.000000000000000000 ) ) ;
#9820 = CIRCLE ( 'NONE', #1713, 3.900000000000000799 ) ;
#9821 = VERTEX_POINT ( 'NONE', #8098 ) ;
#9822 = ORIENTED_EDGE ( 'NONE', *, *, #8562, .F. ) ;
#9823 = PLANE ( 'NONE',  #4734 ) ;
#9824 = ORIENTED_EDGE ( 'NONE', *, *, #9848, .T. ) ;
#9825 = DIRECTION ( 'NONE',  ( 0.000000000000000000, 0.000000000000000000, -1.000000000000000000 ) ) ;
#9826 = CARTESIAN_POINT ( 'NONE',  ( 0.000000000000000000, 63.13591604948001645, 9.729804593820427172 ) ) ;
#9827 = DIRECTION ( 'NONE',  ( -0.1129614320333118399, 0.000000000000000000, 0.9935993734262232868 ) ) ;
#9828 = FACE_OUTER_BOUND ( 'NONE', #8393, .T. ) ;
#9829 = AXIS2_PLACEMENT_3D ( 'NONE', #5370, #9615, #3796 ) ;
#9830 = EDGE_CURVE ( 'NONE', #2480, #6177, #2788, .T. ) ;
#9831 = CARTESIAN_POINT ( 'NONE',  ( -1.397593656271307827, 39.73591604948001077, 21.01724698447020501 ) ) ;
#9832 = ORIENTED_EDGE ( 'NONE', *, *, #3081, .F. ) ;
#9833 = EDGE_CURVE ( 'NONE', #9687, #4558, #8712, .T. ) ;
#9834 = CARTESIAN_POINT ( 'NONE',  ( 1.836970198721025250E-16, 74.83591604948000509, 8.229804593820427172 ) ) ;
#9835 = DIRECTION ( 'NONE',  ( 0.000000000000000000, 1.000000000000000000, 0.000000000000000000 ) ) ;
#9836 = CARTESIAN_POINT ( 'NONE',  ( -9.445016515801560431, 67.91105843549172505, 9.809840432180703118 ) ) ;
#9837 = DIRECTION ( 'NONE',  ( -0.000000000000000000, 1.000000000000000000, -0.000000000000000000 ) ) ;
#9838 = DIRECTION ( 'NONE',  ( 0.000000000000000000, 1.081498426419455997E-17, -1.000000000000000000 ) ) ;
#9839 = DIRECTION ( 'NONE',  ( 0.000000000000000000, -1.000000000000000000, 0.000000000000000000 ) ) ;
#9840 = ADVANCED_FACE ( 'NONE', ( #6519 ), #4918, .T. ) ;
#9841 = CARTESIAN_POINT ( 'NONE',  ( 2.100000000000000089, 39.73591604948001077, 20.17070972699732678 ) ) ;
#9842 = CARTESIAN_POINT ( 'NONE',  ( 1.592040838891555151E-16, 74.83591604948000509, 11.02980459382042788 ) ) ;
#9843 = ORIENTED_EDGE ( 'NONE', *, *, #5773, .T. ) ;
#9844 = EDGE_CURVE ( 'NONE', #9338, #8862, #5766, .T. ) ;
#9845 = VERTEX_POINT ( 'NONE', #3970 ) ;
#9846 = CARTESIAN_POINT ( 'NONE',  ( -8.969675008373579672, 38.53591604948001503, 2.736625488832216568 ) ) ;
#9847 = ORIENTED_EDGE ( 'NONE', *, *, #8570, .T. ) ;
#9848 = EDGE_CURVE ( 'NONE', #1376, #8806, #9394, .T. ) ;
#9849 = CARTESIAN_POINT ( 'NONE',  ( 6.499986454716467854, 65.61100843589666454, 9.866460757657620206 ) ) ;
#9850 = VECTOR ( 'NONE', #4435, 1000.000000000000000 ) ;
#9851 = DIRECTION ( 'NONE',  ( 0.000000000000000000, 1.000000000000000000, 0.000000000000000000 ) ) ;
#9852 = EDGE_LOOP ( 'NONE', ( #7151, #2650, #5848, #267, #7362, #6569, #4750 ) ) ;
#9853 = ORIENTED_EDGE ( 'NONE', *, *, #1895, .T. ) ;
#9854 = VECTOR ( 'NONE', #4329, 1000.000000000000000 ) ;
#9855 = CARTESIAN_POINT ( 'NONE',  ( 6.675728040208239733, 40.23591604948001077, 17.81974619640183732 ) ) ;
#9856 = ORIENTED_EDGE ( 'NONE', *, *, #7826, .F. ) ;
#9857 = EDGE_CURVE ( 'NONE', #3509, #8605, #6682, .T. ) ;
#9858 = AXIS2_PLACEMENT_3D ( 'NONE', #6835, #1275, #6725 ) ;
#9859 = ORIENTED_EDGE ( 'NONE', *, *, #4608, .T. ) ;
#9860 = DIRECTION ( 'NONE',  ( 0.000000000000000000, 0.000000000000000000, -1.000000000000000000 ) ) ;
#9861 = FACE_OUTER_BOUND ( 'NONE', #714, .T. ) ;
#9862 = DIRECTION ( 'NONE',  ( 1.000000000000000000, 0.000000000000000000, -0.000000000000000000 ) ) ;
#9863 = CARTESIAN_POINT ( 'NONE',  ( 1.000000000000000000, 40.23591604948001077, 21.43717406778852919 ) ) ;
#9864 = ORIENTED_EDGE ( 'NONE', *, *, #8593, .T. ) ;
#9865 = CIRCLE ( 'NONE', #751, 1.000000000000000000 ) ;
#9866 = DIRECTION ( 'NONE',  ( 1.000000000000000000, 0.000000000000000000, 1.723387009752800034E-14 ) ) ;
#9867 = EDGE_LOOP ( 'NONE', ( #625, #1253, #175, #3556 ) ) ;
#9868 = CARTESIAN_POINT ( 'NONE',  ( -6.418685628708348467, 66.49940239645468409, 10.75473132550325950 ) ) ;
#9869 = CARTESIAN_POINT ( 'NONE',  ( -11.95756933358830132, 37.23591604948001077, 10.73803851133599707 ) ) ;
#9870 = AXIS2_PLACEMENT_3D ( 'NONE', #4169, #6749, #8396 ) ;
#9871 = ORIENTED_EDGE ( 'NONE', *, *, #9077, .T. ) ;
#9872 = VERTEX_POINT ( 'NONE', #1651 ) ;
#9873 = DIRECTION ( 'NONE',  ( -0.000000000000000000, -1.000000000000000000, -0.000000000000000000 ) ) ;
#9874 = EDGE_LOOP ( 'NONE', ( #3133, #5954, #6853, #5525 ) ) ;
#9875 = DIRECTION ( 'NONE',  ( 0.1129614320333120481, 0.000000000000000000, -0.9935993734262233978 ) ) ;
#9876 = DIRECTION ( 'NONE',  ( 0.000000000000000000, 0.000000000000000000, -1.000000000000000000 ) ) ;
#9877 = AXIS2_PLACEMENT_3D ( 'NONE', #10354, #7032, #2899 ) ;
#9878 = DIRECTION ( 'NONE',  ( 1.000000000000000000, 0.000000000000000000, 0.000000000000000000 ) ) ;
#9879 = CARTESIAN_POINT ( 'NONE',  ( 2.449293598294706414E-16, 63.03591604948001503, 11.72980459382042717 ) ) ;
#9880 = VECTOR ( 'NONE', #348, 1000.000000000000000 ) ;
#9881 = VECTOR ( 'NONE', #5027, 1000.000000000000000 ) ;
#9882 = CARTESIAN_POINT ( 'NONE',  ( 0.000000000000000000, 74.63591604948000224, 11.22980459382042717 ) ) ;
#9883 = VERTEX_POINT ( 'NONE', #1747 ) ;
#9884 = CIRCLE ( 'NONE', #5318, 1.000000000000000888 ) ;
#9885 = AXIS2_PLACEMENT_3D ( 'NONE', #4755, #72, #3169 ) ;
#9886 = DIRECTION ( 'NONE',  ( 0.1129614320333120481, 0.000000000000000000, -0.9935993734262233978 ) ) ;
#9887 = VERTEX_POINT ( 'NONE', #5554 ) ;
#9888 = EDGE_CURVE ( 'NONE', #9518, #1242, #440, .T. ) ;
#9889 = CARTESIAN_POINT ( 'NONE',  ( -0.6284957783482749694, 65.81491969867651903, 3.259539408419342088 ) ) ;
#9890 = CARTESIAN_POINT ( 'NONE',  ( 0.1637813425092724262, 65.36091604948002498, 19.17480459382042923 ) ) ;
#9891 = DIRECTION ( 'NONE',  ( 0.000000000000000000, -0.7071067811865414665, -0.7071067811865536790 ) ) ;
#9892 = FACE_OUTER_BOUND ( 'NONE', #7636, .T. ) ;
#9893 = CARTESIAN_POINT ( 'NONE',  ( -6.675728040208400493, 38.53591604948001503, 17.81974619640181601 ) ) ;
#9894 = CARTESIAN_POINT ( 'NONE',  ( 9.395925400964626917, 65.87227259343708852, 8.767313141878606331 ) ) ;
#9895 = AXIS2_PLACEMENT_3D ( 'NONE', #4092, #826, #6428 ) ;
#9896 = CARTESIAN_POINT ( 'NONE',  ( 0.000000000000000000, 74.83591604948000509, 9.729804593820427172 ) ) ;
#9897 = ORIENTED_EDGE ( 'NONE', *, *, #6232, .F. ) ;
#9898 = ADVANCED_FACE ( 'NONE', ( #8210 ), #4760, .T. ) ;
#9899 = FACE_OUTER_BOUND ( 'NONE', #8094, .T. ) ;
#9900 = ORIENTED_EDGE ( 'NONE', *, *, #9417, .F. ) ;
#9901 = CARTESIAN_POINT ( 'NONE',  ( 6.470176526639335179, 65.81559664306274726, 10.35918764966329242 ) ) ;
#9902 = FACE_OUTER_BOUND ( 'NONE', #4366, .T. ) ;
#9903 = VERTEX_POINT ( 'NONE', #1549 ) ;
#9904 = ADVANCED_FACE ( 'NONE', ( #915 ), #8197, .F. ) ;
#9905 = EDGE_LOOP ( 'NONE', ( #4923, #727, #4372, #144, #7292, #5876 ) ) ;
#9906 = CARTESIAN_POINT ( 'NONE',  ( -2.399999999999999467, 59.13591604948001645, -4.470195406179568565 ) ) ;
#9907 = VECTOR ( 'NONE', #6775, 1000.000000000000000 ) ;
#9908 = EDGE_CURVE ( 'NONE', #1505, #2988, #131, .T. ) ;
#9909 = ORIENTED_EDGE ( 'NONE', *, *, #4776, .T. ) ;
#9910 = EDGE_CURVE ( 'NONE', #1344, #7917, #10057, .T. ) ;
#9911 = ADVANCED_FACE ( 'NONE', ( #3386 ), #6408, .F. ) ;
#9912 = DIRECTION ( 'NONE',  ( -0.000000000000000000, -1.000000000000000000, -0.000000000000000000 ) ) ;
#9913 = ORIENTED_EDGE ( 'NONE', *, *, #3918, .F. ) ;
#9914 = LINE ( 'NONE', #7473, #9311 ) ;
#9915 = DIRECTION ( 'NONE',  ( 0.000000000000000000, 0.000000000000000000, 1.000000000000000000 ) ) ;
#9916 = CARTESIAN_POINT ( 'NONE',  ( 9.034215744500178502, 38.38139982538933737, 20.17823390069380096 ) ) ;
#9917 = ORIENTED_EDGE ( 'NONE', *, *, #994, .T. ) ;
#9918 = DIRECTION ( 'NONE',  ( -0.7071067811865495711, 0.000000000000000000, 0.7071067811865455743 ) ) ;
#9919 = EDGE_CURVE ( 'NONE', #3387, #1424, #10427, .T. ) ;
#9920 = VERTEX_POINT ( 'NONE', #9690 ) ;
#9921 = EDGE_CURVE ( 'NONE', #1098, #8429, #8004, .T. ) ;
#9922 = DIRECTION ( 'NONE',  ( 0.000000000000000000, 0.000000000000000000, -1.000000000000000000 ) ) ;
#9923 = CARTESIAN_POINT ( 'NONE',  ( 0.000000000000000000, 63.83591604948001219, 11.22980459382042717 ) ) ;
#9924 = ORIENTED_EDGE ( 'NONE', *, *, #4233, .F. ) ;
#9925 = ORIENTED_EDGE ( 'NONE', *, *, #2997, .T. ) ;
#9926 = CARTESIAN_POINT ( 'NONE',  ( 4.660649489949139301, 31.87054094663176329, 14.39045408376957624 ) ) ;
#9927 = EDGE_LOOP ( 'NONE', ( #2786, #1501, #8568, #9008 ) ) ;
#9928 = DIRECTION ( 'NONE',  ( -0.000000000000000000, -1.000000000000000000, -0.000000000000000000 ) ) ;
#9929 = CARTESIAN_POINT ( 'NONE',  ( 0.8058267161916258248, 65.68903467400841123, 0.3190830550188837322 ) ) ;
#9930 = CIRCLE ( 'NONE', #4849, 0.7999999999999899414 ) ;
#9931 = CARTESIAN_POINT ( 'NONE',  ( 9.222737788580360530, 37.23724115402390566, 1.921280367613187323 ) ) ;
#9932 = FACE_OUTER_BOUND ( 'NONE', #154, .T. ) ;
#9933 = DIRECTION ( 'NONE',  ( 0.000000000000000000, 0.000000000000000000, -1.000000000000000000 ) ) ;
#9934 = AXIS2_PLACEMENT_3D ( 'NONE', #3283, #6522, #3338 ) ;
#9935 = ORIENTED_EDGE ( 'NONE', *, *, #2511, .T. ) ;
#9936 = CARTESIAN_POINT ( 'NONE',  ( -4.611320862630050144, 38.53591604948001503, 11.72980459382042717 ) ) ;
#9937 = ORIENTED_EDGE ( 'NONE', *, *, #7698, .F. ) ;
#9938 = AXIS2_PLACEMENT_3D ( 'NONE', #538, #7561, #2163 ) ;
#9939 = CARTESIAN_POINT ( 'NONE',  ( -2.000000000000000000, 39.73591604948001077, 13.76093346796971062 ) ) ;
#9940 = DIRECTION ( 'NONE',  ( 0.000000000000000000, 0.000000000000000000, -1.000000000000000000 ) ) ;
#9941 = CARTESIAN_POINT ( 'NONE',  ( 0.000000000000000000, 63.03591604948001503, 9.729804593820427172 ) ) ;
#9942 = CARTESIAN_POINT ( 'NONE',  ( 0.5719301266378774562, 63.83591604948001219, 8.240186301611155173 ) ) ;
#9943 = CARTESIAN_POINT ( 'NONE',  ( 2.800000000000000266, 57.53491604948001736, -7.270195406179567499 ) ) ;
#9944 = EDGE_CURVE ( 'NONE', #8179, #2864, #9224, .T. ) ;
#9945 = DIRECTION ( 'NONE',  ( -0.000000000000000000, -1.000000000000000000, -0.000000000000000000 ) ) ;
#9946 = ORIENTED_EDGE ( 'NONE', *, *, #398, .T. ) ;
#9947 = CARTESIAN_POINT ( 'NONE',  ( -1.000000000000000000, 37.23994810002849221, -2.355827371451393315 ) ) ;
#9948 = CARTESIAN_POINT ( 'NONE',  ( 0.000000000000000000, 63.03591604948001503, 11.22980459382042717 ) ) ;
#9949 = ORIENTED_EDGE ( 'NONE', *, *, #7255, .F. ) ;
#9950 = CARTESIAN_POINT ( 'NONE',  ( 0.1361083920496139188, 65.61091604948002498, 16.22980459382042540 ) ) ;
#9951 = DIRECTION ( 'NONE',  ( 0.000000000000000000, 0.000000000000000000, 1.000000000000000000 ) ) ;
#9952 = EDGE_LOOP ( 'NONE', ( #3410, #686, #2948, #4412 ) ) ;
#9953 = AXIS2_PLACEMENT_3D ( 'NONE', #473, #5317, #7755 ) ;
#9954 = VERTEX_POINT ( 'NONE', #8261 ) ;
#9955 = EDGE_CURVE ( 'NONE', #2814, #5669, #5097, .T. ) ;
#9956 = DIRECTION ( 'NONE',  ( 0.000000000000000000, 1.000000000000000000, 1.081498426419455997E-17 ) ) ;
#9957 = ORIENTED_EDGE ( 'NONE', *, *, #9595, .T. ) ;
#9958 = AXIS2_PLACEMENT_3D ( 'NONE', #1041, #2821, #3617 ) ;
#9959 = EDGE_CURVE ( 'NONE', #5666, #3100, #8420, .T. ) ;
#9960 = CARTESIAN_POINT ( 'NONE',  ( 0.000000000000000000, 34.93591604948000651, 12.22980459382042717 ) ) ;
#9961 = ORIENTED_EDGE ( 'NONE', *, *, #4210, .F. ) ;
#9962 = DIRECTION ( 'NONE',  ( 0.000000000000000000, 0.000000000000000000, -1.000000000000000000 ) ) ;
#9963 = FACE_OUTER_BOUND ( 'NONE', #3803, .T. ) ;
#9964 = DIRECTION ( 'NONE',  ( 1.000000000000000000, 0.000000000000000000, 1.015447888376670146E-14 ) ) ;
#9965 = EDGE_LOOP ( 'NONE', ( #6469, #3734, #5178, #7020 ) ) ;
#9966 = DIRECTION ( 'NONE',  ( 0.000000000000000000, 1.000000000000000000, 0.000000000000000000 ) ) ;
#9967 = VECTOR ( 'NONE', #3580, 1000.000000000000000 ) ;
#9968 = ORIENTED_EDGE ( 'NONE', *, *, #9919, .T. ) ;
#9969 = CIRCLE ( 'NONE', #8113, 1.100000000000000311 ) ;
#9970 = EDGE_CURVE ( 'NONE', #1125, #5669, #10390, .T. ) ;
#9971 = DIRECTION ( 'NONE',  ( 0.000000000000000000, 1.000000000000000000, 0.000000000000000000 ) ) ;
#9972 = DIRECTION ( 'NONE',  ( -1.000000000000000000, 0.000000000000000000, 0.000000000000000000 ) ) ;
#9973 = AXIS2_PLACEMENT_3D ( 'NONE', #10085, #5360, #6860 ) ;
#9974 = VERTEX_POINT ( 'NONE', #9273 ) ;
#9975 = ADVANCED_FACE ( 'NONE', ( #6671 ), #9059, .T. ) ;
#9976 = CIRCLE ( 'NONE', #3388, 1.024999999999999911 ) ;
#9977 = ORIENTED_EDGE ( 'NONE', *, *, #1641, .T. ) ;
#9978 = VECTOR ( 'NONE', #7978, 1000.000000000000000 ) ;
#9979 = CARTESIAN_POINT ( 'NONE',  ( 10.44090513317689961, 36.84381467316708836, 8.729804593820427172 ) ) ;
#9980 = VERTEX_POINT ( 'NONE', #289 ) ;
#9981 = CARTESIAN_POINT ( 'NONE',  ( 2.269462866248204551E-14, 66.63591604948001645, 0.2848045938204264438 ) ) ;
#9982 = CARTESIAN_POINT ( 'NONE',  ( 0.1609051757211662215, 65.36091604948001077, 0.2848045938204264993 ) ) ;
#9983 = EDGE_CURVE ( 'NONE', #5443, #9903, #1776, .T. ) ;
#9984 = AXIS2_PLACEMENT_3D ( 'NONE', #3930, #6375, #6326 ) ;
#9985 = CARTESIAN_POINT ( 'NONE',  ( 1.600000000000000533, 57.53491604948001736, -4.470195406179566788 ) ) ;
#9986 = ORIENTED_EDGE ( 'NONE', *, *, #1825, .F. ) ;
#9987 = CARTESIAN_POINT ( 'NONE',  ( 12.58221522705358808, 37.31829136155836579, 10.72980459382047158 ) ) ;
#9988 = CARTESIAN_POINT ( 'NONE',  ( 0.000000000000000000, 59.14591604948001446, 9.729804593820427172 ) ) ;
#9989 = CIRCLE ( 'NONE', #2551, 12.00000000000000000 ) ;
#9990 = ORIENTED_EDGE ( 'NONE', *, *, #2704, .T. ) ;
#9991 = CARTESIAN_POINT ( 'NONE',  ( 4.031128874149279895, 38.53591604948001503, 11.72980459382042717 ) ) ;
#9992 = ORIENTED_EDGE ( 'NONE', *, *, #5361, .T. ) ;
#9993 = CARTESIAN_POINT ( 'NONE',  ( 5.897910580903079847, 38.53591604948001503, 0.8620455319338464761 ) ) ;
#9994 = VECTOR ( 'NONE', #1368, 1000.000000000000000 ) ;
#9995 = FACE_OUTER_BOUND ( 'NONE', #1588, .T. ) ;
#9996 = DIRECTION ( 'NONE',  ( 0.000000000000000000, 0.000000000000000000, -1.000000000000000000 ) ) ;
#9997 = DIRECTION ( 'NONE',  ( 0.000000000000000000, 0.000000000000000000, 1.000000000000000000 ) ) ;
#9998 = FACE_OUTER_BOUND ( 'NONE', #6547, .T. ) ;
#9999 = DIRECTION ( 'NONE',  ( 0.000000000000000000, 0.000000000000000000, -1.000000000000000000 ) ) ;
#10000 = CARTESIAN_POINT ( 'NONE',  ( -8.867759061886630434, 38.53591604948001503, 15.62771517472342708 ) ) ;
#10001 = FACE_OUTER_BOUND ( 'NONE', #4665, .T. ) ;
#10002 = DIRECTION ( 'NONE',  ( 0.000000000000000000, 0.000000000000000000, -1.000000000000000000 ) ) ;
#10003 = CARTESIAN_POINT ( 'NONE',  ( 0.5183951282749159617, 65.74129643999521022, 16.21031800018946356 ) ) ;
#10004 = EDGE_CURVE ( 'NONE', #586, #5283, #8028, .T. ) ;
#10005 = DIRECTION ( 'NONE',  ( 1.000000000000000000, 0.000000000000000000, 0.000000000000000000 ) ) ;
#10006 = VERTEX_POINT ( 'NONE', #5978 ) ;
#10007 = EDGE_LOOP ( 'NONE', ( #9351, #6580, #570, #8820 ) ) ;
#10008 = CARTESIAN_POINT ( 'NONE',  ( -0.5091727688659871687, 67.79065775530978044, 19.16114539419135099 ) ) ;
#10009 = ORIENTED_EDGE ( 'NONE', *, *, #2602, .T. ) ;
#10010 = B_SPLINE_CURVE_WITH_KNOTS ( 'NONE', 3,
 ( #5671, #5561, #4080, #8217, #4924, #9697, #9599, #9754, #7996, #3340, #3973, #7152 ),
 .UNSPECIFIED., .F., .F.,
 ( 4, 2, 2, 2, 2, 4 ),
 ( 0.000000000000000000, 0.2500000000000004441, 0.5000000000000008882, 0.6250000000000006661, 0.7500000000000004441, 1.000000000000000000 ),
 .UNSPECIFIED. ) ;
#10011 = AXIS2_PLACEMENT_3D ( 'NONE', #3483, #2845, #8359 ) ;
#10012 = ORIENTED_EDGE ( 'NONE', *, *, #7580, .T. ) ;
#10013 = DIRECTION ( 'NONE',  ( 0.000000000000000000, 0.000000000000000000, 1.000000000000000000 ) ) ;
#10014 = CARTESIAN_POINT ( 'NONE',  ( 1.714505518806294835E-15, 59.33591604948000509, 23.72980459382042540 ) ) ;
#10015 = EDGE_CURVE ( 'NONE', #3778, #2699, #8240, .T. ) ;
#10016 = CIRCLE ( 'NONE', #4270, 0.7999999999999899414 ) ;
#10017 = DIRECTION ( 'NONE',  ( 0.000000000000000000, -1.000000000000000000, 0.000000000000000000 ) ) ;
#10018 = CARTESIAN_POINT ( 'NONE',  ( 8.993297020268872899, 38.26776377237182203, 20.13731517646249003 ) ) ;
#10019 = ORIENTED_EDGE ( 'NONE', *, *, #5569, .T. ) ;
#10020 = CARTESIAN_POINT ( 'NONE',  ( 8.089941602581339097, 39.73591604948001077, 16.40553263402875572 ) ) ;
#10021 = EDGE_LOOP ( 'NONE', ( #10449, #9385 ) ) ;
#10022 = CARTESIAN_POINT ( 'NONE',  ( 5.897910580903030997, 39.73591604948001077, 18.59756365570703807 ) ) ;
#10023 = LINE ( 'NONE', #173, #3267 ) ;
#10024 = VECTOR ( 'NONE', #5352, 1000.000000000000000 ) ;
#10025 = ADVANCED_FACE ( 'NONE', ( #4339, #6033 ), #2005, .T. ) ;
#10026 = VERTEX_POINT ( 'NONE', #1221 ) ;
#10027 = EDGE_LOOP ( 'NONE', ( #1288, #8479, #7747, #7054 ) ) ;
#10028 = VECTOR ( 'NONE', #229, 1000.000000000000000 ) ;
#10029 = CARTESIAN_POINT ( 'NONE',  ( 0.2671828202425078347, 65.63701988817616950, 3.234076187773535338 ) ) ;
#10030 = ADVANCED_FACE ( 'NONE', ( #4439 ), #9111, .F. ) ;
#10031 = ORIENTED_EDGE ( 'NONE', *, *, #1758, .F. ) ;
#10032 = CARTESIAN_POINT ( 'NONE',  ( -1.000000000000000222, 38.05145355645122152, -3.864737367809455204 ) ) ;
#10033 = LINE ( 'NONE', #218, #657 ) ;
#10034 = CARTESIAN_POINT ( 'NONE',  ( -12.08563196527180139, 38.53591604948001503, 7.729804593820312597 ) ) ;
#10035 = ORIENTED_EDGE ( 'NONE', *, *, #9527, .T. ) ;
#10036 = CARTESIAN_POINT ( 'NONE',  ( 12.08563196527182093, 39.73591604948001077, 8.729804593820427172 ) ) ;
#10037 = EDGE_CURVE ( 'NONE', #1228, #8667, #2642, .T. ) ;
#10038 = CARTESIAN_POINT ( 'NONE',  ( -1.000000000000075939, 37.23994810002849221, 21.81543655909224455 ) ) ;
#10039 = AXIS2_PLACEMENT_3D ( 'NONE', #10133, #5203, #2773 ) ;
#10040 = AXIS2_PLACEMENT_3D ( 'NONE', #9265, #2897, #2049 ) ;
#10041 = EDGE_CURVE ( 'NONE', #5669, #4431, #414, .T. ) ;
#10042 = ORIENTED_EDGE ( 'NONE', *, *, #5217, .F. ) ;
#10043 = CARTESIAN_POINT ( 'NONE',  ( -3.953542708762614488, 39.73591604948001077, 15.09756086495611704 ) ) ;
#10044 = AXIS2_PLACEMENT_3D ( 'NONE', #691, #3008, #7081 ) ;
#10045 = ORIENTED_EDGE ( 'NONE', *, *, #7499, .F. ) ;
#10046 = ADVANCED_FACE ( 'NONE', ( #8314 ), #1072, .T. ) ;
#10047 = DIRECTION ( 'NONE',  ( -0.000000000000000000, -1.000000000000000000, -0.000000000000000000 ) ) ;
#10048 = FACE_OUTER_BOUND ( 'NONE', #4477, .T. ) ;
#10049 = VECTOR ( 'NONE', #4506, 1000.000000000000000 ) ;
#10050 = CIRCLE ( 'NONE', #2947, 14.00000000000000000 ) ;
#10051 = CARTESIAN_POINT ( 'NONE',  ( -0.4499999999999994560, 59.14591604948001446, -4.470195406179568565 ) ) ;
#10052 = LINE ( 'NONE', #233, #3824 ) ;
#10053 = EDGE_CURVE ( 'NONE', #5985, #9669, #5488, .T. ) ;
#10054 = DIRECTION ( 'NONE',  ( 0.000000000000000000, 0.000000000000000000, -1.000000000000000000 ) ) ;
#10055 = AXIS2_PLACEMENT_3D ( 'NONE', #9369, #7820, #2105 ) ;
#10056 = CARTESIAN_POINT ( 'NONE',  ( -0.8945082756387537914, 67.15455954641826963, 16.16817682434652070 ) ) ;
#10057 = CIRCLE ( 'NONE', #748, 2.000000000000000000 ) ;
#10058 = CIRCLE ( 'NONE', #5655, 1.000000000000000888 ) ;
#10059 = ORIENTED_EDGE ( 'NONE', *, *, #3316, .T. ) ;
#10060 = CARTESIAN_POINT ( 'NONE',  ( -2.100000000000000089, 43.73591604948001077, 20.17070972699732678 ) ) ;
#10061 = CARTESIAN_POINT ( 'NONE',  ( 0.000000000000000000, 59.13591604948001645, 9.729804593820427172 ) ) ;
#10062 = PLANE ( 'NONE',  #8536 ) ;
#10063 = DIRECTION ( 'NONE',  ( 0.000000000000000000, 0.000000000000000000, 1.000000000000000000 ) ) ;
#10064 = ORIENTED_EDGE ( 'NONE', *, *, #9642, .F. ) ;
#10065 = AXIS2_PLACEMENT_3D ( 'NONE', #5515, #2236, #663 ) ;
#10066 = ORIENTED_EDGE ( 'NONE', *, *, #1960, .F. ) ;
#10067 = CARTESIAN_POINT ( 'NONE',  ( 0.7453148371863977939, 63.83591604948001219, 7.600366688299390105 ) ) ;
#10068 = ORIENTED_EDGE ( 'NONE', *, *, #2227, .T. ) ;
#10069 = VECTOR ( 'NONE', #4502, 1000.000000000000000 ) ;
#10070 = ORIENTED_EDGE ( 'NONE', *, *, #234, .F. ) ;
#10071 = PLANE ( 'NONE',  #6606 ) ;
#10072 = LINE ( 'NONE', #7985, #3082 ) ;
#10073 = CARTESIAN_POINT ( 'NONE',  ( -3.700000000000000178, 59.13591604948001645, -8.270195406179569275 ) ) ;
#10074 = DIRECTION ( 'NONE',  ( 0.000000000000000000, -1.000000000000000000, 0.000000000000000000 ) ) ;
#10075 = EDGE_LOOP ( 'NONE', ( #6190, #2090, #5610, #5045 ) ) ;
#10076 = DIRECTION ( 'NONE',  ( -0.000000000000000000, -1.000000000000000000, -0.000000000000000000 ) ) ;
#10077 = EDGE_LOOP ( 'NONE', ( #2982, #7818, #6971, #6242 ) ) ;
#10078 = VECTOR ( 'NONE', #6294, 1000.000000000000000 ) ;
#10079 = CYLINDRICAL_SURFACE ( 'NONE', #8481, 3.499999999999999556 ) ;
#10080 =( NAMED_UNIT ( * ) SI_UNIT ( $, .STERADIAN. ) SOLID_ANGLE_UNIT ( ) );
#10081 = AXIS2_PLACEMENT_3D ( 'NONE', #5295, #7795, #5660 ) ;
#10082 = EDGE_CURVE ( 'NONE', #9613, #3227, #4646, .T. ) ;
#10083 = ORIENTED_EDGE ( 'NONE', *, *, #9407, .T. ) ;
#10084 = ORIENTED_EDGE ( 'NONE', *, *, #7673, .T. ) ;
#10085 = CARTESIAN_POINT ( 'NONE',  ( 2.000000000000000000, 53.73541098609166511, 13.76093346796969286 ) ) ;
#10086 = ORIENTED_EDGE ( 'NONE', *, *, #271, .F. ) ;
#10087 = CARTESIAN_POINT ( 'NONE',  ( -3.953542708762565194, 50.29182918005297154, 4.362048322684737300 ) ) ;
#10088 = CARTESIAN_POINT ( 'NONE',  ( -1.930969937267650044E-20, 65.36091604948001077, 0.2848045938204264438 ) ) ;
#10089 = DIRECTION ( 'NONE',  ( 0.000000000000000000, -0.7071067811865365815, -0.7071067811865584529 ) ) ;
#10090 = ORIENTED_EDGE ( 'NONE', *, *, #7459, .F. ) ;
#10091 = CYLINDRICAL_SURFACE ( 'NONE', #4556, 2.000000000000000444 ) ;
#10092 = CARTESIAN_POINT ( 'NONE',  ( 0.7453148371863977939, 63.43591604948001361, 7.600366688299390105 ) ) ;
#10093 = ADVANCED_FACE ( 'NONE', ( #1331 ), #1484, .F. ) ;
#10094 = EDGE_LOOP ( 'NONE', ( #4533, #1498, #4916, #4932 ) ) ;
#10095 = DIRECTION ( 'NONE',  ( 0.000000000000000000, 1.000000000000000000, 0.000000000000000000 ) ) ;
#10096 = ORIENTED_EDGE ( 'NONE', *, *, #5903, .F. ) ;
#10097 = AXIS2_PLACEMENT_3D ( 'NONE', #4432, #2682, #1263 ) ;
#10098 = EDGE_CURVE ( 'NONE', #7144, #1090, #9024, .T. ) ;
#10099 = LINE ( 'NONE', #4490, #9377 ) ;
#10100 = CARTESIAN_POINT ( 'NONE',  ( 4.660649489949149960, 38.53591604948001503, 6.069155103871286094 ) ) ;
#10101 = CARTESIAN_POINT ( 'NONE',  ( 9.422790035814808007, 67.70855433698294235, 10.37799563056605834 ) ) ;
#10102 = LINE ( 'NONE', #2799, #7576 ) ;
#10103 = CYLINDRICAL_SURFACE ( 'NONE', #9142, 1.100000000000000311 ) ;
#10104 = PLANE ( 'NONE',  #2359 ) ;
#10105 = AXIS2_PLACEMENT_3D ( 'NONE', #293, #4078, #9169 ) ;
#10106 = EDGE_CURVE ( 'NONE', #664, #5251, #6935, .T. ) ;
#10107 = DIRECTION ( 'NONE',  ( -1.000000000000000000, 0.000000000000000000, -0.000000000000000000 ) ) ;
#10108 = VERTEX_POINT ( 'NONE', #7084 ) ;
#10109 = CYLINDRICAL_SURFACE ( 'NONE', #1740, 1.000000000000000888 ) ;
#10110 = EDGE_CURVE ( 'NONE', #5508, #46, #6508, .T. ) ;
#10111 = ADVANCED_FACE ( 'NONE', ( #7722 ), #6083, .F. ) ;
#10112 = LINE ( 'NONE', #2964, #9607 ) ;
#10113 = VECTOR ( 'NONE', #2048, 1000.000000000000000 ) ;
#10114 = DIRECTION ( 'NONE',  ( 0.000000000000000000, 1.000000000000000000, 0.000000000000000000 ) ) ;
#10115 = CARTESIAN_POINT ( 'NONE',  ( 6.495746134485145262, 67.63490374407479067, 9.996467236757411001 ) ) ;
#10116 = ORIENTED_EDGE ( 'NONE', *, *, #5186, .F. ) ;
#10117 = ADVANCED_FACE ( 'NONE', ( #4652 ), #4702, .T. ) ;
#10118 = CARTESIAN_POINT ( 'NONE',  ( 1.000000000000015987, 38.53591604948001503, 13.76093346796968220 ) ) ;
#10119 = ORIENTED_EDGE ( 'NONE', *, *, #8953, .T. ) ;
#10120 = CARTESIAN_POINT ( 'NONE',  ( 0.000000000000000000, 39.23591604948001077, 9.729804593820427172 ) ) ;
#10121 = ORIENTED_EDGE ( 'NONE', *, *, #3469, .T. ) ;
#10122 = EDGE_LOOP ( 'NONE', ( #8050, #4464, #2249, #10352 ) ) ;
#10123 = DIRECTION ( 'NONE',  ( -0.000000000000000000, 1.000000000000000000, -0.000000000000000000 ) ) ;
#10124 = DIRECTION ( 'NONE',  ( 0.000000000000000000, 0.000000000000000000, -1.000000000000000000 ) ) ;
#10125 = DIRECTION ( 'NONE',  ( -1.000000000000000000, 0.000000000000000000, -5.694064903935270472E-15 ) ) ;
#10126 = CARTESIAN_POINT ( 'NONE',  ( -8.985467126085840306, 40.23591604948001077, 17.30105815753302423 ) ) ;
#10127 = ORIENTED_EDGE ( 'NONE', *, *, #2654, .F. ) ;
#10128 = CARTESIAN_POINT ( 'NONE',  ( 10.44090513317689961, 36.84381467316708836, 11.82980459382052629 ) ) ;
#10129 = EDGE_LOOP ( 'NONE', ( #2662, #3399, #9332, #6349, #4133, #682 ) ) ;
#10130 = FACE_OUTER_BOUND ( 'NONE', #5958, .T. ) ;
#10131 = AXIS2_PLACEMENT_3D ( 'NONE', #7327, #5040, #1620 ) ;
#10132 = VECTOR ( 'NONE', #704, 1000.000000000000000 ) ;
#10133 = CARTESIAN_POINT ( 'NONE',  ( 0.000000000000000000, 57.53591604948001503, 9.729804593820427172 ) ) ;
#10134 = ORIENTED_EDGE ( 'NONE', *, *, #7057, .T. ) ;
#10135 = ORIENTED_EDGE ( 'NONE', *, *, #6078, .F. ) ;
#10136 = CYLINDRICAL_SURFACE ( 'NONE', #7949, 1.500000000000001332 ) ;
#10137 = AXIS2_PLACEMENT_3D ( 'NONE', #219, #4949, #114 ) ;
#10138 = ORIENTED_EDGE ( 'NONE', *, *, #10004, .T. ) ;
#10139 = CARTESIAN_POINT ( 'NONE',  ( 0.000000000000000000, 63.13591604948001645, 9.729804593820427172 ) ) ;
#10140 = ORIENTED_EDGE ( 'NONE', *, *, #902, .T. ) ;
#10141 = ADVANCED_FACE ( 'NONE', ( #595 ), #10313, .F. ) ;
#10142 = DIRECTION ( 'NONE',  ( 0.000000000000000000, -1.000000000000000000, 0.000000000000000000 ) ) ;
#10143 = ORIENTED_EDGE ( 'NONE', *, *, #3001, .F. ) ;
#10144 = LINE ( 'NONE', #1206, #1705 ) ;
#10145 = AXIS2_PLACEMENT_3D ( 'NONE', #3518, #9143, #7437 ) ;
#10146 = DIRECTION ( 'NONE',  ( 0.000000000000000000, -1.000000000000000000, 0.000000000000000000 ) ) ;
#10147 = CIRCLE ( 'NONE', #5577, 1.000000000000000000 ) ;
#10148 = ORIENTED_EDGE ( 'NONE', *, *, #8069, .T. ) ;
#10149 = CYLINDRICAL_SURFACE ( 'NONE', #3333, 1.000000000000000000 ) ;
#10150 = CARTESIAN_POINT ( 'NONE',  ( -9.386829437756789574, 66.01104576880953800, 10.77729095617178601 ) ) ;
#10151 = AXIS2_PLACEMENT_3D ( 'NONE', #7422, #2714, #202 ) ;
#10152 = VERTEX_POINT ( 'NONE', #3061 ) ;
#10153 = CARTESIAN_POINT ( 'NONE',  ( 0.5945224130445398991, 63.83591604948001219, 8.041466426925909516 ) ) ;
#10154 = DIRECTION ( 'NONE',  ( 0.000000000000000000, 0.000000000000000000, -1.000000000000000000 ) ) ;
#10155 = CARTESIAN_POINT ( 'NONE',  ( 9.443965537303771640, 67.90257163923412520, 9.569351379493831189 ) ) ;
#10156 = EDGE_CURVE ( 'NONE', #8269, #4689, #2282, .T. ) ;
#10157 = DIRECTION ( 'NONE',  ( 0.000000000000000000, 0.000000000000000000, 1.000000000000000000 ) ) ;
#10158 = CARTESIAN_POINT ( 'NONE',  ( -7.838725536381959458, 50.29182918005297154, 0.4768654950651867175 ) ) ;
#10159 = AXIS2_PLACEMENT_3D ( 'NONE', #6817, #6070, #9310 ) ;
#10160 = DIRECTION ( 'NONE',  ( 0.000000000000000000, 0.000000000000000000, 1.000000000000000000 ) ) ;
#10161 = FACE_OUTER_BOUND ( 'NONE', #8807, .T. ) ;
#10162 = EDGE_CURVE ( 'NONE', #4558, #5062, #7882, .T. ) ;
#10163 = VERTEX_POINT ( 'NONE', #10265 ) ;
#10164 = CIRCLE ( 'NONE', #3571, 1.100000000000000311 ) ;
#10165 = CARTESIAN_POINT ( 'NONE',  ( -6.499999897834149998, 37.23591604948001077, 9.730957050364331451 ) ) ;
#10166 = FACE_OUTER_BOUND ( 'NONE', #1062, .T. ) ;
#10167 = LINE ( 'NONE', #3760, #4647 ) ;
#10168 = ADVANCED_FACE ( 'NONE', ( #9321 ), #6985, .F. ) ;
#10169 = APPROVAL_ROLE ( '' ) ;
#10170 = DIRECTION ( 'NONE',  ( 0.000000000000000000, -1.000000000000000000, 0.000000000000000000 ) ) ;
#10171 = ORIENTED_EDGE ( 'NONE', *, *, #3865, .F. ) ;
#10172 = CARTESIAN_POINT ( 'NONE',  ( 1.579794370900085147E-15, 61.63591604948001645, 22.62980459382042753 ) ) ;
#10173 = VERTEX_POINT ( 'NONE', #1432 ) ;
#10174 = CIRCLE ( 'NONE', #53, 1.000000000000000888 ) ;
#10175 = DIRECTION ( 'NONE',  ( -0.000000000000000000, -1.000000000000000000, -0.000000000000000000 ) ) ;
#10176 = EDGE_CURVE ( 'NONE', #2330, #6055, #6662, .T. ) ;
#10177 = ORIENTED_EDGE ( 'NONE', *, *, #7557, .F. ) ;
#10178 = ADVANCED_FACE ( 'NONE', ( #10161 ), #2169, .F. ) ;
#10179 = ORIENTED_EDGE ( 'NONE', *, *, #2022, .T. ) ;
#10180 = CARTESIAN_POINT ( 'NONE',  ( 12.58696689168191440, 37.32017160744166517, 8.729804593820475134 ) ) ;
#10181 = EDGE_CURVE ( 'NONE', #9669, #5060, #9479, .T. ) ;
#10182 = DIRECTION ( 'NONE',  ( 0.000000000000000000, -1.000000000000000000, 0.000000000000000000 ) ) ;
#10183 = CARTESIAN_POINT ( 'NONE',  ( -1.198597758156898507, 66.55444122090338510, 0.3611660366195449945 ) ) ;
#10184 = ORIENTED_EDGE ( 'NONE', *, *, #477, .F. ) ;
#10185 = DIRECTION ( 'NONE',  ( 0.000000000000000000, 0.000000000000000000, -1.000000000000000000 ) ) ;
#10186 = ORIENTED_EDGE ( 'NONE', *, *, #8873, .F. ) ;
#10187 = CARTESIAN_POINT ( 'NONE',  ( -1.555555555555545144, 53.73541098609166511, 12.86512705149209168 ) ) ;
#10188 = ADVANCED_FACE ( 'NONE', ( #644, #3857 ), #5494, .F. ) ;
#10189 = CARTESIAN_POINT ( 'NONE',  ( 0.000000000000000000, 37.23591604948001077, -2.270195406179573716 ) ) ;
#10190 = ORIENTED_EDGE ( 'NONE', *, *, #7293, .T. ) ;
#10191 = AXIS2_PLACEMENT_3D ( 'NONE', #1564, #5728, #2396 ) ;
#10192 = ORIENTED_EDGE ( 'NONE', *, *, #4730, .F. ) ;
#10193 = CARTESIAN_POINT ( 'NONE',  ( -12.33849908792182504, 37.25597432290890509, 10.72980459382029750 ) ) ;
#10194 = DIRECTION ( 'NONE',  ( 0.000000000000000000, -1.000000000000000000, 0.000000000000000000 ) ) ;
#10195 = EDGE_LOOP ( 'NONE', ( #4202, #9102, #2455, #7543 ) ) ;
#10196 = CARTESIAN_POINT ( 'NONE',  ( -6.500008036265266576, 67.66097363053125946, 9.594240876899783999 ) ) ;
#10197 = VERTEX_POINT ( 'NONE', #845 ) ;
#10198 = DIRECTION ( 'NONE',  ( -0.000000000000000000, 1.000000000000000000, 0.000000000000000000 ) ) ;
#10199 = EDGE_LOOP ( 'NONE', ( #1027, #1827, #4778, #5306 ) ) ;
#10200 = AXIS2_PLACEMENT_3D ( 'NONE', #6900, #6401, #10124 ) ;
#10201 = CARTESIAN_POINT ( 'NONE',  ( 6.499999433794410031, 33.28616858117417365, 9.733810752080316320 ) ) ;
#10202 = CARTESIAN_POINT ( 'NONE',  ( -8.388678933038310248, 33.28616858117417365, 11.72980459382037566 ) ) ;
#10203 = AXIS2_PLACEMENT_3D ( 'NONE', #1388, #6351, #10222 ) ;
#10204 = VECTOR ( 'NONE', #8515, 1000.000000000000000 ) ;
#10205 = VERTEX_POINT ( 'NONE', #8943 ) ;
#10206 = EDGE_CURVE ( 'NONE', #2066, #7809, #8994, .T. ) ;
#10207 = LINE ( 'NONE', #531, #981 ) ;
#10208 = FACE_OUTER_BOUND ( 'NONE', #7815, .T. ) ;
#10209 = ORIENTED_EDGE ( 'NONE', *, *, #35, .F. ) ;
#10210 = DIRECTION ( 'NONE',  ( 0.000000000000000000, 0.000000000000000000, -1.000000000000000000 ) ) ;
#10211 = CARTESIAN_POINT ( 'NONE',  ( -6.499999897834150886, 41.71660454470205792, 9.730957050364331451 ) ) ;
#10212 = CARTESIAN_POINT ( 'NONE',  ( -5.367756271135689872, 50.29182918005297154, 5.776261885057802026 ) ) ;
#10213 = DIRECTION ( 'NONE',  ( -0.000000000000000000, 1.000000000000000000, 0.000000000000000000 ) ) ;
#10215 = DIRECTION ( 'NONE',  ( -0.000000000000000000, -1.000000000000000000, -0.000000000000000000 ) ) ;
#10214 = APPROVAL_PERSON_ORGANIZATION ( #550, #1152, #10169 ) ;
#10216 = CIRCLE ( 'NONE', #3950, 12.90000000000000036 ) ;
#10217 = LINE ( 'NONE', #8578, #2698 ) ;
#10218 = DIRECTION ( 'NONE',  ( 0.000000000000000000, 0.000000000000000000, -1.000000000000000000 ) ) ;
#10219 = ORIENTED_EDGE ( 'NONE', *, *, #7072, .F. ) ;
#10220 = ADVANCED_FACE ( 'NONE', ( #10361 ), #5699, .T. ) ;
#10221 = AXIS2_PLACEMENT_3D ( 'NONE', #7284, #3996, #9875 ) ;
#10222 = DIRECTION ( 'NONE',  ( 1.971276677246371519E-15, 0.000000000000000000, -1.000000000000000000 ) ) ;
#10223 = CARTESIAN_POINT ( 'NONE',  ( 5.897910580903030997, 43.73591604948001077, 18.59756365570703807 ) ) ;
#10224 = CARTESIAN_POINT ( 'NONE',  ( 1.500000000000000444, 59.14591604948001446, -7.770195406179568387 ) ) ;
#10225 = DIRECTION ( 'NONE',  ( -0.000000000000000000, 1.000000000000000000, -0.000000000000000000 ) ) ;
#10226 = ORIENTED_EDGE ( 'NONE', *, *, #5868, .F. ) ;
#10227 = CARTESIAN_POINT ( 'NONE',  ( 0.000000000000000000, 59.13591604948001645, 23.52980459382042611 ) ) ;
#10228 = ORIENTED_EDGE ( 'NONE', *, *, #9330, .T. ) ;
#10229 = CARTESIAN_POINT ( 'NONE',  ( -11.28744239064974053, 36.84381467316708836, 8.332210937549048069 ) ) ;
#10230 = ORIENTED_EDGE ( 'NONE', *, *, #2601, .T. ) ;
#10231 = EDGE_CURVE ( 'NONE', #5985, #140, #3114, .T. ) ;
#10232 = ORIENTED_EDGE ( 'NONE', *, *, #10417, .T. ) ;
#10233 = VECTOR ( 'NONE', #3121, 1000.000000000000000 ) ;
#10234 = FACE_OUTER_BOUND ( 'NONE', #7883, .T. ) ;
#10235 = EDGE_CURVE ( 'NONE', #8462, #4368, #3905, .T. ) ;
#10236 = CARTESIAN_POINT ( 'NONE',  ( -1.930969937267650044E-20, 65.36091604948001077, 0.2848045938204264438 ) ) ;
#10237 = ORIENTED_EDGE ( 'NONE', *, *, #6006, .T. ) ;
#10238 = DIRECTION ( 'NONE',  ( 0.000000000000000000, 1.000000000000000000, 0.000000000000000000 ) ) ;
#10239 = ORIENTED_EDGE ( 'NONE', *, *, #10041, .T. ) ;
#10240 = LINE ( 'NONE', #3032, #5937 ) ;
#10242 = CIRCLE ( 'NONE', #6348, 3.499999999999999556 ) ;
#10241 = CALENDAR_DATE ( 2025, 10, 12 ) ;
#10243 = EDGE_CURVE ( 'NONE', #1695, #9112, #9734, .T. ) ;
#10244 = ORIENTED_EDGE ( 'NONE', *, *, #9200, .T. ) ;
#10245 = ORIENTED_EDGE ( 'NONE', *, *, #4271, .F. ) ;
#10246 = CARTESIAN_POINT ( 'NONE',  ( 1.579794370900085147E-15, 61.58591604948001219, 22.62980459382042753 ) ) ;
#10247 = CARTESIAN_POINT ( 'NONE',  ( 0.000000000000000000, 63.13591604948001645, 9.729804593820427172 ) ) ;
#10248 = EDGE_CURVE ( 'NONE', #2725, #613, #10377, .T. ) ;
#10249 = FACE_OUTER_BOUND ( 'NONE', #4030, .T. ) ;
#10250 = ORIENTED_EDGE ( 'NONE', *, *, #3813, .T. ) ;
#10251 = AXIS2_PLACEMENT_3D ( 'NONE', #4659, #10170, #6091 ) ;
#10252 = DIRECTION ( 'NONE',  ( -1.000000000000000000, 0.000000000000000000, -3.384826294588900223E-15 ) ) ;
#10253 = EDGE_LOOP ( 'NONE', ( #2888, #10042, #4420, #7940, #777 ) ) ;
#10254 = CARTESIAN_POINT ( 'NONE',  ( 0.000000000000000000, 59.13591604948001645, 0.2848045938204264438 ) ) ;
#10255 = CARTESIAN_POINT ( 'NONE',  ( 6.613092715395710425E-16, 55.08591604948001930, 4.329804593820426817 ) ) ;
#10256 = EDGE_LOOP ( 'NONE', ( #3771, #4084, #5616, #366 ) ) ;
#10257 = DIRECTION ( 'NONE',  ( 0.000000000000000000, 0.000000000000000000, 1.000000000000000000 ) ) ;
#10258 = CARTESIAN_POINT ( 'NONE',  ( -4.660649489949149960, 39.73591604948001077, 14.39045408376955848 ) ) ;
#10259 = VERTEX_POINT ( 'NONE', #8195 ) ;
#10260 = DIRECTION ( 'NONE',  ( 0.000000000000000000, 0.000000000000000000, 1.000000000000000000 ) ) ;
#10261 = CYLINDRICAL_SURFACE ( 'NONE', #4976, 1.749999999999999778 ) ;
#10262 = CARTESIAN_POINT ( 'NONE',  ( -0.8429606335300428022, 56.83591604948001930, -4.244794411886989138 ) ) ;
#10263 = DIRECTION ( 'NONE',  ( 0.1129614320333117844, 0.000000000000000000, -0.9935993734262231758 ) ) ;
#10264 = CARTESIAN_POINT ( 'NONE',  ( -3.470830210791410680E-23, 67.66091604948002214, 16.22980459382042895 ) ) ;
#10265 = CARTESIAN_POINT ( 'NONE',  ( 1.500000000000000444, 59.13591604948001645, -4.470195406179568565 ) ) ;
#10266 = ORIENTED_EDGE ( 'NONE', *, *, #2341, .T. ) ;
#10267 = CARTESIAN_POINT ( 'NONE',  ( -0.7071067811866390551, 39.73591604948001077, 10.43691137500703725 ) ) ;
#10268 = FACE_OUTER_BOUND ( 'NONE', #3576, .T. ) ;
#10269 = CARTESIAN_POINT ( 'NONE',  ( -9.252939098755220471, 37.23994810002849221, 17.56853013020241860 ) ) ;
#10270 = FACE_OUTER_BOUND ( 'NONE', #8292, .T. ) ;
#10271 = ORIENTED_EDGE ( 'NONE', *, *, #1384, .T. ) ;
#10272 = AXIS2_PLACEMENT_3D ( 'NONE', #6690, #1917, #56 ) ;
#10273 = EDGE_CURVE ( 'NONE', #9903, #8736, #2478, .T. ) ;
#10274 = CARTESIAN_POINT ( 'NONE',  ( -6.549445795587789831, 37.23591604948001077, 18.87678550397091826 ) ) ;
#10275 = DIRECTION ( 'NONE',  ( -0.000000000000000000, -1.000000000000000000, -0.000000000000000000 ) ) ;
#10276 = ORIENTED_EDGE ( 'NONE', *, *, #5841, .T. ) ;
#10277 = CLOSED_SHELL ( 'NONE', ( #7256, #1303, #7494, #7520, #6844, #3737 ) ) ;
#10278 = EDGE_LOOP ( 'NONE', ( #506, #6328, #6702, #6034, #3792 ) ) ;
#10279 = EDGE_CURVE ( 'NONE', #3356, #3661, #8836, .T. ) ;
#10280 = CARTESIAN_POINT ( 'NONE',  ( 0.000000000000000000, 56.83591604948001930, 11.22980459382042717 ) ) ;
#10281 = CYLINDRICAL_SURFACE ( 'NONE', #9728, 11.25000000000000000 ) ;
#10282 = ORIENTED_EDGE ( 'NONE', *, *, #7248, .F. ) ;
#10283 = EDGE_CURVE ( 'NONE', #10197, #5722, #928, .T. ) ;
#10284 = DIRECTION ( 'NONE',  ( 1.000000000000000000, 0.000000000000000000, 0.000000000000000000 ) ) ;
#10285 = EDGE_LOOP ( 'NONE', ( #6433, #8445, #3550, #764 ) ) ;
#10286 = DIRECTION ( 'NONE',  ( 0.000000000000000000, 1.000000000000000000, 0.000000000000000000 ) ) ;
#10287 = B_SPLINE_CURVE_WITH_KNOTS ( 'NONE', 3,
 ( #1431, #3112, #5440, #643, #8684, #2111, #9528, #2958, #3754, #10264 ),
 .UNSPECIFIED., .F., .F.,
 ( 4, 2, 2, 2, 4 ),
 ( 0.000000000000000000, 0.2500000000000000000, 0.5000000000000000000, 0.7500000000000000000, 1.000000000000000000 ),
 .UNSPECIFIED. ) ;
#10288 = ADVANCED_FACE ( 'NONE', ( #8891 ), #2320, .T. ) ;
#10289 = ORIENTED_EDGE ( 'NONE', *, *, #40, .F. ) ;
#10290 = VERTEX_POINT ( 'NONE', #6396 ) ;
#10291 = CARTESIAN_POINT ( 'NONE',  ( -13.33357132517714305, 37.77423283245924068, 10.72980459382028862 ) ) ;
#10292 = CARTESIAN_POINT ( 'NONE',  ( 4.616794899587770118, 50.29182918005297154, 8.729804593820427172 ) ) ;
#10293 = ORIENTED_EDGE ( 'NONE', *, *, #1948, .F. ) ;
#10294 = EDGE_CURVE ( 'NONE', #4225, #10436, #8182, .T. ) ;
#10295 = LINE ( 'NONE', #941, #9302 ) ;
#10296 = ORIENTED_EDGE ( 'NONE', *, *, #9417, .T. ) ;
#10297 = LINE ( 'NONE', #3634, #7761 ) ;
#10298 = AXIS2_PLACEMENT_3D ( 'NONE', #3903, #1681, #2520 ) ;
#10299 = CARTESIAN_POINT ( 'NONE',  ( -9.445000000000000284, 66.63591604948001645, 9.729804593820372105 ) ) ;
#10300 = EDGE_CURVE ( 'NONE', #5316, #4018, #944, .T. ) ;
#10301 = ORIENTED_EDGE ( 'NONE', *, *, #7871, .F. ) ;
#10302 = CIRCLE ( 'NONE', #7938, 1.000000000000000000 ) ;
#10303 = AXIS2_PLACEMENT_3D ( 'NONE', #654, #6948, #1395 ) ;
#10304 = FACE_OUTER_BOUND ( 'NONE', #3700, .T. ) ;
#10305 = ADVANCED_FACE ( 'NONE', ( #9625 ), #2598, .F. ) ;
#10306 = DIRECTION ( 'NONE',  ( 0.000000000000000000, 1.000000000000000000, 0.000000000000000000 ) ) ;
#10307 = ORIENTED_EDGE ( 'NONE', *, *, #5606, .F. ) ;
#10308 = CARTESIAN_POINT ( 'NONE',  ( 0.000000000000000000, 56.83591604948001930, 15.12980459382042753 ) ) ;
#10309 = CARTESIAN_POINT ( 'NONE',  ( 9.146980910150560362, 37.23591604948001077, 3.180358798232726603 ) ) ;
#10310 = CARTESIAN_POINT ( 'NONE',  ( -4.031128874149265684, 38.53591604948001503, 11.72980459382045026 ) ) ;
#10311 = CARTESIAN_POINT ( 'NONE',  ( 2.269462866248204551E-14, 66.63591604948001645, 0.2848045938204264438 ) ) ;
#10312 = VECTOR ( 'NONE', #8846, 1000.000000000000000 ) ;
#10313 = CYLINDRICAL_SURFACE ( 'NONE', #6847, 3.499999999999999556 ) ;
#10314 = ORIENTED_EDGE ( 'NONE', *, *, #9606, .T. ) ;
#10315 = DIRECTION ( 'NONE',  ( 0.000000000000000000, 1.000000000000000000, 0.000000000000000000 ) ) ;
#10316 = CARTESIAN_POINT ( 'NONE',  ( 0.000000000000000000, 63.13591604948001645, 9.729804593820427172 ) ) ;
#10317 = FACE_OUTER_BOUND ( 'NONE', #5187, .T. ) ;
#10318 = AXIS2_PLACEMENT_3D ( 'NONE', #5330, #8521, #4597 ) ;
#10319 = CARTESIAN_POINT ( 'NONE',  ( 9.960045879941709757, 38.53591604948001503, 2.598185838624937016 ) ) ;
#10320 = LINE ( 'NONE', #9382, #10069 ) ;
#10321 = ORIENTED_EDGE ( 'NONE', *, *, #8501, .T. ) ;
#10322 = LINE ( 'NONE', #3819, #10132 ) ;
#10323 = CARTESIAN_POINT ( 'NONE',  ( 4.031128874149265684, 41.03591604948000793, 8.729804593820427172 ) ) ;
#10324 = CIRCLE ( 'NONE', #8808, 1.100000000000000311 ) ;
#10325 = ORIENTED_EDGE ( 'NONE', *, *, #4541, .T. ) ;
#10326 = EDGE_CURVE ( 'NONE', #1111, #1099, #4287, .T. ) ;
#10327 = EDGE_LOOP ( 'NONE', ( #10271, #1982, #4238, #6890, #227, #250, #4526, #2239, #6211, #1357, #5128, #6691, #2007, #6648, #2646, #8825, #9680, #6630, #4449, #6576 ) ) ;
#10328 = CARTESIAN_POINT ( 'NONE',  ( 13.96424004376894068, 39.23591604948001077, 8.729804593820475134 ) ) ;
#10329 = CIRCLE ( 'NONE', #221, 0.09999999999999982514 ) ;
#10330 = CARTESIAN_POINT ( 'NONE',  ( -1.191324020498840675, 66.47414057594350822, 0.3602268997494618152 ) ) ;
#10331 = VERTEX_POINT ( 'NONE', #743 ) ;
#10332 = DIRECTION ( 'NONE',  ( 0.000000000000000000, 0.000000000000000000, -1.000000000000000000 ) ) ;
#10333 = ORIENTED_EDGE ( 'NONE', *, *, #10206, .F. ) ;
#10334 = CYLINDRICAL_SURFACE ( 'NONE', #556, 2.000000000000000000 ) ;
#10335 = PERSON_AND_ORGANIZATION_ROLE ( 'creator' ) ;
#10336 = ADVANCED_FACE ( 'NONE', ( #3953 ), #4848, .F. ) ;
#10337 = ORIENTED_EDGE ( 'NONE', *, *, #7969, .T. ) ;
#10338 = CARTESIAN_POINT ( 'NONE',  ( -13.96424004376893890, 38.98155058613266988, 10.72980459382027973 ) ) ;
#10339 = CARTESIAN_POINT ( 'NONE',  ( 0.000000000000000000, 39.23591604948001077, 9.729804593820427172 ) ) ;
#10340 = CARTESIAN_POINT ( 'NONE',  ( -6.418685366328218400, 66.77211681674718591, 10.75473296855934713 ) ) ;
#10341 = ORIENTED_EDGE ( 'NONE', *, *, #5702, .F. ) ;
#10342 = CARTESIAN_POINT ( 'NONE',  ( -9.167102047879080118, 38.98256680740743718, -0.8515110164319801278 ) ) ;
#10343 = ORIENTED_EDGE ( 'NONE', *, *, #8866, .T. ) ;
#10344 = CARTESIAN_POINT ( 'NONE',  ( 8.985467126085790568, 40.23591604948001077, 2.158551030107766167 ) ) ;
#10345 = DIRECTION ( 'NONE',  ( 0.000000000000000000, 1.000000000000000000, 0.000000000000000000 ) ) ;
#10346 = EDGE_LOOP ( 'NONE', ( #3618, #8187, #6007, #6523 ) ) ;
#10347 = EDGE_CURVE ( 'NONE', #6041, #4885, #9516, .T. ) ;
#10348 = ORIENTED_EDGE ( 'NONE', *, *, #4087, .F. ) ;
#10349 = CYLINDRICAL_SURFACE ( 'NONE', #6561, 1.000000000000000000 ) ;
#10350 = PLANE ( 'NONE',  #3347 ) ;
#10351 = VECTOR ( 'NONE', #5782, 1000.000000000000000 ) ;
#10352 = ORIENTED_EDGE ( 'NONE', *, *, #2226, .T. ) ;
#10353 = LINE ( 'NONE', #6391, #9206 ) ;
#10354 = CARTESIAN_POINT ( 'NONE',  ( 0.000000000000000000, 74.83591604948000509, 9.729804593820427172 ) ) ;
#10355 = EDGE_CURVE ( 'NONE', #4318, #5673, #9298, .T. ) ;
#10356 = CYLINDRICAL_SURFACE ( 'NONE', #5653, 1.025000000000000133 ) ;
#10357 = DIRECTION ( 'NONE',  ( 0.000000000000000000, 0.000000000000000000, -1.000000000000000000 ) ) ;
#10358 = AXIS2_PLACEMENT_3D ( 'NONE', #2963, #9585, #600 ) ;
#10359 = DIRECTION ( 'NONE',  ( 0.000000000000000000, 0.000000000000000000, -1.000000000000000000 ) ) ;
#10360 = EDGE_CURVE ( 'NONE', #4368, #265, #10023, .T. ) ;
#10361 = FACE_OUTER_BOUND ( 'NONE', #5590, .T. ) ;
#10362 = ORIENTED_EDGE ( 'NONE', *, *, #2240, .F. ) ;
#10363 = ADVANCED_FACE ( 'NONE', ( #3515 ), #462, .F. ) ;
#10364 = AXIS2_PLACEMENT_3D ( 'NONE', #9448, #665, #3874 ) ;
#10365 = CARTESIAN_POINT ( 'NONE',  ( 7.742349322190980487, 37.23591604948001077, 0.5615971914342370308 ) ) ;
#10366 = AXIS2_PLACEMENT_3D ( 'NONE', #8847, #3225, #8152 ) ;
#10367 = CARTESIAN_POINT ( 'NONE',  ( -10.44090513317689961, 36.84381467316708836, 10.72980459382042540 ) ) ;
#10368 = CARTESIAN_POINT ( 'NONE',  ( -9.415619516683909396, 67.63555092719929007, 8.982455980261986994 ) ) ;
#10369 = VECTOR ( 'NONE', #6038, 1000.000000000000000 ) ;
#10370 = CYLINDRICAL_SURFACE ( 'NONE', #1445, 1.025000000000000133 ) ;
#10371 = ADVANCED_FACE ( 'NONE', ( #5151 ), #4466, .F. ) ;
#10372 = CARTESIAN_POINT ( 'NONE',  ( 0.000000000000000000, 63.43591604948001361, 9.729804593820427172 ) ) ;
#10373 = CARTESIAN_POINT ( 'NONE',  ( 0.000000000000000000, 37.23591604948001077, 9.729804593820427172 ) ) ;
#10374 = ORIENTED_EDGE ( 'NONE', *, *, #8809, .T. ) ;
#10375 = DIRECTION ( 'NONE',  ( 0.000000000000000000, 0.000000000000000000, 1.000000000000000000 ) ) ;
#10376 = DIRECTION ( 'NONE',  ( -0.9935993734262231758, 0.000000000000000000, -0.1129614320333122424 ) ) ;
#10377 = CIRCLE ( 'NONE', #256, 14.00000000000000000 ) ;
#10378 = AXIS2_PLACEMENT_3D ( 'NONE', #2470, #7338, #9775 ) ;
#10379 = ORIENTED_EDGE ( 'NONE', *, *, #9084, .F. ) ;
#10380 = CARTESIAN_POINT ( 'NONE',  ( -0.5999999999999999778, 57.53491604948001736, -7.270195406179567499 ) ) ;
#10381 = ORIENTED_EDGE ( 'NONE', *, *, #2993, .F. ) ;
#10382 = DIRECTION ( 'NONE',  ( -0.9935993734262231758, 0.000000000000000000, -0.1129614320333118260 ) ) ;
#10383 = DIRECTION ( 'NONE',  ( 0.000000000000000000, 0.000000000000000000, 1.000000000000000000 ) ) ;
#10384 = ORIENTED_EDGE ( 'NONE', *, *, #8617, .T. ) ;
#10385 = AXIS2_PLACEMENT_3D ( 'NONE', #1379, #6444, #10263 ) ;
#10386 = AXIS2_PLACEMENT_3D ( 'NONE', #1859, #10376, #8697 ) ;
#10387 = AXIS2_PLACEMENT_3D ( 'NONE', #4136, #7364, #2338 ) ;
#10388 = ORIENTED_EDGE ( 'NONE', *, *, #1956, .T. ) ;
#10389 = LINE ( 'NONE', #9605, #5480 ) ;
#10390 = CIRCLE ( 'NONE', #3127, 1.000000000000000888 ) ;
#10391 = VERTEX_POINT ( 'NONE', #3727 ) ;
#10392 = LINE ( 'NONE', #8556, #9812 ) ;
#10393 = LINE ( 'NONE', #7165, #6770 ) ;
#10394 = CARTESIAN_POINT ( 'NONE',  ( -1.555555555555555136, 38.53591604948001503, 6.594482136148766216 ) ) ;
#10395 = ORIENTED_EDGE ( 'NONE', *, *, #1547, .T. ) ;
#10396 = CARTESIAN_POINT ( 'NONE',  ( -8.089941602581399493, 38.53591604948001503, 3.054076553611986267 ) ) ;
#10397 = ORIENTED_EDGE ( 'NONE', *, *, #8168, .F. ) ;
#10398 = DIRECTION ( 'NONE',  ( 1.000000000000000000, 0.000000000000000000, 5.727727414766670090E-15 ) ) ;
#10399 = AXIS2_PLACEMENT_3D ( 'NONE', #589, #7033, #5626 ) ;
#10400 = EDGE_CURVE ( 'NONE', #10006, #4082, #8496, .T. ) ;
#10401 = DIRECTION ( 'NONE',  ( 0.000000000000000000, 1.000000000000000000, 0.000000000000000000 ) ) ;
#10402 = ORIENTED_EDGE ( 'NONE', *, *, #7198, .F. ) ;
#10403 = ORIENTED_EDGE ( 'NONE', *, *, #9833, .T. ) ;
#10404 = AXIS2_PLACEMENT_3D ( 'NONE', #127, #9591, #4069 ) ;
#10405 = CARTESIAN_POINT ( 'NONE',  ( 0.000000000000000000, 63.43591604948001361, 9.729804593820427172 ) ) ;
#10406 = CARTESIAN_POINT ( 'NONE',  ( -9.429631293553182303, 65.49674835561174291, 9.186143006374814846 ) ) ;
#10407 = ORIENTED_EDGE ( 'NONE', *, *, #3761, .F. ) ;
#10408 = DIRECTION ( 'NONE',  ( -0.2670038758024720349, 0.000000000000000000, 0.9636954551654055567 ) ) ;
#10409 = LINE ( 'NONE', #9039, #102 ) ;
#10410 = CARTESIAN_POINT ( 'NONE',  ( -12.08563196527182093, 38.53591604948001503, 8.729804593820313485 ) ) ;
#10411 = EDGE_CURVE ( 'NONE', #4365, #4885, #6167, .T. ) ;
#10412 = DIRECTION ( 'NONE',  ( 0.000000000000000000, -1.000000000000000000, 0.000000000000000000 ) ) ;
#10413 = AXIS2_PLACEMENT_3D ( 'NONE', #6457, #4809, #10423 ) ;
#10414 = CARTESIAN_POINT ( 'NONE',  ( -2.399999999999999467, 59.14591604948001446, -4.470195406179568565 ) ) ;
#10415 = VERTEX_POINT ( 'NONE', #6908 ) ;
#10416 = AXIS2_PLACEMENT_3D ( 'NONE', #6105, #9634, #6159 ) ;
#10417 = EDGE_CURVE ( 'NONE', #9774, #932, #426, .T. ) ;
#10418 = DIRECTION ( 'NONE',  ( 0.1129614320333118260, 0.000000000000000000, -0.9935993734262231758 ) ) ;
#10419 = DIRECTION ( 'NONE',  ( 0.000000000000000000, 0.000000000000000000, -1.000000000000000000 ) ) ;
#10420 = CYLINDRICAL_SURFACE ( 'NONE', #10200, 3.499999999999999556 ) ;
#10421 = CARTESIAN_POINT ( 'NONE',  ( -6.993179104988219486, 38.53591604948001503, 18.69947960219402816 ) ) ;
#10422 = DIRECTION ( 'NONE',  ( 0.000000000000000000, -1.000000000000000000, 0.000000000000000000 ) ) ;
#10423 = DIRECTION ( 'NONE',  ( 0.000000000000000000, 0.000000000000000000, -1.000000000000000000 ) ) ;
#10424 = VERTEX_POINT ( 'NONE', #8444 ) ;
#10425 = EDGE_CURVE ( 'NONE', #6085, #2441, #9702, .T. ) ;
#10426 = CARTESIAN_POINT ( 'NONE',  ( -3.135322457671668506, 39.73591604948001077, 8.174249038264891354 ) ) ;
#10427 = LINE ( 'NONE', #4813, #6318 ) ;
#10428 = ORIENTED_EDGE ( 'NONE', *, *, #828, .T. ) ;
#10429 = EDGE_CURVE ( 'NONE', #950, #92, #9544, .T. ) ;
#10430 = ORIENTED_EDGE ( 'NONE', *, *, #5975, .F. ) ;
#10431 = EDGE_CURVE ( 'NONE', #5277, #10152, #3445, .T. ) ;
#10432 = DIRECTION ( 'NONE',  ( 0.000000000000000000, 0.000000000000000000, -1.000000000000000000 ) ) ;
#10433 = AXIS2_PLACEMENT_3D ( 'NONE', #10405, #3744, #7176 ) ;
#10434 = DIRECTION ( 'NONE',  ( 0.000000000000000000, -1.000000000000000000, 0.000000000000000000 ) ) ;
#10435 = VERTEX_POINT ( 'NONE', #2082 ) ;
#10436 = VERTEX_POINT ( 'NONE', #10189 ) ;
#10437 = LINE ( 'NONE', #8058, #598 ) ;
#10438 = CIRCLE ( 'NONE', #10105, 13.79999999999999716 ) ;
#10439 = CIRCLE ( 'NONE', #1333, 1.000000000000000888 ) ;
#10440 = ORIENTED_EDGE ( 'NONE', *, *, #7174, .F. ) ;
#10441 = CARTESIAN_POINT ( 'NONE',  ( -12.08563196527184047, 80.83389579592666507, 11.72980459382031171 ) ) ;
#10442 = DIRECTION ( 'NONE',  ( 0.000000000000000000, -1.000000000000000000, 0.000000000000000000 ) ) ;
#10443 = DIRECTION ( 'NONE',  ( -0.000000000000000000, 1.000000000000000000, -0.000000000000000000 ) ) ;
#10444 = VERTEX_POINT ( 'NONE', #4417 ) ;
#10445 = DIRECTION ( 'NONE',  ( 0.000000000000000000, 0.000000000000000000, 1.000000000000000000 ) ) ;
#10446 = VERTEX_POINT ( 'NONE', #8551 ) ;
#10447 = CARTESIAN_POINT ( 'NONE',  ( 2.000000000000000000, 38.53591604948001503, 13.76093346796969286 ) ) ;
#10448 = FACE_OUTER_BOUND ( 'NONE', #4838, .T. ) ;
#10449 = ORIENTED_EDGE ( 'NONE', *, *, #1459, .T. ) ;
#10450 = VERTEX_POINT ( 'NONE', #2931 ) ;
#10451 = CARTESIAN_POINT ( 'NONE',  ( 1.054633282688496765, 63.83591604948001219, 7.890232727619665098 ) ) ;
#10452 = CARTESIAN_POINT ( 'NONE',  ( -9.445029111990221438, 65.36066421116676395, 9.569890077524798144 ) ) ;
#10453 = ADVANCED_FACE ( 'NONE', ( #6964 ), #1980, .T. ) ;
ENDSEC;
END-ISO-10303-21;
